AccessOrder,LoadPC,CacheLineAddr,Hit
1,0x55555556750e,0x1f81b22e,0
2,0x55555556750e,0x1f81b22f,0
3,0x55555556750e,0x1f81b230,0
4,0x555555567525,0x1f81b231,0
5,0x555555567525,0x1f81b232,0
6,0x555555567525,0x1f81b233,0
7,0x555555567525,0x1f81b234,0
8,0x55555556750e,0x1f81b235,0
9,0x55555556750e,0x1f81b236,0
10,0x555555567525,0x1f81b237,0
11,0x55555556750e,0x1f81b238,0
12,0x555555567525,0x1f81b239,0
13,0x555555567525,0x1f81b23a,0
14,0x55555556750e,0x1f81b23b,0
15,0x555555567525,0x1f81b23c,0
16,0x555555567525,0x1f81b23d,0
17,0x55555556750e,0x1f81b23e,0
18,0x55555556750e,0x1f81b23f,0
19,0x555555567525,0x111b6a00,0
20,0x555555567525,0x111b6a01,0
21,0x55555556750e,0x111b6a02,0
22,0x55555556750e,0x111b6a03,0
23,0x55555556750e,0x111b6a04,0
24,0x55555556750e,0x111b6a05,0
25,0x555555567525,0x111b6a06,0
26,0x55555556750e,0x111b6a07,0
27,0x55555556750e,0x111b6a08,0
28,0x55555556750e,0x111b6a09,0
29,0x555555567525,0x111b6a0a,0
30,0x555555567525,0x111b6a0b,0
31,0x555555567525,0x111b6a0c,0
32,0x55555556750e,0x111b6a0d,0
33,0x555555567525,0x111b6a0e,0
34,0x55555556750e,0x111b6a0f,0
35,0x555555567525,0x111b6a10,0
36,0x555555567525,0x111b6a11,0
37,0x555555567525,0x111b6a12,0
38,0x555555567525,0x111b6a13,0
39,0x555555567525,0x111b6a14,0
40,0x55555556750e,0x111b6a15,0
41,0x555555567525,0x111b6a16,0
42,0x55555556750e,0x111b6a17,0
43,0x55555556750e,0x111b6a18,0
44,0x555555567525,0x111b6a19,0
45,0x55555556750e,0x111b6a1a,0
46,0x555555567525,0x111b6a1b,0
47,0x555555567525,0x111b6a1c,0
48,0x555555567525,0x111b6a1d,0
49,0x555555567525,0x111b6a1e,0
50,0x55555556750e,0x111b6a1f,0
51,0x555555567525,0x111b6a20,0
52,0x55555556750e,0x111b6a21,0
53,0x555555567525,0x111b6a22,0
54,0x55555556750e,0x111b6a23,0
55,0x55555556750e,0x111b6a24,0
56,0x555555567525,0x111b6a25,0
57,0x55555556750e,0x111b6a26,0
58,0x55555556750e,0x111b6a27,0
59,0x555555567525,0x111b6a28,0
60,0x555555567525,0x111b6a29,0
61,0x555555567525,0x111b6a2a,0
62,0x55555556750e,0x111b6a2b,0
63,0x55555556750e,0x111b6a2c,0
64,0x55555556750e,0x111b6a2d,0
65,0x555555567525,0x111b6a2e,0
66,0x55555556750e,0x111b6a2f,0
67,0x55555556750e,0x111b6a30,0
68,0x555555567525,0x111b6a31,0
69,0x555555567525,0x111b6a32,0
70,0x55555556750e,0x111b6a33,0
71,0x55555556750e,0x111b6a34,0
72,0x55555556750e,0x111b6a35,0
73,0x55555556750e,0x111b6a36,0
74,0x55555556750e,0x111b6a37,0
75,0x555555567525,0x111b6a38,0
76,0x55555556750e,0x111b6a39,0
77,0x55555556750e,0x111b6a3a,0
78,0x555555567525,0x111b6a3b,0
79,0x55555556750e,0x111b6a3c,0
80,0x55555556750e,0x111b6a3d,0
81,0x55555556750e,0x111b6a3e,0
82,0x55555556750e,0x111b6a3f,0
83,0x555555567525,0x37ece880,0
84,0x55555556750e,0x37ece881,0
85,0x555555567525,0x37ece882,0
86,0x555555567525,0x37ece883,0
87,0x55555556750e,0x37ece884,0
88,0x555555567525,0x37ece885,0
89,0x555555567525,0x37ece886,0
90,0x555555567525,0x37ece887,0
91,0x555555567525,0x37ece888,0
92,0x55555556750e,0x37ece889,0
93,0x555555567525,0x37ece88a,0
94,0x55555556750e,0x37ece88b,0
95,0x55555556750e,0x37ece88c,0
96,0x55555556750e,0x37ece88d,0
97,0x555555567525,0x37ece88e,0
98,0x555555567525,0x37ece88f,0
99,0x55555556750e,0x37ece890,0
100,0x555555567525,0x37ece891,0
101,0x55555556750e,0x37ece892,0
102,0x55555556750e,0x37ece893,0
103,0x55555556750e,0x37ece894,0
104,0x55555556750e,0x37ece895,0
105,0x55555556750e,0x37ece896,0
106,0x55555556750e,0x37ece897,0
107,0x55555556750e,0x37ece898,0
108,0x55555556750e,0x37ece899,0
109,0x55555556750e,0x37ece89a,0
110,0x55555556750e,0x37ece89b,0
111,0x555555567525,0x37ece89c,0
112,0x555555567525,0x37ece89d,0
113,0x55555556750e,0x37ece89e,0
114,0x55555556750e,0x37ece89f,0
115,0x55555556750e,0x37ece8a0,0
116,0x555555567525,0x37ece8a1,0
117,0x55555556750e,0x37ece8a2,0
118,0x55555556750e,0x37ece8a3,0
119,0x55555556750e,0x37ece8a4,0
120,0x55555556750e,0x37ece8a5,0
121,0x55555556750e,0x37ece8a6,0
122,0x555555567525,0x37ece8a7,0
123,0x55555556750e,0x37ece8a8,0
124,0x55555556750e,0x37ece8a9,0
125,0x55555556750e,0x37ece8aa,0
126,0x555555567525,0x37ece8ab,0
127,0x55555556750e,0x37ece8ac,0
128,0x55555556750e,0x37ece8ad,0
129,0x555555567525,0x37ece8ae,0
130,0x555555567525,0x37ece8af,0
131,0x55555556750e,0x37ece8b0,0
132,0x555555567525,0x37ece8b1,0
133,0x555555567525,0x37ece8b2,0
134,0x55555556750e,0x37ece8b3,0
135,0x555555567525,0x37ece8b4,0
136,0x55555556750e,0x37ece8b5,0
137,0x55555556750e,0x37ece8b6,0
138,0x55555556750e,0x37ece8b7,0
139,0x55555556750e,0x37ece8b8,0
140,0x55555556750e,0x37ece8b9,0
141,0x55555556750e,0x37ece8ba,0
142,0x55555556750e,0x37ece8bb,0
143,0x555555567525,0x37ece8bc,0
144,0x555555567525,0x37ece8bd,0
145,0x555555567525,0x37ece8be,0
146,0x555555567525,0x37ece8bf,0
147,0x555555567525,0xdf3d980,0
148,0x555555567525,0xdf3d981,0
149,0x555555567525,0xdf3d982,0
150,0x555555567525,0xdf3d983,0
151,0x55555556750e,0xdf3d984,0
152,0x555555567525,0xdf3d985,0
153,0x55555556750e,0xdf3d986,0
154,0x55555556750e,0xdf3d987,0
155,0x555555567525,0xdf3d988,0
156,0x55555556750e,0xdf3d989,0
157,0x55555556750e,0xdf3d98a,0
158,0x55555556750e,0xdf3d98b,0
159,0x55555556750e,0xdf3d98c,0
160,0x555555567525,0xdf3d98d,0
161,0x55555556750e,0xdf3d98e,0
162,0x555555567525,0xdf3d98f,0
163,0x555555567525,0xdf3d990,0
164,0x555555567525,0xdf3d991,0
165,0x555555567525,0xdf3d992,0
166,0x555555567525,0xdf3d993,0
167,0x55555556750e,0xdf3d994,0
168,0x555555567525,0xdf3d995,0
169,0x55555556750e,0xdf3d996,0
170,0x555555567525,0xdf3d997,0
171,0x55555556750e,0xdf3d998,0
172,0x555555567525,0xdf3d999,0
173,0x55555556750e,0xdf3d99a,0
174,0x55555556750e,0xdf3d99b,0
175,0x555555567525,0xdf3d99c,0
176,0x555555567525,0xdf3d99d,0
177,0x55555556750e,0xdf3d99e,0
178,0x55555556750e,0xdf3d99f,0
179,0x55555556750e,0xdf3d9a0,0
180,0x555555567525,0xdf3d9a1,0
181,0x555555567525,0xdf3d9a2,0
182,0x55555556750e,0xdf3d9a3,0
183,0x555555567525,0xdf3d9a4,0
184,0x55555556750e,0xdf3d9a5,0
185,0x555555567525,0xdf3d9a6,0
186,0x55555556750e,0xdf3d9a7,0
187,0x55555556750e,0xdf3d9a8,0
188,0x555555567525,0xdf3d9a9,0
189,0x555555567525,0xdf3d9aa,0
190,0x55555556750e,0xdf3d9ab,0
191,0x555555567525,0xdf3d9ac,0
192,0x55555556750e,0xdf3d9ad,0
193,0x55555556750e,0xdf3d9ae,0
194,0x55555556750e,0xdf3d9af,0
195,0x55555556750e,0xdf3d9b0,0
196,0x555555567525,0xdf3d9b1,0
197,0x555555567525,0xdf3d9b2,0
198,0x55555556750e,0xdf3d9b3,0
199,0x555555567525,0xdf3d9b4,0
200,0x55555556750e,0xdf3d9b5,0
201,0x55555556750e,0xdf3d9b6,0
202,0x55555556750e,0xdf3d9b7,0
203,0x55555556750e,0xdf3d9b8,0
204,0x55555556750e,0xdf3d9b9,0
205,0x555555567525,0xdf3d9ba,0
206,0x55555556750e,0xdf3d9bb,0
207,0x555555567525,0xdf3d9bc,0
208,0x55555556750e,0xdf3d9bd,0
209,0x55555556750e,0xdf3d9be,0
210,0x55555556750e,0xdf3d9bf,0
211,0x555555567525,0x6bd3dc0,0
212,0x555555567525,0x6bd3dc1,0
213,0x55555556750e,0x6bd3dc2,0
214,0x555555567525,0x6bd3dc3,0
215,0x55555556750e,0x6bd3dc4,0
216,0x55555556750e,0x6bd3dc5,0
217,0x555555567525,0x6bd3dc6,0
218,0x555555567525,0x6bd3dc7,0
219,0x55555556750e,0x6bd3dc8,0
220,0x55555556750e,0x6bd3dc9,0
221,0x55555556750e,0x6bd3dca,0
222,0x555555567525,0x6bd3dcb,0
223,0x55555556750e,0x6bd3dcc,0
224,0x55555556750e,0x6bd3dcd,0
225,0x55555556750e,0x6bd3dce,0
226,0x555555567525,0x6bd3dcf,0
227,0x55555556750e,0x6bd3dd0,0
228,0x55555556750e,0x6bd3dd1,0
229,0x555555567525,0x6bd3dd2,0
230,0x55555556750e,0x6bd3dd3,0
231,0x55555556750e,0x6bd3dd4,0
232,0x555555567525,0x6bd3dd5,0
233,0x555555567525,0x6bd3dd6,0
234,0x55555556750e,0x6bd3dd7,0
235,0x555555567525,0x6bd3dd8,0
236,0x55555556750e,0x6bd3dd9,0
237,0x55555556750e,0x6bd3dda,0
238,0x55555556750e,0x6bd3ddb,0
239,0x555555567525,0x6bd3ddc,0
240,0x555555567525,0x6bd3ddd,0
241,0x55555556750e,0x6bd3dde,0
242,0x55555556750e,0x6bd3ddf,0
243,0x55555556750e,0x6bd3de0,0
244,0x555555567525,0x6bd3de1,0
245,0x55555556750e,0x6bd3de2,0
246,0x55555556750e,0x6bd3de3,0
247,0x55555556750e,0x6bd3de4,0
248,0x555555567525,0x6bd3de5,0
249,0x555555567525,0x6bd3de6,0
250,0x555555567525,0x6bd3de7,0
251,0x555555567525,0x6bd3de8,0
252,0x555555567525,0x6bd3de9,0
253,0x55555556750e,0x6bd3dea,0
254,0x55555556750e,0x6bd3deb,0
255,0x555555567525,0x6bd3dec,0
256,0x55555556750e,0x6bd3ded,0
257,0x555555567525,0x6bd3dee,0
258,0x55555556750e,0x6bd3def,0
259,0x55555556750e,0x6bd3df0,0
260,0x555555567525,0x6bd3df1,0
261,0x555555567525,0x6bd3df2,0
262,0x55555556750e,0x6bd3df3,0
263,0x555555567525,0x6bd3df4,0
264,0x55555556750e,0x6bd3df5,0
265,0x555555567525,0x6bd3df6,0
266,0x555555567525,0x6bd3df7,0
267,0x555555567525,0x6bd3df8,0
268,0x55555556750e,0x6bd3df9,0
269,0x555555567525,0x6bd3dfa,0
270,0x55555556750e,0x6bd3dfb,0
271,0x555555567525,0x6bd3dfc,0
272,0x55555556750e,0x6bd3dfd,0
273,0x55555556750e,0x6bd3dfe,0
274,0x55555556750e,0x6bd3dff,0
275,0x555555567525,0x38ebd4c0,0
276,0x55555556750e,0x38ebd4c1,0
277,0x555555567525,0x38ebd4c2,0
278,0x555555567525,0x38ebd4c3,0
279,0x55555556750e,0x38ebd4c4,0
280,0x555555567525,0x38ebd4c5,0
281,0x555555567525,0x38ebd4c6,0
282,0x555555567525,0x38ebd4c7,0
283,0x55555556750e,0x38ebd4c8,0
284,0x555555567525,0x38ebd4c9,0
285,0x55555556750e,0x38ebd4ca,0
286,0x555555567525,0x38ebd4cb,0
287,0x55555556750e,0x38ebd4cc,0
288,0x555555567525,0x38ebd4cd,0
289,0x555555567525,0x38ebd4ce,0
290,0x55555556750e,0x38ebd4cf,0
291,0x555555567525,0x38ebd4d0,0
292,0x555555567525,0x38ebd4d1,0
293,0x555555567525,0x38ebd4d2,0
294,0x55555556750e,0x38ebd4d3,0
295,0x555555567525,0x38ebd4d4,0
296,0x55555556750e,0x38ebd4d5,0
297,0x55555556750e,0x38ebd4d6,0
298,0x555555567525,0x38ebd4d7,0
299,0x55555556750e,0x38ebd4d8,0
300,0x555555567525,0x38ebd4d9,0
301,0x55555556750e,0x38ebd4da,0
302,0x555555567525,0x38ebd4db,0
303,0x555555567525,0x38ebd4dc,0
304,0x55555556750e,0x38ebd4dd,0
305,0x55555556750e,0x38ebd4de,0
306,0x555555567525,0x38ebd4df,0
307,0x555555567525,0x38ebd4e0,0
308,0x55555556750e,0x38ebd4e1,0
309,0x555555567525,0x38ebd4e2,0
310,0x55555556750e,0x38ebd4e3,0
311,0x555555567525,0x38ebd4e4,0
312,0x555555567525,0x38ebd4e5,0
313,0x55555556750e,0x38ebd4e6,0
314,0x555555567525,0x38ebd4e7,0
315,0x555555567525,0x38ebd4e8,0
316,0x55555556750e,0x38ebd4e9,0
317,0x555555567525,0x38ebd4ea,0
318,0x55555556750e,0x38ebd4eb,0
319,0x555555567525,0x38ebd4ec,0
320,0x555555567525,0x38ebd4ed,0
321,0x55555556750e,0x38ebd4ee,0
322,0x555555567525,0x38ebd4ef,0
323,0x55555556750e,0x38ebd4f0,0
324,0x555555567525,0x38ebd4f1,0
325,0x55555556750e,0x38ebd4f2,0
326,0x55555556750e,0x38ebd4f3,0
327,0x55555556750e,0x38ebd4f4,0
328,0x55555556750e,0x38ebd4f5,0
329,0x55555556750e,0x38ebd4f6,0
330,0x55555556750e,0x38ebd4f7,0
331,0x55555556750e,0x38ebd4f8,0
332,0x55555556750e,0x38ebd4f9,0
333,0x55555556750e,0x38ebd4fa,0
334,0x55555556750e,0x38ebd4fb,0
335,0x555555567525,0x38ebd4fc,0
336,0x55555556750e,0x38ebd4fd,0
337,0x55555556750e,0x38ebd4fe,0
338,0x55555556750e,0x38ebd4ff,0
339,0x555555567525,0x26a52380,0
340,0x555555567525,0x26a52381,0
341,0x55555556750e,0x26a52382,0
342,0x555555567525,0x26a52383,0
343,0x55555556750e,0x26a52384,0
344,0x555555567525,0x26a52385,0
345,0x55555556750e,0x26a52386,0
346,0x55555556750e,0x26a52387,0
347,0x55555556750e,0x26a52388,0
348,0x555555567525,0x26a52389,0
349,0x555555567525,0x26a5238a,0
350,0x55555556750e,0x26a5238b,0
351,0x555555567525,0x26a5238c,0
352,0x55555556750e,0x26a5238d,0
353,0x55555556750e,0x26a5238e,0
354,0x55555556750e,0x26a5238f,0
355,0x555555567525,0x26a52390,0
356,0x555555567525,0x26a52391,0
357,0x55555556750e,0x26a52392,0
358,0x55555556750e,0x26a52393,0
359,0x55555556750e,0x26a52394,0
360,0x555555567525,0x26a52395,0
361,0x55555556750e,0x26a52396,0
362,0x555555567525,0x26a52397,0
363,0x55555556750e,0x26a52398,0
364,0x55555556750e,0x26a52399,0
365,0x55555556750e,0x26a5239a,0
366,0x555555567525,0x26a5239b,0
367,0x555555567525,0x26a5239c,0
368,0x55555556750e,0x26a5239d,0
369,0x55555556750e,0x26a5239e,0
370,0x55555556750e,0x26a5239f,0
371,0x55555556750e,0x26a523a0,0
372,0x55555556750e,0x26a523a1,0
373,0x55555556750e,0x26a523a2,0
374,0x55555556750e,0x26a523a3,0
375,0x555555567525,0x26a523a4,0
376,0x555555567525,0x26a523a5,0
377,0x55555556750e,0x26a523a6,0
378,0x555555567525,0x26a523a7,0
379,0x555555567525,0x26a523a8,0
380,0x55555556750e,0x26a523a9,0
381,0x55555556750e,0x26a523aa,0
382,0x555555567525,0x26a523ab,0
383,0x55555556750e,0x26a523ac,0
384,0x555555567525,0x26a523ad,0
385,0x55555556750e,0x26a523ae,0
386,0x55555556750e,0x26a523af,0
387,0x55555556750e,0x26a523b0,0
388,0x555555567525,0x26a523b1,0
389,0x55555556750e,0x26a523b2,0
390,0x55555556750e,0x26a523b3,0
391,0x55555556750e,0x26a523b4,0
392,0x55555556750e,0x26a523b5,0
393,0x55555556750e,0x26a523b6,0
394,0x555555567525,0x26a523b7,0
395,0x55555556750e,0x26a523b8,0
396,0x55555556750e,0x26a523b9,0
397,0x55555556750e,0x26a523ba,0
398,0x55555556750e,0x26a523bb,0
399,0x555555567525,0x26a523bc,0
400,0x555555567525,0x26a523bd,0
401,0x55555556750e,0x26a523be,0
402,0x555555567525,0x26a523bf,0
403,0x55555556750e,0x1e343fc0,0
404,0x555555567525,0x1e343fc1,0
405,0x55555556750e,0x1e343fc2,0
406,0x555555567525,0x1e343fc3,0
407,0x55555556750e,0x1e343fc4,0
408,0x555555567525,0x1e343fc5,0
409,0x555555567525,0x1e343fc6,0
410,0x55555556750e,0x1e343fc7,0
411,0x55555556750e,0x1e343fc8,0
412,0x55555556750e,0x1e343fc9,0
413,0x55555556750e,0x1e343fca,0
414,0x55555556750e,0x1e343fcb,0
415,0x55555556750e,0x1e343fcc,0
416,0x55555556750e,0x1e343fcd,0
417,0x555555567525,0x1e343fce,0
418,0x55555556750e,0x1e343fcf,0
419,0x555555567525,0x1e343fd0,0
420,0x555555567525,0x1e343fd1,0
421,0x555555567525,0x1e343fd2,0
422,0x55555556750e,0x1e343fd3,0
423,0x555555567525,0x1e343fd4,0
424,0x55555556750e,0x1e343fd5,0
425,0x555555567525,0x1e343fd6,0
426,0x55555556750e,0x1e343fd7,0
427,0x55555556750e,0x1e343fd8,0
428,0x555555567525,0x1e343fd9,0
429,0x55555556750e,0x1e343fda,0
430,0x555555567525,0x1e343fdb,0
431,0x555555567525,0x1e343fdc,0
432,0x55555556750e,0x1e343fdd,0
433,0x55555556750e,0x1e343fde,0
434,0x55555556750e,0x1e343fdf,0
435,0x555555567525,0x1e343fe0,0
436,0x55555556750e,0x1e343fe1,0
437,0x555555567525,0x1e343fe2,0
438,0x55555556750e,0x1e343fe3,0
439,0x555555567525,0x1e343fe4,0
440,0x55555556750e,0x1e343fe5,0
441,0x555555567525,0x1e343fe6,0
442,0x55555556750e,0x1e343fe7,0
443,0x55555556750e,0x1e343fe8,0
444,0x555555567525,0x1e343fe9,0
445,0x55555556750e,0x1e343fea,0
446,0x555555567525,0x1e343feb,0
447,0x55555556750e,0x1e343fec,0
448,0x55555556750e,0x1e343fed,0
449,0x555555567525,0x1e343fee,0
450,0x55555556750e,0x1e343fef,0
451,0x555555567525,0x1e343ff0,0
452,0x55555556750e,0x1e343ff1,0
453,0x555555567525,0x1e343ff2,0
454,0x55555556750e,0x1e343ff3,0
455,0x55555556750e,0x1e343ff4,0
456,0x55555556750e,0x1e343ff5,0
457,0x55555556750e,0x1e343ff6,0
458,0x55555556750e,0x1e343ff7,0
459,0x55555556750e,0x1e343ff8,0
460,0x555555567525,0x1e343ff9,0
461,0x55555556750e,0x1e343ffa,0
462,0x55555556750e,0x1e343ffb,0
463,0x555555567525,0x1e343ffc,0
464,0x55555556750e,0x1e343ffd,0
465,0x55555556750e,0x1e343ffe,0
466,0x555555567525,0x1e343fff,0
467,0x555555567525,0x5da1580,0
468,0x555555567525,0x5da1581,0
469,0x555555567525,0x5da1582,0
470,0x555555567525,0x5da1583,0
471,0x555555567525,0x5da1584,0
472,0x555555567525,0x5da1585,0
473,0x555555567525,0x5da1586,0
474,0x555555567525,0x5da1587,0
475,0x55555556750e,0x5da1588,0
476,0x55555556750e,0x5da1589,0
477,0x555555567525,0x5da158a,0
478,0x555555567525,0x5da158b,0
479,0x55555556750e,0x5da158c,0
480,0x55555556750e,0x5da158d,0
481,0x55555556750e,0x5da158e,0
482,0x55555556750e,0x5da158f,0
483,0x555555567525,0x5da1590,0
484,0x555555567525,0x5da1591,0
485,0x555555567525,0x5da1592,0
486,0x55555556750e,0x5da1593,0
487,0x55555556750e,0x5da1594,0
488,0x55555556750e,0x5da1595,0
489,0x55555556750e,0x5da1596,0
490,0x55555556750e,0x5da1597,0
491,0x55555556750e,0x5da1598,0
492,0x55555556750e,0x5da1599,0
493,0x55555556750e,0x5da159a,0
494,0x55555556750e,0x5da159b,0
495,0x555555567525,0x5da159c,0
496,0x555555567525,0x5da159d,0
497,0x55555556750e,0x5da159e,0
498,0x555555567525,0x5da159f,0
499,0x55555556750e,0x5da15a0,0
500,0x55555556750e,0x5da15a1,0
501,0x55555556750e,0x5da15a2,0
502,0x55555556750e,0x5da15a3,0
503,0x55555556750e,0x5da15a4,0
504,0x555555567525,0x5da15a5,0
505,0x555555567525,0x5da15a6,0
506,0x55555556750e,0x5da15a7,0
507,0x55555556750e,0x5da15a8,0
508,0x55555556750e,0x5da15a9,0
509,0x55555556750e,0x5da15aa,0
510,0x555555567525,0x5da15ab,0
511,0x55555556750e,0x5da15ac,0
512,0x555555567525,0x5da15ad,0
513,0x555555567525,0x5da15ae,0
514,0x55555556750e,0x5da15af,0
515,0x555555567525,0x5da15b0,0
516,0x55555556750e,0x5da15b1,0
517,0x555555567525,0x5da15b2,0
518,0x555555567525,0x5da15b3,0
519,0x55555556750e,0x5da15b4,0
520,0x55555556750e,0x5da15b5,0
521,0x55555556750e,0x5da15b6,0
522,0x555555567525,0x5da15b7,0
523,0x55555556750e,0x5da15b8,0
524,0x55555556750e,0x5da15b9,0
525,0x55555556750e,0x5da15ba,0
526,0x555555567525,0x5da15bb,0
527,0x555555567525,0x5da15bc,0
528,0x55555556750e,0x5da15bd,0
529,0x55555556750e,0x5da15be,0
530,0x55555556750e,0x5da15bf,0
531,0x55555556750e,0x2d52ca80,0
532,0x555555567525,0x2d52ca81,0
533,0x55555556750e,0x2d52ca82,0
534,0x555555567525,0x2d52ca83,0
535,0x55555556750e,0x2d52ca84,0
536,0x55555556750e,0x2d52ca85,0
537,0x55555556750e,0x2d52ca86,0
538,0x55555556750e,0x2d52ca87,0
539,0x555555567525,0x2d52ca88,0
540,0x55555556750e,0x2d52ca89,0
541,0x55555556750e,0x2d52ca8a,0
542,0x555555567525,0x2d52ca8b,0
543,0x55555556750e,0x2d52ca8c,0
544,0x55555556750e,0x2d52ca8d,0
545,0x55555556750e,0x2d52ca8e,0
546,0x55555556750e,0x2d52ca8f,0
547,0x555555567525,0x2d52ca90,0
548,0x55555556750e,0x2d52ca91,0
549,0x555555567525,0x2d52ca92,0
550,0x55555556750e,0x2d52ca93,0
551,0x55555556750e,0x2d52ca94,0
552,0x55555556750e,0x2d52ca95,0
553,0x55555556750e,0x2d52ca96,0
554,0x55555556750e,0x2d52ca97,0
555,0x555555567525,0x2d52ca98,0
556,0x555555567525,0x2d52ca99,0
557,0x555555567525,0x2d52ca9a,0
558,0x55555556750e,0x2d52ca9b,0
559,0x555555567525,0x2d52ca9c,0
560,0x555555567525,0x2d52ca9d,0
561,0x55555556750e,0x2d52ca9e,0
562,0x55555556750e,0x2d52ca9f,0
563,0x55555556750e,0x2d52caa0,0
564,0x55555556750e,0x2d52caa1,0
565,0x55555556750e,0x2d52caa2,0
566,0x555555567525,0x2d52caa3,0
567,0x55555556750e,0x2d52caa4,0
568,0x555555567525,0x2d52caa5,0
569,0x55555556750e,0x2d52caa6,0
570,0x555555567525,0x2d52caa7,0
571,0x555555567525,0x2d52caa8,0
572,0x55555556750e,0x2d52caa9,0
573,0x55555556750e,0x2d52caaa,0
574,0x55555556750e,0x2d52caab,0
575,0x55555556750e,0x2d52caac,0
576,0x55555556750e,0x2d52caad,0
577,0x55555556750e,0x2d52caae,0
578,0x55555556750e,0x2d52caaf,0
579,0x55555556750e,0x2d52cab0,0
580,0x555555567525,0x2d52cab1,0
581,0x555555567525,0x2d52cab2,0
582,0x55555556750e,0x2d52cab3,0
583,0x55555556750e,0x2d52cab4,0
584,0x55555556750e,0x2d52cab5,0
585,0x55555556750e,0x2d52cab6,0
586,0x55555556750e,0x2d52cab7,0
587,0x55555556750e,0x2d52cab8,0
588,0x55555556750e,0x2d52cab9,0
589,0x55555556750e,0x2d52caba,0
590,0x55555556750e,0x2d52cabb,0
591,0x555555567525,0x2d52cabc,0
592,0x555555567525,0x2d52cabd,0
593,0x55555556750e,0x2d52cabe,0
594,0x555555567525,0x2d52cabf,0
595,0x555555567525,0x2cd58e80,0
596,0x555555567525,0x2cd58e81,0
597,0x55555556750e,0x2cd58e82,0
598,0x55555556750e,0x2cd58e83,0
599,0x55555556750e,0x2cd58e84,0
600,0x55555556750e,0x2cd58e85,0
601,0x55555556750e,0x2cd58e86,0
602,0x555555567525,0x2cd58e87,0
603,0x555555567525,0x2cd58e88,0
604,0x55555556750e,0x2cd58e89,0
605,0x555555567525,0x2cd58e8a,0
606,0x55555556750e,0x2cd58e8b,0
607,0x555555567525,0x2cd58e8c,0
608,0x55555556750e,0x2cd58e8d,0
609,0x55555556750e,0x2cd58e8e,0
610,0x55555556750e,0x2cd58e8f,0
611,0x55555556750e,0x2cd58e90,0
612,0x55555556750e,0x2cd58e91,0
613,0x555555567525,0x2cd58e92,0
614,0x555555567525,0x2cd58e93,0
615,0x55555556750e,0x2cd58e94,0
616,0x55555556750e,0x2cd58e95,0
617,0x555555567525,0x2cd58e96,0
618,0x555555567525,0x2cd58e97,0
619,0x555555567525,0x2cd58e98,0
620,0x55555556750e,0x2cd58e99,0
621,0x555555567525,0x2cd58e9a,0
622,0x55555556750e,0x2cd58e9b,0
623,0x555555567525,0x2cd58e9c,0
624,0x55555556750e,0x2cd58e9d,0
625,0x55555556750e,0x2cd58e9e,0
626,0x55555556750e,0x2cd58e9f,0
627,0x55555556750e,0x2cd58ea0,0
628,0x55555556750e,0x2cd58ea1,0
629,0x555555567525,0x2cd58ea2,0
630,0x55555556750e,0x2cd58ea3,0
631,0x55555556750e,0x2cd58ea4,0
632,0x55555556750e,0x2cd58ea5,0
633,0x55555556750e,0x2cd58ea6,0
634,0x55555556750e,0x2cd58ea7,0
635,0x55555556750e,0x2cd58ea8,0
636,0x55555556750e,0x2cd58ea9,0
637,0x55555556750e,0x2cd58eaa,0
638,0x55555556750e,0x2cd58eab,0
639,0x55555556750e,0x2cd58eac,0
640,0x555555567525,0x2cd58ead,0
641,0x55555556750e,0x2cd58eae,0
642,0x55555556750e,0x2cd58eaf,0
643,0x55555556750e,0x2cd58eb0,0
644,0x555555567525,0x2cd58eb1,0
645,0x555555567525,0x2cd58eb2,0
646,0x55555556750e,0x2cd58eb3,0
647,0x555555567525,0x2cd58eb4,0
648,0x55555556750e,0x2cd58eb5,0
649,0x55555556750e,0x2cd58eb6,0
650,0x55555556750e,0x2cd58eb7,0
651,0x55555556750e,0x2cd58eb8,0
652,0x555555567525,0x2cd58eb9,0
653,0x555555567525,0x2cd58eba,0
654,0x555555567525,0x2cd58ebb,0
655,0x555555567525,0x2cd58ebc,0
656,0x55555556750e,0x2cd58ebd,0
657,0x55555556750e,0x2cd58ebe,0
658,0x55555556750e,0x2cd58ebf,0
659,0x555555567525,0x36f63240,0
660,0x555555567525,0x36f63241,0
661,0x55555556750e,0x36f63242,0
662,0x55555556750e,0x36f63243,0
663,0x55555556750e,0x36f63244,0
664,0x55555556750e,0x36f63245,0
665,0x55555556750e,0x36f63246,0
666,0x55555556750e,0x36f63247,0
667,0x555555567525,0x36f63248,0
668,0x55555556750e,0x36f63249,0
669,0x55555556750e,0x36f6324a,0
670,0x55555556750e,0x36f6324b,0
671,0x55555556750e,0x36f6324c,0
672,0x55555556750e,0x36f6324d,0
673,0x555555567525,0x36f6324e,0
674,0x555555567525,0x36f6324f,0
675,0x55555556750e,0x36f63250,0
676,0x555555567525,0x36f63251,0
677,0x55555556750e,0x36f63252,0
678,0x55555556750e,0x36f63253,0
679,0x55555556750e,0x36f63254,0
680,0x55555556750e,0x36f63255,0
681,0x55555556750e,0x36f63256,0
682,0x555555567525,0x36f63257,0
683,0x55555556750e,0x36f63258,0
684,0x55555556750e,0x36f63259,0
685,0x555555567525,0x36f6325a,0
686,0x55555556750e,0x36f6325b,0
687,0x555555567525,0x36f6325c,0
688,0x55555556750e,0x36f6325d,0
689,0x555555567525,0x36f6325e,0
690,0x555555567525,0x36f6325f,0
691,0x55555556750e,0x36f63260,0
692,0x555555567525,0x36f63261,0
693,0x555555567525,0x36f63262,0
694,0x55555556750e,0x36f63263,0
695,0x55555556750e,0x36f63264,0
696,0x55555556750e,0x36f63265,0
697,0x55555556750e,0x36f63266,0
698,0x555555567525,0x36f63267,0
699,0x55555556750e,0x36f63268,0
700,0x55555556750e,0x36f63269,0
701,0x55555556750e,0x36f6326a,0
702,0x55555556750e,0x36f6326b,0
703,0x55555556750e,0x36f6326c,0
704,0x55555556750e,0x36f6326d,0
705,0x55555556750e,0x36f6326e,0
706,0x55555556750e,0x36f6326f,0
707,0x55555556750e,0x36f63270,0
708,0x555555567525,0x36f63271,0
709,0x55555556750e,0x36f63272,0
710,0x55555556750e,0x36f63273,0
711,0x555555567525,0x36f63274,0
712,0x55555556750e,0x36f63275,0
713,0x55555556750e,0x36f63276,0
714,0x555555567525,0x36f63277,0
715,0x555555567525,0x36f63278,0
716,0x55555556750e,0x36f63279,0
717,0x55555556750e,0x36f6327a,0
718,0x55555556750e,0x36f6327b,0
719,0x555555567525,0x36f6327c,0
720,0x55555556750e,0x36f6327d,0
721,0x55555556750e,0x36f6327e,0
722,0x55555556750e,0x36f6327f,0
723,0x555555567525,0x3bfda780,0
724,0x555555567525,0x3bfda781,0
725,0x555555567525,0x3bfda782,0
726,0x55555556750e,0x3bfda783,0
727,0x55555556750e,0x3bfda784,0
728,0x55555556750e,0x3bfda785,0
729,0x55555556750e,0x3bfda786,0
730,0x555555567525,0x3bfda787,0
731,0x55555556750e,0x3bfda788,0
732,0x555555567525,0x3bfda789,0
733,0x55555556750e,0x3bfda78a,0
734,0x555555567525,0x3bfda78b,0
735,0x55555556750e,0x3bfda78c,0
736,0x55555556750e,0x3bfda78d,0
737,0x55555556750e,0x3bfda78e,0
738,0x55555556750e,0x3bfda78f,0
739,0x555555567525,0x3bfda790,0
740,0x555555567525,0x3bfda791,0
741,0x555555567525,0x3bfda792,0
742,0x55555556750e,0x3bfda793,0
743,0x555555567525,0x3bfda794,0
744,0x55555556750e,0x3bfda795,0
745,0x555555567525,0x3bfda796,0
746,0x55555556750e,0x3bfda797,0
747,0x555555567525,0x3bfda798,0
748,0x55555556750e,0x3bfda799,0
749,0x55555556750e,0x3bfda79a,0
750,0x55555556750e,0x3bfda79b,0
751,0x555555567525,0x3bfda79c,0
752,0x555555567525,0x3bfda79d,0
753,0x55555556750e,0x3bfda79e,0
754,0x555555567525,0x3bfda79f,0
755,0x55555556750e,0x3bfda7a0,0
756,0x55555556750e,0x3bfda7a1,0
757,0x55555556750e,0x3bfda7a2,0
758,0x55555556750e,0x3bfda7a3,0
759,0x55555556750e,0x3bfda7a4,0
760,0x55555556750e,0x3bfda7a5,0
761,0x555555567525,0x3bfda7a6,0
762,0x555555567525,0x3bfda7a7,0
763,0x55555556750e,0x3bfda7a8,0
764,0x55555556750e,0x3bfda7a9,0
765,0x555555567525,0x3bfda7aa,0
766,0x55555556750e,0x3bfda7ab,0
767,0x55555556750e,0x3bfda7ac,0
768,0x555555567525,0x3bfda7ad,0
769,0x55555556750e,0x3bfda7ae,0
770,0x555555567525,0x3bfda7af,0
771,0x55555556750e,0x3bfda7b0,0
772,0x555555567525,0x3bfda7b1,0
773,0x555555567525,0x3bfda7b2,0
774,0x55555556750e,0x3bfda7b3,0
775,0x555555567525,0x3bfda7b4,0
776,0x55555556750e,0x3bfda7b5,0
777,0x55555556750e,0x3bfda7b6,0
778,0x55555556750e,0x3bfda7b7,0
779,0x55555556750e,0x3bfda7b8,0
780,0x555555567525,0x3bfda7b9,0
781,0x55555556750e,0x3bfda7ba,0
782,0x55555556750e,0x3bfda7bb,0
783,0x555555567525,0x3bfda7bc,0
784,0x555555567525,0x3bfda7bd,0
785,0x555555567525,0x3bfda7be,0
786,0x555555567525,0x3bfda7bf,0
787,0x55555556750e,0x3318b80,0
788,0x555555567525,0x3318b81,0
789,0x55555556750e,0x3318b82,0
790,0x555555567525,0x3318b83,0
791,0x55555556750e,0x3318b84,0
792,0x55555556750e,0x3318b85,0
793,0x55555556750e,0x3318b86,0
794,0x55555556750e,0x3318b87,0
795,0x555555567525,0x3318b88,0
796,0x55555556750e,0x3318b89,0
797,0x555555567525,0x3318b8a,0
798,0x55555556750e,0x3318b8b,0
799,0x55555556750e,0x3318b8c,0
800,0x555555567525,0x3318b8d,0
801,0x55555556750e,0x3318b8e,0
802,0x555555567525,0x3318b8f,0
803,0x55555556750e,0x3318b90,0
804,0x55555556750e,0x3318b91,0
805,0x555555567525,0x3318b92,0
806,0x55555556750e,0x3318b93,0
807,0x55555556750e,0x3318b94,0
808,0x555555567525,0x3318b95,0
809,0x555555567525,0x3318b96,0
810,0x55555556750e,0x3318b97,0
811,0x555555567525,0x3318b98,0
812,0x55555556750e,0x3318b99,0
813,0x555555567525,0x3318b9a,0
814,0x555555567525,0x3318b9b,0
815,0x55555556750e,0x3318b9c,0
816,0x555555567525,0x3318b9d,0
817,0x555555567525,0x3318b9e,0
818,0x55555556750e,0x3318b9f,0
819,0x55555556750e,0x3318ba0,0
820,0x555555567525,0x3318ba1,0
821,0x55555556750e,0x3318ba2,0
822,0x55555556750e,0x3318ba3,0
823,0x55555556750e,0x3318ba4,0
824,0x55555556750e,0x3318ba5,0
825,0x55555556750e,0x3318ba6,0
826,0x555555567525,0x3318ba7,0
827,0x555555567525,0x3318ba8,0
828,0x55555556750e,0x3318ba9,0
829,0x55555556750e,0x3318baa,0
830,0x555555567525,0x3318bab,0
831,0x555555567525,0x3318bac,0
832,0x555555567525,0x3318bad,0
833,0x55555556750e,0x3318bae,0
834,0x555555567525,0x3318baf,0
835,0x55555556750e,0x3318bb0,0
836,0x555555567525,0x3318bb1,0
837,0x55555556750e,0x3318bb2,0
838,0x555555567525,0x3318bb3,0
839,0x55555556750e,0x3318bb4,0
840,0x555555567525,0x3318bb5,0
841,0x55555556750e,0x3318bb6,0
842,0x555555567525,0x3318bb7,0
843,0x55555556750e,0x3318bb8,0
844,0x555555567525,0x3318bb9,0
845,0x55555556750e,0x3318bba,0
846,0x55555556750e,0x3318bbb,0
847,0x55555556750e,0x3318bbc,0
848,0x55555556750e,0x3318bbd,0
849,0x55555556750e,0x3318bbe,0
850,0x555555567525,0x3318bbf,0
851,0x55555556750e,0x39f90d00,0
852,0x555555567525,0x39f90d01,0
853,0x55555556750e,0x39f90d02,0
854,0x555555567525,0x39f90d03,0
855,0x55555556750e,0x39f90d04,0
856,0x555555567525,0x39f90d05,0
857,0x555555567525,0x39f90d06,0
858,0x55555556750e,0x39f90d07,0
859,0x555555567525,0x39f90d08,0
860,0x55555556750e,0x39f90d09,0
861,0x55555556750e,0x39f90d0a,0
862,0x55555556750e,0x39f90d0b,0
863,0x555555567525,0x39f90d0c,0
864,0x55555556750e,0x39f90d0d,0
865,0x555555567525,0x39f90d0e,0
866,0x555555567525,0x39f90d0f,0
867,0x555555567525,0x39f90d10,0
868,0x555555567525,0x39f90d11,0
869,0x55555556750e,0x39f90d12,0
870,0x555555567525,0x39f90d13,0
871,0x55555556750e,0x39f90d14,0
872,0x555555567525,0x39f90d15,0
873,0x555555567525,0x39f90d16,0
874,0x55555556750e,0x39f90d17,0
875,0x555555567525,0x39f90d18,0
876,0x55555556750e,0x39f90d19,0
877,0x55555556750e,0x39f90d1a,0
878,0x555555567525,0x39f90d1b,0
879,0x555555567525,0x39f90d1c,0
880,0x555555567525,0x39f90d1d,0
881,0x55555556750e,0x39f90d1e,0
882,0x555555567525,0x39f90d1f,0
883,0x55555556750e,0x39f90d20,0
884,0x55555556750e,0x39f90d21,0
885,0x55555556750e,0x39f90d22,0
886,0x55555556750e,0x39f90d23,0
887,0x55555556750e,0x39f90d24,0
888,0x55555556750e,0x39f90d25,0
889,0x55555556750e,0x39f90d26,0
890,0x55555556750e,0x39f90d27,0
891,0x55555556750e,0x39f90d28,0
892,0x55555556750e,0x39f90d29,0
893,0x555555567525,0x39f90d2a,0
894,0x55555556750e,0x39f90d2b,0
895,0x55555556750e,0x39f90d2c,0
896,0x55555556750e,0x39f90d2d,0
897,0x55555556750e,0x39f90d2e,0
898,0x55555556750e,0x39f90d2f,0
899,0x55555556750e,0x39f90d30,0
900,0x555555567525,0x39f90d31,0
901,0x555555567525,0x39f90d32,0
902,0x555555567525,0x39f90d33,0
903,0x555555567525,0x39f90d34,0
904,0x55555556750e,0x39f90d35,0
905,0x55555556750e,0x39f90d36,0
906,0x55555556750e,0x39f90d37,0
907,0x55555556750e,0x39f90d38,0
908,0x555555567525,0x39f90d39,0
909,0x55555556750e,0x39f90d3a,0
910,0x555555567525,0x39f90d3b,0
911,0x55555556750e,0x39f90d3c,0
912,0x555555567525,0x39f90d3d,0
913,0x555555567525,0x39f90d3e,0
914,0x55555556750e,0x39f90d3f,0
915,0x555555567525,0xf529f80,0
916,0x555555567525,0xf529f81,0
917,0x55555556750e,0xf529f82,0
918,0x55555556750e,0xf529f83,0
919,0x55555556750e,0xf529f84,0
920,0x555555567525,0xf529f85,0
921,0x555555567525,0xf529f86,0
922,0x555555567525,0xf529f87,0
923,0x55555556750e,0xf529f88,0
924,0x55555556750e,0xf529f89,0
925,0x555555567525,0xf529f8a,0
926,0x55555556750e,0xf529f8b,0
927,0x55555556750e,0xf529f8c,0
928,0x55555556750e,0xf529f8d,0
929,0x555555567525,0xf529f8e,0
930,0x55555556750e,0xf529f8f,0
931,0x55555556750e,0xf529f90,0
932,0x555555567525,0xf529f91,0
933,0x555555567525,0xf529f92,0
934,0x55555556750e,0xf529f93,0
935,0x55555556750e,0xf529f94,0
936,0x55555556750e,0xf529f95,0
937,0x55555556750e,0xf529f96,0
938,0x55555556750e,0xf529f97,0
939,0x55555556750e,0xf529f98,0
940,0x55555556750e,0xf529f99,0
941,0x55555556750e,0xf529f9a,0
942,0x55555556750e,0xf529f9b,0
943,0x555555567525,0xf529f9c,0
944,0x555555567525,0xf529f9d,0
945,0x55555556750e,0xf529f9e,0
946,0x555555567525,0xf529f9f,0
947,0x55555556750e,0xf529fa0,0
948,0x555555567525,0xf529fa1,0
949,0x55555556750e,0xf529fa2,0
950,0x555555567525,0xf529fa3,0
951,0x55555556750e,0xf529fa4,0
952,0x555555567525,0xf529fa5,0
953,0x555555567525,0xf529fa6,0
954,0x55555556750e,0xf529fa7,0
955,0x555555567525,0xf529fa8,0
956,0x55555556750e,0xf529fa9,0
957,0x55555556750e,0xf529faa,0
958,0x55555556750e,0xf529fab,0
959,0x55555556750e,0xf529fac,0
960,0x55555556750e,0xf529fad,0
961,0x55555556750e,0xf529fae,0
962,0x555555567525,0xf529faf,0
963,0x55555556750e,0xf529fb0,0
964,0x555555567525,0xf529fb1,0
965,0x55555556750e,0xf529fb2,0
966,0x55555556750e,0xf529fb3,0
967,0x55555556750e,0xf529fb4,0
968,0x555555567525,0xf529fb5,0
969,0x55555556750e,0xf529fb6,0
970,0x555555567525,0xf529fb7,0
971,0x55555556750e,0xf529fb8,0
972,0x55555556750e,0xf529fb9,0
973,0x55555556750e,0xf529fba,0
974,0x555555567525,0xf529fbb,0
975,0x555555567525,0xf529fbc,0
976,0x555555567525,0xf529fbd,0
977,0x55555556750e,0xf529fbe,0
978,0x555555567525,0xf529fbf,0
979,0x555555567525,0x27f92700,0
980,0x55555556750e,0x27f92701,0
981,0x55555556750e,0x27f92702,0
982,0x55555556750e,0x27f92703,0
983,0x555555567525,0x27f92704,0
984,0x55555556750e,0x27f92705,0
985,0x555555567525,0x27f92706,0
986,0x55555556750e,0x27f92707,0
987,0x55555556750e,0x27f92708,0
988,0x55555556750e,0x27f92709,0
989,0x555555567525,0x27f9270a,0
990,0x55555556750e,0x27f9270b,0
991,0x555555567525,0x27f9270c,0
992,0x555555567525,0x27f9270d,0
993,0x555555567525,0x27f9270e,0
994,0x55555556750e,0x27f9270f,0
995,0x555555567525,0x27f92710,0
996,0x555555567525,0x27f92711,0
997,0x555555567525,0x27f92712,0
998,0x55555556750e,0x27f92713,0
999,0x555555567525,0x27f92714,0
1000,0x55555556750e,0x27f92715,0
1001,0x55555556750e,0x27f92716,0
1002,0x55555556750e,0x27f92717,0
1003,0x555555567525,0x27f92718,0
1004,0x55555556750e,0x27f92719,0
1005,0x555555567525,0x27f9271a,0
1006,0x55555556750e,0x27f9271b,0
1007,0x555555567525,0x27f9271c,0
1008,0x555555567525,0x27f9271d,0
1009,0x55555556750e,0x27f9271e,0
1010,0x555555567525,0x27f9271f,0
1011,0x55555556750e,0x27f92720,0
1012,0x55555556750e,0x27f92721,0
1013,0x55555556750e,0x27f92722,0
1014,0x55555556750e,0x27f92723,0
1015,0x555555567525,0x27f92724,0
1016,0x555555567525,0x27f92725,0
1017,0x55555556750e,0x27f92726,0
1018,0x555555567525,0x27f92727,0
1019,0x55555556750e,0x27f92728,0
1020,0x55555556750e,0x27f92729,0
1021,0x555555567525,0x27f9272a,0
1022,0x55555556750e,0x27f9272b,0
1023,0x555555567525,0x27f9272c,0
1024,0x55555556750e,0x27f9272d,0
1025,0x55555556750e,0x27f9272e,0
1026,0x55555556750e,0x27f9272f,0
1027,0x555555567525,0x27f92730,0
1028,0x555555567525,0x27f92731,0
1029,0x55555556750e,0x27f92732,0
1030,0x555555567525,0x27f92733,0
1031,0x55555556750e,0x27f92734,0
1032,0x55555556750e,0x27f92735,0
1033,0x55555556750e,0x27f92736,0
1034,0x55555556750e,0x27f92737,0
1035,0x55555556750e,0x27f92738,0
1036,0x55555556750e,0x27f92739,0
1037,0x55555556750e,0x27f9273a,0
1038,0x55555556750e,0x27f9273b,0
1039,0x555555567525,0x27f9273c,0
1040,0x555555567525,0x27f9273d,0
1041,0x55555556750e,0x27f9273e,0
1042,0x555555567525,0x27f9273f,0
1043,0x555555567525,0x3e7bc9c0,0
1044,0x555555567525,0x3e7bc9c1,0
1045,0x555555567525,0x3e7bc9c2,0
1046,0x555555567525,0x3e7bc9c3,0
1047,0x55555556750e,0x3e7bc9c4,0
1048,0x55555556750e,0x3e7bc9c5,0
1049,0x55555556750e,0x3e7bc9c6,0
1050,0x555555567525,0x3e7bc9c7,0
1051,0x555555567525,0x3e7bc9c8,0
1052,0x55555556750e,0x3e7bc9c9,0
1053,0x55555556750e,0x3e7bc9ca,0
1054,0x555555567525,0x3e7bc9cb,0
1055,0x55555556750e,0x3e7bc9cc,0
1056,0x55555556750e,0x3e7bc9cd,0
1057,0x55555556750e,0x3e7bc9ce,0
1058,0x55555556750e,0x3e7bc9cf,0
1059,0x555555567525,0x3e7bc9d0,0
1060,0x55555556750e,0x3e7bc9d1,0
1061,0x555555567525,0x3e7bc9d2,0
1062,0x555555567525,0x3e7bc9d3,0
1063,0x55555556750e,0x3e7bc9d4,0
1064,0x55555556750e,0x3e7bc9d5,0
1065,0x55555556750e,0x3e7bc9d6,0
1066,0x55555556750e,0x3e7bc9d7,0
1067,0x55555556750e,0x3e7bc9d8,0
1068,0x55555556750e,0x3e7bc9d9,0
1069,0x55555556750e,0x3e7bc9da,0
1070,0x55555556750e,0x3e7bc9db,0
1071,0x555555567525,0x3e7bc9dc,0
1072,0x555555567525,0x3e7bc9dd,0
1073,0x55555556750e,0x3e7bc9de,0
1074,0x555555567525,0x3e7bc9df,0
1075,0x55555556750e,0x3e7bc9e0,0
1076,0x555555567525,0x3e7bc9e1,0
1077,0x55555556750e,0x3e7bc9e2,0
1078,0x55555556750e,0x3e7bc9e3,0
1079,0x55555556750e,0x3e7bc9e4,0
1080,0x55555556750e,0x3e7bc9e5,0
1081,0x555555567525,0x3e7bc9e6,0
1082,0x555555567525,0x3e7bc9e7,0
1083,0x555555567525,0x3e7bc9e8,0
1084,0x55555556750e,0x3e7bc9e9,0
1085,0x555555567525,0x3e7bc9ea,0
1086,0x55555556750e,0x3e7bc9eb,0
1087,0x555555567525,0x3e7bc9ec,0
1088,0x55555556750e,0x3e7bc9ed,0
1089,0x55555556750e,0x3e7bc9ee,0
1090,0x55555556750e,0x3e7bc9ef,0
1091,0x555555567525,0x3e7bc9f0,0
1092,0x55555556750e,0x3e7bc9f1,0
1093,0x555555567525,0x3e7bc9f2,0
1094,0x55555556750e,0x3e7bc9f3,0
1095,0x55555556750e,0x3e7bc9f4,0
1096,0x55555556750e,0x3e7bc9f5,0
1097,0x55555556750e,0x3e7bc9f6,0
1098,0x555555567525,0x3e7bc9f7,0
1099,0x55555556750e,0x3e7bc9f8,0
1100,0x555555567525,0x3e7bc9f9,0
1101,0x55555556750e,0x3e7bc9fa,0
1102,0x555555567525,0x3e7bc9fb,0
1103,0x555555567525,0x3e7bc9fc,0
1104,0x555555567525,0x3e7bc9fd,0
1105,0x55555556750e,0x3e7bc9fe,0
1106,0x55555556750e,0x3e7bc9ff,0
1107,0x555555567525,0x26445640,0
1108,0x55555556750e,0x26445641,0
1109,0x55555556750e,0x26445642,0
1110,0x55555556750e,0x26445643,0
1111,0x55555556750e,0x26445644,0
1112,0x55555556750e,0x26445645,0
1113,0x555555567525,0x26445646,0
1114,0x55555556750e,0x26445647,0
1115,0x555555567525,0x26445648,0
1116,0x55555556750e,0x26445649,0
1117,0x55555556750e,0x2644564a,0
1118,0x55555556750e,0x2644564b,0
1119,0x55555556750e,0x2644564c,0
1120,0x55555556750e,0x2644564d,0
1121,0x55555556750e,0x2644564e,0
1122,0x55555556750e,0x2644564f,0
1123,0x55555556750e,0x26445650,0
1124,0x55555556750e,0x26445651,0
1125,0x555555567525,0x26445652,0
1126,0x55555556750e,0x26445653,0
1127,0x55555556750e,0x26445654,0
1128,0x55555556750e,0x26445655,0
1129,0x55555556750e,0x26445656,0
1130,0x55555556750e,0x26445657,0
1131,0x555555567525,0x26445658,0
1132,0x55555556750e,0x26445659,0
1133,0x55555556750e,0x2644565a,0
1134,0x555555567525,0x2644565b,0
1135,0x555555567525,0x2644565c,0
1136,0x555555567525,0x2644565d,0
1137,0x555555567525,0x2644565e,0
1138,0x555555567525,0x2644565f,0
1139,0x555555567525,0x26445660,0
1140,0x55555556750e,0x26445661,0
1141,0x555555567525,0x26445662,0
1142,0x55555556750e,0x26445663,0
1143,0x555555567525,0x26445664,0
1144,0x555555567525,0x26445665,0
1145,0x55555556750e,0x26445666,0
1146,0x555555567525,0x26445667,0
1147,0x55555556750e,0x26445668,0
1148,0x55555556750e,0x26445669,0
1149,0x55555556750e,0x2644566a,0
1150,0x555555567525,0x2644566b,0
1151,0x555555567525,0x2644566c,0
1152,0x55555556750e,0x2644566d,0
1153,0x555555567525,0x2644566e,0
1154,0x55555556750e,0x2644566f,0
1155,0x555555567525,0x26445670,0
1156,0x555555567525,0x26445671,0
1157,0x555555567525,0x26445672,0
1158,0x55555556750e,0x26445673,0
1159,0x555555567525,0x26445674,0
1160,0x55555556750e,0x26445675,0
1161,0x555555567525,0x26445676,0
1162,0x55555556750e,0x26445677,0
1163,0x555555567525,0x26445678,0
1164,0x55555556750e,0x26445679,0
1165,0x555555567525,0x2644567a,0
1166,0x55555556750e,0x2644567b,0
1167,0x555555567525,0x2644567c,0
1168,0x555555567525,0x2644567d,0
1169,0x55555556750e,0x2644567e,0
1170,0x55555556750e,0x2644567f,0
1171,0x555555567525,0x336c03c0,0
1172,0x555555567525,0x336c03c1,0
1173,0x555555567525,0x336c03c2,0
1174,0x555555567525,0x336c03c3,0
1175,0x555555567525,0x336c03c4,0
1176,0x555555567525,0x336c03c5,0
1177,0x55555556750e,0x336c03c6,0
1178,0x555555567525,0x336c03c7,0
1179,0x55555556750e,0x336c03c8,0
1180,0x55555556750e,0x336c03c9,0
1181,0x555555567525,0x336c03ca,0
1182,0x55555556750e,0x336c03cb,0
1183,0x555555567525,0x336c03cc,0
1184,0x555555567525,0x336c03cd,0
1185,0x555555567525,0x336c03ce,0
1186,0x55555556750e,0x336c03cf,0
1187,0x555555567525,0x336c03d0,0
1188,0x555555567525,0x336c03d1,0
1189,0x55555556750e,0x336c03d2,0
1190,0x555555567525,0x336c03d3,0
1191,0x55555556750e,0x336c03d4,0
1192,0x55555556750e,0x336c03d5,0
1193,0x55555556750e,0x336c03d6,0
1194,0x55555556750e,0x336c03d7,0
1195,0x55555556750e,0x336c03d8,0
1196,0x55555556750e,0x336c03d9,0
1197,0x55555556750e,0x336c03da,0
1198,0x55555556750e,0x336c03db,0
1199,0x555555567525,0x336c03dc,0
1200,0x55555556750e,0x336c03dd,0
1201,0x555555567525,0x336c03de,0
1202,0x55555556750e,0x336c03df,0
1203,0x55555556750e,0x336c03e0,0
1204,0x555555567525,0x336c03e1,0
1205,0x55555556750e,0x336c03e2,0
1206,0x555555567525,0x336c03e3,0
1207,0x55555556750e,0x336c03e4,0
1208,0x55555556750e,0x336c03e5,0
1209,0x555555567525,0x336c03e6,0
1210,0x555555567525,0x336c03e7,0
1211,0x555555567525,0x336c03e8,0
1212,0x55555556750e,0x336c03e9,0
1213,0x55555556750e,0x336c03ea,0
1214,0x555555567525,0x336c03eb,0
1215,0x55555556750e,0x336c03ec,0
1216,0x55555556750e,0x336c03ed,0
1217,0x55555556750e,0x336c03ee,0
1218,0x55555556750e,0x336c03ef,0
1219,0x55555556750e,0x336c03f0,0
1220,0x555555567525,0x336c03f1,0
1221,0x55555556750e,0x336c03f2,0
1222,0x55555556750e,0x336c03f3,0
1223,0x55555556750e,0x336c03f4,0
1224,0x55555556750e,0x336c03f5,0
1225,0x55555556750e,0x336c03f6,0
1226,0x55555556750e,0x336c03f7,0
1227,0x55555556750e,0x336c03f8,0
1228,0x55555556750e,0x336c03f9,0
1229,0x555555567525,0x336c03fa,0
1230,0x55555556750e,0x336c03fb,0
1231,0x555555567525,0x336c03fc,0
1232,0x55555556750e,0x336c03fd,0
1233,0x55555556750e,0x336c03fe,0
1234,0x55555556750e,0x336c03ff,0
1235,0x555555567525,0x6ea4a80,0
1236,0x555555567525,0x6ea4a81,0
1237,0x55555556750e,0x6ea4a82,0
1238,0x55555556750e,0x6ea4a83,0
1239,0x55555556750e,0x6ea4a84,0
1240,0x55555556750e,0x6ea4a85,0
1241,0x555555567525,0x6ea4a86,0
1242,0x55555556750e,0x6ea4a87,0
1243,0x555555567525,0x6ea4a88,0
1244,0x55555556750e,0x6ea4a89,0
1245,0x55555556750e,0x6ea4a8a,0
1246,0x55555556750e,0x6ea4a8b,0
1247,0x55555556750e,0x6ea4a8c,0
1248,0x55555556750e,0x6ea4a8d,0
1249,0x55555556750e,0x6ea4a8e,0
1250,0x55555556750e,0x6ea4a8f,0
1251,0x55555556750e,0x6ea4a90,0
1252,0x555555567525,0x6ea4a91,0
1253,0x555555567525,0x6ea4a92,0
1254,0x55555556750e,0x6ea4a93,0
1255,0x555555567525,0x6ea4a94,0
1256,0x55555556750e,0x6ea4a95,0
1257,0x55555556750e,0x6ea4a96,0
1258,0x55555556750e,0x6ea4a97,0
1259,0x55555556750e,0x6ea4a98,0
1260,0x555555567525,0x6ea4a99,0
1261,0x55555556750e,0x6ea4a9a,0
1262,0x55555556750e,0x6ea4a9b,0
1263,0x555555567525,0x6ea4a9c,0
1264,0x55555556750e,0x6ea4a9d,0
1265,0x555555567525,0x6ea4a9e,0
1266,0x55555556750e,0x6ea4a9f,0
1267,0x55555556750e,0x6ea4aa0,0
1268,0x55555556750e,0x6ea4aa1,0
1269,0x55555556750e,0x6ea4aa2,0
1270,0x55555556750e,0x6ea4aa3,0
1271,0x555555567525,0x6ea4aa4,0
1272,0x55555556750e,0x6ea4aa5,0
1273,0x555555567525,0x6ea4aa6,0
1274,0x555555567525,0x6ea4aa7,0
1275,0x555555567525,0x6ea4aa8,0
1276,0x55555556750e,0x6ea4aa9,0
1277,0x555555567525,0x6ea4aaa,0
1278,0x55555556750e,0x6ea4aab,0
1279,0x55555556750e,0x6ea4aac,0
1280,0x55555556750e,0x6ea4aad,0
1281,0x55555556750e,0x6ea4aae,0
1282,0x55555556750e,0x6ea4aaf,0
1283,0x555555567525,0x6ea4ab0,0
1284,0x555555567525,0x6ea4ab1,0
1285,0x555555567525,0x6ea4ab2,0
1286,0x555555567525,0x6ea4ab3,0
1287,0x55555556750e,0x6ea4ab4,0
1288,0x55555556750e,0x6ea4ab5,0
1289,0x555555567525,0x6ea4ab6,0
1290,0x55555556750e,0x6ea4ab7,0
1291,0x555555567525,0x6ea4ab8,0
1292,0x55555556750e,0x6ea4ab9,0
1293,0x55555556750e,0x6ea4aba,0
1294,0x55555556750e,0x6ea4abb,0
1295,0x555555567525,0x6ea4abc,0
1296,0x555555567525,0x6ea4abd,0
1297,0x55555556750e,0x6ea4abe,0
1298,0x555555567525,0x6ea4abf,0
1299,0x555555567525,0x32249440,0
1300,0x555555567525,0x32249441,0
1301,0x555555567525,0x32249442,0
1302,0x555555567525,0x32249443,0
1303,0x55555556750e,0x32249444,0
1304,0x555555567525,0x32249445,0
1305,0x555555567525,0x32249446,0
1306,0x555555567525,0x32249447,0
1307,0x55555556750e,0x32249448,0
1308,0x55555556750e,0x32249449,0
1309,0x55555556750e,0x3224944a,0
1310,0x55555556750e,0x3224944b,0
1311,0x55555556750e,0x3224944c,0
1312,0x555555567525,0x3224944d,0
1313,0x555555567525,0x3224944e,0
1314,0x555555567525,0x3224944f,0
1315,0x55555556750e,0x32249450,0
1316,0x555555567525,0x32249451,0
1317,0x555555567525,0x32249452,0
1318,0x55555556750e,0x32249453,0
1319,0x55555556750e,0x32249454,0
1320,0x55555556750e,0x32249455,0
1321,0x555555567525,0x32249456,0
1322,0x555555567525,0x32249457,0
1323,0x555555567525,0x32249458,0
1324,0x55555556750e,0x32249459,0
1325,0x555555567525,0x3224945a,0
1326,0x55555556750e,0x3224945b,0
1327,0x555555567525,0x3224945c,0
1328,0x55555556750e,0x3224945d,0
1329,0x55555556750e,0x3224945e,0
1330,0x555555567525,0x3224945f,0
1331,0x55555556750e,0x32249460,0
1332,0x555555567525,0x32249461,0
1333,0x55555556750e,0x32249462,0
1334,0x555555567525,0x32249463,0
1335,0x55555556750e,0x32249464,0
1336,0x55555556750e,0x32249465,0
1337,0x555555567525,0x32249466,0
1338,0x555555567525,0x32249467,0
1339,0x555555567525,0x32249468,0
1340,0x55555556750e,0x32249469,0
1341,0x55555556750e,0x3224946a,0
1342,0x555555567525,0x3224946b,0
1343,0x55555556750e,0x3224946c,0
1344,0x55555556750e,0x3224946d,0
1345,0x55555556750e,0x3224946e,0
1346,0x555555567525,0x3224946f,0
1347,0x55555556750e,0x32249470,0
1348,0x555555567525,0x32249471,0
1349,0x555555567525,0x32249472,0
1350,0x55555556750e,0x32249473,0
1351,0x55555556750e,0x32249474,0
1352,0x55555556750e,0x32249475,0
1353,0x55555556750e,0x32249476,0
1354,0x555555567525,0x32249477,0
1355,0x55555556750e,0x32249478,0
1356,0x555555567525,0x32249479,0
1357,0x55555556750e,0x3224947a,0
1358,0x55555556750e,0x3224947b,0
1359,0x555555567525,0x3224947c,0
1360,0x555555567525,0x3224947d,0
1361,0x555555567525,0x3224947e,0
1362,0x55555556750e,0x3224947f,0
1363,0x55555556750e,0x2c133100,0
1364,0x555555567525,0x2c133101,0
1365,0x55555556750e,0x2c133102,0
1366,0x555555567525,0x2c133103,0
1367,0x55555556750e,0x2c133104,0
1368,0x55555556750e,0x2c133105,0
1369,0x555555567525,0x2c133106,0
1370,0x55555556750e,0x2c133107,0
1371,0x555555567525,0x2c133108,0
1372,0x55555556750e,0x2c133109,0
1373,0x555555567525,0x2c13310a,0
1374,0x55555556750e,0x2c13310b,0
1375,0x55555556750e,0x2c13310c,0
1376,0x555555567525,0x2c13310d,0
1377,0x55555556750e,0x2c13310e,0
1378,0x55555556750e,0x2c13310f,0
1379,0x55555556750e,0x2c133110,0
1380,0x55555556750e,0x2c133111,0
1381,0x55555556750e,0x2c133112,0
1382,0x55555556750e,0x2c133113,0
1383,0x55555556750e,0x2c133114,0
1384,0x55555556750e,0x2c133115,0
1385,0x55555556750e,0x2c133116,0
1386,0x55555556750e,0x2c133117,0
1387,0x55555556750e,0x2c133118,0
1388,0x555555567525,0x2c133119,0
1389,0x55555556750e,0x2c13311a,0
1390,0x55555556750e,0x2c13311b,0
1391,0x555555567525,0x2c13311c,0
1392,0x555555567525,0x2c13311d,0
1393,0x55555556750e,0x2c13311e,0
1394,0x55555556750e,0x2c13311f,0
1395,0x55555556750e,0x2c133120,0
1396,0x555555567525,0x2c133121,0
1397,0x55555556750e,0x2c133122,0
1398,0x555555567525,0x2c133123,0
1399,0x55555556750e,0x2c133124,0
1400,0x55555556750e,0x2c133125,0
1401,0x555555567525,0x2c133126,0
1402,0x55555556750e,0x2c133127,0
1403,0x555555567525,0x2c133128,0
1404,0x55555556750e,0x2c133129,0
1405,0x55555556750e,0x2c13312a,0
1406,0x55555556750e,0x2c13312b,0
1407,0x55555556750e,0x2c13312c,0
1408,0x555555567525,0x2c13312d,0
1409,0x555555567525,0x2c13312e,0
1410,0x555555567525,0x2c13312f,0
1411,0x55555556750e,0x2c133130,0
1412,0x555555567525,0x2c133131,0
1413,0x555555567525,0x2c133132,0
1414,0x55555556750e,0x2c133133,0
1415,0x555555567525,0x2c133134,0
1416,0x55555556750e,0x2c133135,0
1417,0x555555567525,0x2c133136,0
1418,0x555555567525,0x2c133137,0
1419,0x55555556750e,0x2c133138,0
1420,0x555555567525,0x2c133139,0
1421,0x55555556750e,0x2c13313a,0
1422,0x55555556750e,0x2c13313b,0
1423,0x555555567525,0x2c13313c,0
1424,0x555555567525,0x2c13313d,0
1425,0x55555556750e,0x2c13313e,0
1426,0x555555567525,0x2c13313f,0
1427,0x555555567525,0x21c1c00,0
1428,0x555555567525,0x21c1c01,0
1429,0x55555556750e,0x21c1c02,0
1430,0x555555567525,0x21c1c03,0
1431,0x55555556750e,0x21c1c04,0
1432,0x555555567525,0x21c1c05,0
1433,0x555555567525,0x21c1c06,0
1434,0x555555567525,0x21c1c07,0
1435,0x55555556750e,0x21c1c08,0
1436,0x55555556750e,0x21c1c09,0
1437,0x55555556750e,0x21c1c0a,0
1438,0x55555556750e,0x21c1c0b,0
1439,0x55555556750e,0x21c1c0c,0
1440,0x55555556750e,0x21c1c0d,0
1441,0x55555556750e,0x21c1c0e,0
1442,0x55555556750e,0x21c1c0f,0
1443,0x55555556750e,0x21c1c10,0
1444,0x555555567525,0x21c1c11,0
1445,0x55555556750e,0x21c1c12,0
1446,0x55555556750e,0x21c1c13,0
1447,0x55555556750e,0x21c1c14,0
1448,0x55555556750e,0x21c1c15,0
1449,0x55555556750e,0x21c1c16,0
1450,0x55555556750e,0x21c1c17,0
1451,0x55555556750e,0x21c1c18,0
1452,0x55555556750e,0x21c1c19,0
1453,0x555555567525,0x21c1c1a,0
1454,0x55555556750e,0x21c1c1b,0
1455,0x555555567525,0x21c1c1c,0
1456,0x555555567525,0x21c1c1d,0
1457,0x55555556750e,0x21c1c1e,0
1458,0x55555556750e,0x21c1c1f,0
1459,0x555555567525,0x21c1c20,0
1460,0x555555567525,0x21c1c21,0
1461,0x55555556750e,0x21c1c22,0
1462,0x555555567525,0x21c1c23,0
1463,0x55555556750e,0x21c1c24,0
1464,0x55555556750e,0x21c1c25,0
1465,0x555555567525,0x21c1c26,0
1466,0x55555556750e,0x21c1c27,0
1467,0x55555556750e,0x21c1c28,0
1468,0x55555556750e,0x21c1c29,0
1469,0x55555556750e,0x21c1c2a,0
1470,0x55555556750e,0x21c1c2b,0
1471,0x55555556750e,0x21c1c2c,0
1472,0x55555556750e,0x21c1c2d,0
1473,0x55555556750e,0x21c1c2e,0
1474,0x555555567525,0x21c1c2f,0
1475,0x55555556750e,0x21c1c30,0
1476,0x555555567525,0x21c1c31,0
1477,0x555555567525,0x21c1c32,0
1478,0x55555556750e,0x21c1c33,0
1479,0x55555556750e,0x21c1c34,0
1480,0x55555556750e,0x21c1c35,0
1481,0x555555567525,0x21c1c36,0
1482,0x55555556750e,0x21c1c37,0
1483,0x555555567525,0x21c1c38,0
1484,0x55555556750e,0x21c1c39,0
1485,0x555555567525,0x21c1c3a,0
1486,0x555555567525,0x21c1c3b,0
1487,0x555555567525,0x21c1c3c,0
1488,0x55555556750e,0x21c1c3d,0
1489,0x55555556750e,0x21c1c3e,0
1490,0x55555556750e,0x21c1c3f,0
1491,0x555555567525,0x62e2280,0
1492,0x555555567525,0x62e2281,0
1493,0x55555556750e,0x62e2282,0
1494,0x55555556750e,0x62e2283,0
1495,0x55555556750e,0x62e2284,0
1496,0x555555567525,0x62e2285,0
1497,0x55555556750e,0x62e2286,0
1498,0x555555567525,0x62e2287,0
1499,0x555555567525,0x62e2288,0
1500,0x55555556750e,0x62e2289,0
1501,0x55555556750e,0x62e228a,0
1502,0x55555556750e,0x62e228b,0
1503,0x55555556750e,0x62e228c,0
1504,0x55555556750e,0x62e228d,0
1505,0x55555556750e,0x62e228e,0
1506,0x55555556750e,0x62e228f,0
1507,0x55555556750e,0x62e2290,0
1508,0x555555567525,0x62e2291,0
1509,0x555555567525,0x62e2292,0
1510,0x55555556750e,0x62e2293,0
1511,0x555555567525,0x62e2294,0
1512,0x55555556750e,0x62e2295,0
1513,0x55555556750e,0x62e2296,0
1514,0x55555556750e,0x62e2297,0
1515,0x555555567525,0x62e2298,0
1516,0x55555556750e,0x62e2299,0
1517,0x55555556750e,0x62e229a,0
1518,0x55555556750e,0x62e229b,0
1519,0x555555567525,0x62e229c,0
1520,0x55555556750e,0x62e229d,0
1521,0x55555556750e,0x62e229e,0
1522,0x55555556750e,0x62e229f,0
1523,0x555555567525,0x62e22a0,0
1524,0x55555556750e,0x62e22a1,0
1525,0x555555567525,0x62e22a2,0
1526,0x55555556750e,0x62e22a3,0
1527,0x55555556750e,0x62e22a4,0
1528,0x555555567525,0x62e22a5,0
1529,0x555555567525,0x62e22a6,0
1530,0x555555567525,0x62e22a7,0
1531,0x55555556750e,0x62e22a8,0
1532,0x55555556750e,0x62e22a9,0
1533,0x55555556750e,0x62e22aa,0
1534,0x55555556750e,0x62e22ab,0
1535,0x555555567525,0x62e22ac,0
1536,0x55555556750e,0x62e22ad,0
1537,0x55555556750e,0x62e22ae,0
1538,0x55555556750e,0x62e22af,0
1539,0x55555556750e,0x62e22b0,0
1540,0x555555567525,0x62e22b1,0
1541,0x55555556750e,0x62e22b2,0
1542,0x55555556750e,0x62e22b3,0
1543,0x555555567525,0x62e22b4,0
1544,0x55555556750e,0x62e22b5,0
1545,0x555555567525,0x62e22b6,0
1546,0x55555556750e,0x62e22b7,0
1547,0x55555556750e,0x62e22b8,0
1548,0x555555567525,0x62e22b9,0
1549,0x555555567525,0x62e22ba,0
1550,0x555555567525,0x62e22bb,0
1551,0x55555556750e,0x62e22bc,0
1552,0x555555567525,0x62e22bd,0
1553,0x555555567525,0x62e22be,0
1554,0x55555556750e,0x62e22bf,0
1555,0x555555567525,0x17a3dbc0,0
1556,0x555555567525,0x17a3dbc1,0
1557,0x555555567525,0x17a3dbc2,0
1558,0x55555556750e,0x17a3dbc3,0
1559,0x555555567525,0x17a3dbc4,0
1560,0x55555556750e,0x17a3dbc5,0
1561,0x55555556750e,0x17a3dbc6,0
1562,0x55555556750e,0x17a3dbc7,0
1563,0x55555556750e,0x17a3dbc8,0
1564,0x55555556750e,0x17a3dbc9,0
1565,0x55555556750e,0x17a3dbca,0
1566,0x55555556750e,0x17a3dbcb,0
1567,0x55555556750e,0x17a3dbcc,0
1568,0x555555567525,0x17a3dbcd,0
1569,0x555555567525,0x17a3dbce,0
1570,0x55555556750e,0x17a3dbcf,0
1571,0x555555567525,0x17a3dbd0,0
1572,0x555555567525,0x17a3dbd1,0
1573,0x555555567525,0x17a3dbd2,0
1574,0x55555556750e,0x17a3dbd3,0
1575,0x555555567525,0x17a3dbd4,0
1576,0x555555567525,0x17a3dbd5,0
1577,0x555555567525,0x17a3dbd6,0
1578,0x55555556750e,0x17a3dbd7,0
1579,0x55555556750e,0x17a3dbd8,0
1580,0x55555556750e,0x17a3dbd9,0
1581,0x555555567525,0x17a3dbda,0
1582,0x55555556750e,0x17a3dbdb,0
1583,0x555555567525,0x17a3dbdc,0
1584,0x555555567525,0x17a3dbdd,0
1585,0x55555556750e,0x17a3dbde,0
1586,0x555555567525,0x17a3dbdf,0
1587,0x55555556750e,0x17a3dbe0,0
1588,0x55555556750e,0x17a3dbe1,0
1589,0x55555556750e,0x17a3dbe2,0
1590,0x55555556750e,0x17a3dbe3,0
1591,0x55555556750e,0x17a3dbe4,0
1592,0x55555556750e,0x17a3dbe5,0
1593,0x55555556750e,0x17a3dbe6,0
1594,0x555555567525,0x17a3dbe7,0
1595,0x555555567525,0x17a3dbe8,0
1596,0x55555556750e,0x17a3dbe9,0
1597,0x555555567525,0x17a3dbea,0
1598,0x55555556750e,0x17a3dbeb,0
1599,0x55555556750e,0x17a3dbec,0
1600,0x55555556750e,0x17a3dbed,0
1601,0x555555567525,0x17a3dbee,0
1602,0x55555556750e,0x17a3dbef,0
1603,0x555555567525,0x17a3dbf0,0
1604,0x55555556750e,0x17a3dbf1,0
1605,0x555555567525,0x17a3dbf2,0
1606,0x555555567525,0x17a3dbf3,0
1607,0x55555556750e,0x17a3dbf4,0
1608,0x55555556750e,0x17a3dbf5,0
1609,0x55555556750e,0x17a3dbf6,0
1610,0x55555556750e,0x17a3dbf7,0
1611,0x555555567525,0x17a3dbf8,0
1612,0x55555556750e,0x17a3dbf9,0
1613,0x555555567525,0x17a3dbfa,0
1614,0x55555556750e,0x17a3dbfb,0
1615,0x555555567525,0x17a3dbfc,0
1616,0x555555567525,0x17a3dbfd,0
1617,0x55555556750e,0x17a3dbfe,0
1618,0x555555567525,0x17a3dbff,0
1619,0x55555556750e,0x139b36c0,0
1620,0x555555567525,0x139b36c1,0
1621,0x55555556750e,0x139b36c2,0
1622,0x55555556750e,0x139b36c3,0
1623,0x55555556750e,0x139b36c4,0
1624,0x55555556750e,0x139b36c5,0
1625,0x555555567525,0x139b36c6,0
1626,0x555555567525,0x139b36c7,0
1627,0x55555556750e,0x139b36c8,0
1628,0x55555556750e,0x139b36c9,0
1629,0x555555567525,0x139b36ca,0
1630,0x555555567525,0x139b36cb,0
1631,0x555555567525,0x139b36cc,0
1632,0x55555556750e,0x139b36cd,0
1633,0x555555567525,0x139b36ce,0
1634,0x555555567525,0x139b36cf,0
1635,0x555555567525,0x139b36d0,0
1636,0x55555556750e,0x139b36d1,0
1637,0x555555567525,0x139b36d2,0
1638,0x555555567525,0x139b36d3,0
1639,0x55555556750e,0x139b36d4,0
1640,0x55555556750e,0x139b36d5,0
1641,0x55555556750e,0x139b36d6,0
1642,0x555555567525,0x139b36d7,0
1643,0x55555556750e,0x139b36d8,0
1644,0x55555556750e,0x139b36d9,0
1645,0x55555556750e,0x139b36da,0
1646,0x55555556750e,0x139b36db,0
1647,0x555555567525,0x139b36dc,0
1648,0x55555556750e,0x139b36dd,0
1649,0x55555556750e,0x139b36de,0
1650,0x55555556750e,0x139b36df,0
1651,0x555555567525,0x139b36e0,0
1652,0x55555556750e,0x139b36e1,0
1653,0x555555567525,0x139b36e2,0
1654,0x55555556750e,0x139b36e3,0
1655,0x555555567525,0x139b36e4,0
1656,0x555555567525,0x139b36e5,0
1657,0x55555556750e,0x139b36e6,0
1658,0x555555567525,0x139b36e7,0
1659,0x55555556750e,0x139b36e8,0
1660,0x55555556750e,0x139b36e9,0
1661,0x55555556750e,0x139b36ea,0
1662,0x55555556750e,0x139b36eb,0
1663,0x555555567525,0x139b36ec,0
1664,0x55555556750e,0x139b36ed,0
1665,0x55555556750e,0x139b36ee,0
1666,0x55555556750e,0x139b36ef,0
1667,0x555555567525,0x139b36f0,0
1668,0x555555567525,0x139b36f1,0
1669,0x55555556750e,0x139b36f2,0
1670,0x555555567525,0x139b36f3,0
1671,0x55555556750e,0x139b36f4,0
1672,0x555555567525,0x139b36f5,0
1673,0x55555556750e,0x139b36f6,0
1674,0x55555556750e,0x139b36f7,0
1675,0x555555567525,0x139b36f8,0
1676,0x55555556750e,0x139b36f9,0
1677,0x555555567525,0x139b36fa,0
1678,0x55555556750e,0x139b36fb,0
1679,0x555555567525,0x139b36fc,0
1680,0x555555567525,0x139b36fd,0
1681,0x55555556750e,0x139b36fe,0
1682,0x555555567525,0x139b36ff,0
1683,0x55555556750e,0x1b8a9bc0,0
1684,0x555555567525,0x1b8a9bc1,0
1685,0x55555556750e,0x1b8a9bc2,0
1686,0x555555567525,0x1b8a9bc3,0
1687,0x55555556750e,0x1b8a9bc4,0
1688,0x555555567525,0x1b8a9bc5,0
1689,0x55555556750e,0x1b8a9bc6,0
1690,0x555555567525,0x1b8a9bc7,0
1691,0x555555567525,0x1b8a9bc8,0
1692,0x55555556750e,0x1b8a9bc9,0
1693,0x55555556750e,0x1b8a9bca,0
1694,0x55555556750e,0x1b8a9bcb,0
1695,0x55555556750e,0x1b8a9bcc,0
1696,0x55555556750e,0x1b8a9bcd,0
1697,0x55555556750e,0x1b8a9bce,0
1698,0x55555556750e,0x1b8a9bcf,0
1699,0x55555556750e,0x1b8a9bd0,0
1700,0x555555567525,0x1b8a9bd1,0
1701,0x555555567525,0x1b8a9bd2,0
1702,0x55555556750e,0x1b8a9bd3,0
1703,0x555555567525,0x1b8a9bd4,0
1704,0x555555567525,0x1b8a9bd5,0
1705,0x55555556750e,0x1b8a9bd6,0
1706,0x555555567525,0x1b8a9bd7,0
1707,0x55555556750e,0x1b8a9bd8,0
1708,0x555555567525,0x1b8a9bd9,0
1709,0x55555556750e,0x1b8a9bda,0
1710,0x555555567525,0x1b8a9bdb,0
1711,0x555555567525,0x1b8a9bdc,0
1712,0x55555556750e,0x1b8a9bdd,0
1713,0x55555556750e,0x1b8a9bde,0
1714,0x55555556750e,0x1b8a9bdf,0
1715,0x55555556750e,0x1b8a9be0,0
1716,0x55555556750e,0x1b8a9be1,0
1717,0x55555556750e,0x1b8a9be2,0
1718,0x55555556750e,0x1b8a9be3,0
1719,0x55555556750e,0x1b8a9be4,0
1720,0x55555556750e,0x1b8a9be5,0
1721,0x555555567525,0x1b8a9be6,0
1722,0x555555567525,0x1b8a9be7,0
1723,0x555555567525,0x1b8a9be8,0
1724,0x555555567525,0x1b8a9be9,0
1725,0x555555567525,0x1b8a9bea,0
1726,0x55555556750e,0x1b8a9beb,0
1727,0x555555567525,0x1b8a9bec,0
1728,0x55555556750e,0x1b8a9bed,0
1729,0x55555556750e,0x1b8a9bee,0
1730,0x55555556750e,0x1b8a9bef,0
1731,0x55555556750e,0x1b8a9bf0,0
1732,0x555555567525,0x1b8a9bf1,0
1733,0x555555567525,0x1b8a9bf2,0
1734,0x55555556750e,0x1b8a9bf3,0
1735,0x55555556750e,0x1b8a9bf4,0
1736,0x55555556750e,0x1b8a9bf5,0
1737,0x55555556750e,0x1b8a9bf6,0
1738,0x55555556750e,0x1b8a9bf7,0
1739,0x55555556750e,0x1b8a9bf8,0
1740,0x55555556750e,0x1b8a9bf9,0
1741,0x55555556750e,0x1b8a9bfa,0
1742,0x55555556750e,0x1b8a9bfb,0
1743,0x555555567525,0x1b8a9bfc,0
1744,0x555555567525,0x1b8a9bfd,0
1745,0x55555556750e,0x1b8a9bfe,0
1746,0x555555567525,0x1b8a9bff,0
1747,0x55555556750e,0x3f413040,0
1748,0x55555556750e,0x3f413041,0
1749,0x55555556750e,0x3f413042,0
1750,0x555555567525,0x3f413043,0
1751,0x55555556750e,0x3f413044,0
1752,0x55555556750e,0x3f413045,0
1753,0x55555556750e,0x3f413046,0
1754,0x55555556750e,0x3f413047,0
1755,0x555555567525,0x3f413048,0
1756,0x55555556750e,0x3f413049,0
1757,0x555555567525,0x3f41304a,0
1758,0x55555556750e,0x3f41304b,0
1759,0x555555567525,0x3f41304c,0
1760,0x55555556750e,0x3f41304d,0
1761,0x555555567525,0x3f41304e,0
1762,0x55555556750e,0x3f41304f,0
1763,0x555555567525,0x3f413050,0
1764,0x555555567525,0x3f413051,0
1765,0x555555567525,0x3f413052,0
1766,0x55555556750e,0x3f413053,0
1767,0x555555567525,0x3f413054,0
1768,0x55555556750e,0x3f413055,0
1769,0x55555556750e,0x3f413056,0
1770,0x55555556750e,0x3f413057,0
1771,0x555555567525,0x3f413058,0
1772,0x55555556750e,0x3f413059,0
1773,0x55555556750e,0x3f41305a,0
1774,0x55555556750e,0x3f41305b,0
1775,0x555555567525,0x3f41305c,0
1776,0x555555567525,0x3f41305d,0
1777,0x55555556750e,0x3f41305e,0
1778,0x55555556750e,0x3f41305f,0
1779,0x55555556750e,0x3f413060,0
1780,0x555555567525,0x3f413061,0
1781,0x55555556750e,0x3f413062,0
1782,0x55555556750e,0x3f413063,0
1783,0x55555556750e,0x3f413064,0
1784,0x55555556750e,0x3f413065,0
1785,0x55555556750e,0x3f413066,0
1786,0x55555556750e,0x3f413067,0
1787,0x55555556750e,0x3f413068,0
1788,0x55555556750e,0x3f413069,0
1789,0x555555567525,0x3f41306a,0
1790,0x55555556750e,0x3f41306b,0
1791,0x555555567525,0x3f41306c,0
1792,0x55555556750e,0x3f41306d,0
1793,0x55555556750e,0x3f41306e,0
1794,0x555555567525,0x3f41306f,0
1795,0x55555556750e,0x3f413070,0
1796,0x555555567525,0x3f413071,0
1797,0x55555556750e,0x3f413072,0
1798,0x55555556750e,0x3f413073,0
1799,0x555555567525,0x3f413074,0
1800,0x55555556750e,0x3f413075,0
1801,0x55555556750e,0x3f413076,0
1802,0x55555556750e,0x3f413077,0
1803,0x55555556750e,0x3f413078,0
1804,0x55555556750e,0x3f413079,0
1805,0x55555556750e,0x3f41307a,0
1806,0x55555556750e,0x3f41307b,0
1807,0x55555556750e,0x3f41307c,0
1808,0x555555567525,0x3f41307d,0
1809,0x555555567525,0x3f41307e,0
1810,0x55555556750e,0x3f41307f,0
1811,0x555555567525,0x2d3c1d00,0
1812,0x55555556750e,0x2d3c1d01,0
1813,0x555555567525,0x2d3c1d02,0
1814,0x555555567525,0x2d3c1d03,0
1815,0x55555556750e,0x2d3c1d04,0
1816,0x555555567525,0x2d3c1d05,0
1817,0x55555556750e,0x2d3c1d06,0
1818,0x555555567525,0x2d3c1d07,0
1819,0x555555567525,0x2d3c1d08,0
1820,0x55555556750e,0x2d3c1d09,0
1821,0x555555567525,0x2d3c1d0a,0
1822,0x55555556750e,0x2d3c1d0b,0
1823,0x555555567525,0x2d3c1d0c,0
1824,0x55555556750e,0x2d3c1d0d,0
1825,0x55555556750e,0x2d3c1d0e,0
1826,0x555555567525,0x2d3c1d0f,0
1827,0x55555556750e,0x2d3c1d10,0
1828,0x555555567525,0x2d3c1d11,0
1829,0x55555556750e,0x2d3c1d12,0
1830,0x55555556750e,0x2d3c1d13,0
1831,0x555555567525,0x2d3c1d14,0
1832,0x55555556750e,0x2d3c1d15,0
1833,0x555555567525,0x2d3c1d16,0
1834,0x55555556750e,0x2d3c1d17,0
1835,0x555555567525,0x2d3c1d18,0
1836,0x55555556750e,0x2d3c1d19,0
1837,0x555555567525,0x2d3c1d1a,0
1838,0x55555556750e,0x2d3c1d1b,0
1839,0x555555567525,0x2d3c1d1c,0
1840,0x555555567525,0x2d3c1d1d,0
1841,0x55555556750e,0x2d3c1d1e,0
1842,0x55555556750e,0x2d3c1d1f,0
1843,0x555555567525,0x2d3c1d20,0
1844,0x555555567525,0x2d3c1d21,0
1845,0x55555556750e,0x2d3c1d22,0
1846,0x555555567525,0x2d3c1d23,0
1847,0x55555556750e,0x2d3c1d24,0
1848,0x55555556750e,0x2d3c1d25,0
1849,0x55555556750e,0x2d3c1d26,0
1850,0x555555567525,0x2d3c1d27,0
1851,0x555555567525,0x2d3c1d28,0
1852,0x55555556750e,0x2d3c1d29,0
1853,0x55555556750e,0x2d3c1d2a,0
1854,0x55555556750e,0x2d3c1d2b,0
1855,0x55555556750e,0x2d3c1d2c,0
1856,0x55555556750e,0x2d3c1d2d,0
1857,0x55555556750e,0x2d3c1d2e,0
1858,0x55555556750e,0x2d3c1d2f,0
1859,0x55555556750e,0x2d3c1d30,0
1860,0x555555567525,0x2d3c1d31,0
1861,0x55555556750e,0x2d3c1d32,0
1862,0x55555556750e,0x2d3c1d33,0
1863,0x55555556750e,0x2d3c1d34,0
1864,0x55555556750e,0x2d3c1d35,0
1865,0x55555556750e,0x2d3c1d36,0
1866,0x55555556750e,0x2d3c1d37,0
1867,0x55555556750e,0x2d3c1d38,0
1868,0x55555556750e,0x2d3c1d39,0
1869,0x555555567525,0x2d3c1d3a,0
1870,0x55555556750e,0x2d3c1d3b,0
1871,0x555555567525,0x2d3c1d3c,0
1872,0x555555567525,0x2d3c1d3d,0
1873,0x555555567525,0x2d3c1d3e,0
1874,0x555555567525,0x2d3c1d3f,0
1875,0x555555567525,0x15e47600,0
1876,0x555555567525,0x15e47601,0
1877,0x55555556750e,0x15e47602,0
1878,0x55555556750e,0x15e47603,0
1879,0x55555556750e,0x15e47604,0
1880,0x55555556750e,0x15e47605,0
1881,0x555555567525,0x15e47606,0
1882,0x555555567525,0x15e47607,0
1883,0x555555567525,0x15e47608,0
1884,0x55555556750e,0x15e47609,0
1885,0x555555567525,0x15e4760a,0
1886,0x55555556750e,0x15e4760b,0
1887,0x555555567525,0x15e4760c,0
1888,0x55555556750e,0x15e4760d,0
1889,0x555555567525,0x15e4760e,0
1890,0x55555556750e,0x15e4760f,0
1891,0x55555556750e,0x15e47610,0
1892,0x555555567525,0x15e47611,0
1893,0x555555567525,0x15e47612,0
1894,0x55555556750e,0x15e47613,0
1895,0x555555567525,0x15e47614,0
1896,0x55555556750e,0x15e47615,0
1897,0x555555567525,0x15e47616,0
1898,0x555555567525,0x15e47617,0
1899,0x555555567525,0x15e47618,0
1900,0x55555556750e,0x15e47619,0
1901,0x555555567525,0x15e4761a,0
1902,0x55555556750e,0x15e4761b,0
1903,0x555555567525,0x15e4761c,0
1904,0x55555556750e,0x15e4761d,0
1905,0x55555556750e,0x15e4761e,0
1906,0x55555556750e,0x15e4761f,0
1907,0x55555556750e,0x15e47620,0
1908,0x55555556750e,0x15e47621,0
1909,0x55555556750e,0x15e47622,0
1910,0x55555556750e,0x15e47623,0
1911,0x555555567525,0x15e47624,0
1912,0x55555556750e,0x15e47625,0
1913,0x55555556750e,0x15e47626,0
1914,0x55555556750e,0x15e47627,0
1915,0x555555567525,0x15e47628,0
1916,0x55555556750e,0x15e47629,0
1917,0x555555567525,0x15e4762a,0
1918,0x55555556750e,0x15e4762b,0
1919,0x555555567525,0x15e4762c,0
1920,0x55555556750e,0x15e4762d,0
1921,0x55555556750e,0x15e4762e,0
1922,0x55555556750e,0x15e4762f,0
1923,0x555555567525,0x15e47630,0
1924,0x555555567525,0x15e47631,0
1925,0x555555567525,0x15e47632,0
1926,0x55555556750e,0x15e47633,0
1927,0x555555567525,0x15e47634,0
1928,0x55555556750e,0x15e47635,0
1929,0x55555556750e,0x15e47636,0
1930,0x55555556750e,0x15e47637,0
1931,0x55555556750e,0x15e47638,0
1932,0x555555567525,0x15e47639,0
1933,0x55555556750e,0x15e4763a,0
1934,0x555555567525,0x15e4763b,0
1935,0x555555567525,0x15e4763c,0
1936,0x555555567525,0x15e4763d,0
1937,0x555555567525,0x15e4763e,0
1938,0x555555567525,0x15e4763f,0
1939,0x55555556750e,0x24a5e80,0
1940,0x555555567525,0x24a5e81,0
1941,0x55555556750e,0x24a5e82,0
1942,0x555555567525,0x24a5e83,0
1943,0x55555556750e,0x24a5e84,0
1944,0x55555556750e,0x24a5e85,0
1945,0x555555567525,0x24a5e86,0
1946,0x55555556750e,0x24a5e87,0
1947,0x555555567525,0x24a5e88,0
1948,0x555555567525,0x24a5e89,0
1949,0x555555567525,0x24a5e8a,0
1950,0x55555556750e,0x24a5e8b,0
1951,0x55555556750e,0x24a5e8c,0
1952,0x55555556750e,0x24a5e8d,0
1953,0x555555567525,0x24a5e8e,0
1954,0x55555556750e,0x24a5e8f,0
1955,0x55555556750e,0x24a5e90,0
1956,0x555555567525,0x24a5e91,0
1957,0x555555567525,0x24a5e92,0
1958,0x55555556750e,0x24a5e93,0
1959,0x55555556750e,0x24a5e94,0
1960,0x555555567525,0x24a5e95,0
1961,0x555555567525,0x24a5e96,0
1962,0x55555556750e,0x24a5e97,0
1963,0x555555567525,0x24a5e98,0
1964,0x55555556750e,0x24a5e99,0
1965,0x55555556750e,0x24a5e9a,0
1966,0x55555556750e,0x24a5e9b,0
1967,0x555555567525,0x24a5e9c,0
1968,0x55555556750e,0x24a5e9d,0
1969,0x55555556750e,0x24a5e9e,0
1970,0x55555556750e,0x24a5e9f,0
1971,0x555555567525,0x24a5ea0,0
1972,0x55555556750e,0x24a5ea1,0
1973,0x55555556750e,0x24a5ea2,0
1974,0x555555567525,0x24a5ea3,0
1975,0x55555556750e,0x24a5ea4,0
1976,0x555555567525,0x24a5ea5,0
1977,0x55555556750e,0x24a5ea6,0
1978,0x555555567525,0x24a5ea7,0
1979,0x555555567525,0x24a5ea8,0
1980,0x55555556750e,0x24a5ea9,0
1981,0x555555567525,0x24a5eaa,0
1982,0x55555556750e,0x24a5eab,0
1983,0x55555556750e,0x24a5eac,0
1984,0x55555556750e,0x24a5ead,0
1985,0x555555567525,0x24a5eae,0
1986,0x55555556750e,0x24a5eaf,0
1987,0x55555556750e,0x24a5eb0,0
1988,0x555555567525,0x24a5eb1,0
1989,0x55555556750e,0x24a5eb2,0
1990,0x555555567525,0x24a5eb3,0
1991,0x555555567525,0x24a5eb4,0
1992,0x55555556750e,0x24a5eb5,0
1993,0x555555567525,0x24a5eb6,0
1994,0x55555556750e,0x24a5eb7,0
1995,0x555555567525,0x24a5eb8,0
1996,0x55555556750e,0x24a5eb9,0
1997,0x555555567525,0x24a5eba,0
1998,0x55555556750e,0x24a5ebb,0
1999,0x555555567525,0x24a5ebc,0
2000,0x555555567525,0x24a5ebd,0
2001,0x55555556750e,0x24a5ebe,0
2002,0x55555556750e,0x24a5ebf,0
2003,0x555555567525,0x16d26680,0
2004,0x555555567525,0x16d26681,0
2005,0x55555556750e,0x16d26682,0
2006,0x555555567525,0x16d26683,0
2007,0x55555556750e,0x16d26684,0
2008,0x55555556750e,0x16d26685,0
2009,0x555555567525,0x16d26686,0
2010,0x55555556750e,0x16d26687,0
2011,0x555555567525,0x16d26688,0
2012,0x55555556750e,0x16d26689,0
2013,0x55555556750e,0x16d2668a,0
2014,0x55555556750e,0x16d2668b,0
2015,0x55555556750e,0x16d2668c,0
2016,0x555555567525,0x16d2668d,0
2017,0x55555556750e,0x16d2668e,0
2018,0x55555556750e,0x16d2668f,0
2019,0x55555556750e,0x16d26690,0
2020,0x55555556750e,0x16d26691,0
2021,0x55555556750e,0x16d26692,0
2022,0x555555567525,0x16d26693,0
2023,0x55555556750e,0x16d26694,0
2024,0x55555556750e,0x16d26695,0
2025,0x55555556750e,0x16d26696,0
2026,0x55555556750e,0x16d26697,0
2027,0x55555556750e,0x16d26698,0
2028,0x55555556750e,0x16d26699,0
2029,0x55555556750e,0x16d2669a,0
2030,0x55555556750e,0x16d2669b,0
2031,0x555555567525,0x16d2669c,0
2032,0x55555556750e,0x16d2669d,0
2033,0x55555556750e,0x16d2669e,0
2034,0x555555567525,0x16d2669f,0
2035,0x55555556750e,0x16d266a0,0
2036,0x55555556750e,0x16d266a1,0
2037,0x55555556750e,0x16d266a2,0
2038,0x555555567525,0x16d266a3,0
2039,0x55555556750e,0x16d266a4,0
2040,0x55555556750e,0x16d266a5,0
2041,0x555555567525,0x16d266a6,0
2042,0x55555556750e,0x16d266a7,0
2043,0x55555556750e,0x16d266a8,0
2044,0x555555567525,0x16d266a9,0
2045,0x55555556750e,0x16d266aa,0
2046,0x55555556750e,0x16d266ab,0
2047,0x55555556750e,0x16d266ac,0
2048,0x55555556750e,0x16d266ad,0
2049,0x555555567525,0x16d266ae,0
2050,0x55555556750e,0x16d266af,0
2051,0x555555567525,0x16d266b0,0
2052,0x555555567525,0x16d266b1,0
2053,0x555555567525,0x16d266b2,0
2054,0x555555567525,0x16d266b3,0
2055,0x55555556750e,0x16d266b4,0
2056,0x555555567525,0x16d266b5,0
2057,0x55555556750e,0x16d266b6,0
2058,0x555555567525,0x16d266b7,0
2059,0x55555556750e,0x16d266b8,0
2060,0x555555567525,0x16d266b9,0
2061,0x55555556750e,0x16d266ba,0
2062,0x555555567525,0x16d266bb,0
2063,0x555555567525,0x16d266bc,0
2064,0x555555567525,0x16d266bd,0
2065,0x55555556750e,0x16d266be,0
2066,0x555555567525,0x16d266bf,0
2067,0x55555556750e,0x1013b500,0
2068,0x555555567525,0x1013b501,0
2069,0x55555556750e,0x1013b502,0
2070,0x55555556750e,0x1013b503,0
2071,0x55555556750e,0x1013b504,0
2072,0x555555567525,0x1013b505,0
2073,0x55555556750e,0x1013b506,0
2074,0x555555567525,0x1013b507,0
2075,0x555555567525,0x1013b508,0
2076,0x55555556750e,0x1013b509,0
2077,0x555555567525,0x1013b50a,0
2078,0x555555567525,0x1013b50b,0
2079,0x555555567525,0x1013b50c,0
2080,0x55555556750e,0x1013b50d,0
2081,0x555555567525,0x1013b50e,0
2082,0x55555556750e,0x1013b50f,0
2083,0x555555567525,0x1013b510,0
2084,0x55555556750e,0x1013b511,0
2085,0x555555567525,0x1013b512,0
2086,0x555555567525,0x1013b513,0
2087,0x55555556750e,0x1013b514,0
2088,0x555555567525,0x1013b515,0
2089,0x55555556750e,0x1013b516,0
2090,0x555555567525,0x1013b517,0
2091,0x55555556750e,0x1013b518,0
2092,0x555555567525,0x1013b519,0
2093,0x555555567525,0x1013b51a,0
2094,0x555555567525,0x1013b51b,0
2095,0x55555556750e,0x1013b51c,0
2096,0x555555567525,0x1013b51d,0
2097,0x555555567525,0x1013b51e,0
2098,0x55555556750e,0x1013b51f,0
2099,0x55555556750e,0x1013b520,0
2100,0x555555567525,0x1013b521,0
2101,0x55555556750e,0x1013b522,0
2102,0x555555567525,0x1013b523,0
2103,0x55555556750e,0x1013b524,0
2104,0x55555556750e,0x1013b525,0
2105,0x55555556750e,0x1013b526,0
2106,0x555555567525,0x1013b527,0
2107,0x555555567525,0x1013b528,0
2108,0x55555556750e,0x1013b529,0
2109,0x555555567525,0x1013b52a,0
2110,0x55555556750e,0x1013b52b,0
2111,0x55555556750e,0x1013b52c,0
2112,0x55555556750e,0x1013b52d,0
2113,0x555555567525,0x1013b52e,0
2114,0x55555556750e,0x1013b52f,0
2115,0x555555567525,0x1013b530,0
2116,0x555555567525,0x1013b531,0
2117,0x55555556750e,0x1013b532,0
2118,0x555555567525,0x1013b533,0
2119,0x55555556750e,0x1013b534,0
2120,0x55555556750e,0x1013b535,0
2121,0x55555556750e,0x1013b536,0
2122,0x555555567525,0x1013b537,0
2123,0x55555556750e,0x1013b538,0
2124,0x555555567525,0x1013b539,0
2125,0x55555556750e,0x1013b53a,0
2126,0x55555556750e,0x1013b53b,0
2127,0x555555567525,0x1013b53c,0
2128,0x55555556750e,0x1013b53d,0
2129,0x55555556750e,0x1013b53e,0
2130,0x55555556750e,0x1013b53f,0
2131,0x555555567525,0x13ca6940,0
2132,0x55555556750e,0x13ca6941,0
2133,0x55555556750e,0x13ca6942,0
2134,0x555555567525,0x13ca6943,0
2135,0x555555567525,0x13ca6944,0
2136,0x55555556750e,0x13ca6945,0
2137,0x555555567525,0x13ca6946,0
2138,0x55555556750e,0x13ca6947,0
2139,0x555555567525,0x13ca6948,0
2140,0x55555556750e,0x13ca6949,0
2141,0x555555567525,0x13ca694a,0
2142,0x55555556750e,0x13ca694b,0
2143,0x55555556750e,0x13ca694c,0
2144,0x555555567525,0x13ca694d,0
2145,0x555555567525,0x13ca694e,0
2146,0x555555567525,0x13ca694f,0
2147,0x55555556750e,0x13ca6950,0
2148,0x555555567525,0x13ca6951,0
2149,0x55555556750e,0x13ca6952,0
2150,0x55555556750e,0x13ca6953,0
2151,0x55555556750e,0x13ca6954,0
2152,0x55555556750e,0x13ca6955,0
2153,0x555555567525,0x13ca6956,0
2154,0x555555567525,0x13ca6957,0
2155,0x555555567525,0x13ca6958,0
2156,0x55555556750e,0x13ca6959,0
2157,0x55555556750e,0x13ca695a,0
2158,0x555555567525,0x13ca695b,0
2159,0x555555567525,0x13ca695c,0
2160,0x55555556750e,0x13ca695d,0
2161,0x555555567525,0x13ca695e,0
2162,0x55555556750e,0x13ca695f,0
2163,0x555555567525,0x13ca6960,0
2164,0x55555556750e,0x13ca6961,0
2165,0x555555567525,0x13ca6962,0
2166,0x55555556750e,0x13ca6963,0
2167,0x555555567525,0x13ca6964,0
2168,0x55555556750e,0x13ca6965,0
2169,0x555555567525,0x13ca6966,0
2170,0x555555567525,0x13ca6967,0
2171,0x555555567525,0x13ca6968,0
2172,0x55555556750e,0x13ca6969,0
2173,0x555555567525,0x13ca696a,0
2174,0x55555556750e,0x13ca696b,0
2175,0x555555567525,0x13ca696c,0
2176,0x55555556750e,0x13ca696d,0
2177,0x555555567525,0x13ca696e,0
2178,0x55555556750e,0x13ca696f,0
2179,0x55555556750e,0x13ca6970,0
2180,0x555555567525,0x13ca6971,0
2181,0x55555556750e,0x13ca6972,0
2182,0x55555556750e,0x13ca6973,0
2183,0x55555556750e,0x13ca6974,0
2184,0x55555556750e,0x13ca6975,0
2185,0x55555556750e,0x13ca6976,0
2186,0x555555567525,0x13ca6977,0
2187,0x55555556750e,0x13ca6978,0
2188,0x55555556750e,0x13ca6979,0
2189,0x55555556750e,0x13ca697a,0
2190,0x55555556750e,0x13ca697b,0
2191,0x555555567525,0x13ca697c,0
2192,0x555555567525,0x13ca697d,0
2193,0x55555556750e,0x13ca697e,0
2194,0x55555556750e,0x13ca697f,0
2195,0x555555567525,0x3cc342c0,0
2196,0x555555567525,0x3cc342c1,0
2197,0x55555556750e,0x3cc342c2,0
2198,0x555555567525,0x3cc342c3,0
2199,0x555555567525,0x3cc342c4,0
2200,0x555555567525,0x3cc342c5,0
2201,0x55555556750e,0x3cc342c6,0
2202,0x555555567525,0x3cc342c7,0
2203,0x55555556750e,0x3cc342c8,0
2204,0x555555567525,0x3cc342c9,0
2205,0x55555556750e,0x3cc342ca,0
2206,0x55555556750e,0x3cc342cb,0
2207,0x555555567525,0x3cc342cc,0
2208,0x55555556750e,0x3cc342cd,0
2209,0x55555556750e,0x3cc342ce,0
2210,0x55555556750e,0x3cc342cf,0
2211,0x555555567525,0x3cc342d0,0
2212,0x555555567525,0x3cc342d1,0
2213,0x555555567525,0x3cc342d2,0
2214,0x55555556750e,0x3cc342d3,0
2215,0x555555567525,0x3cc342d4,0
2216,0x55555556750e,0x3cc342d5,0
2217,0x55555556750e,0x3cc342d6,0
2218,0x555555567525,0x3cc342d7,0
2219,0x55555556750e,0x3cc342d8,0
2220,0x555555567525,0x3cc342d9,0
2221,0x55555556750e,0x3cc342da,0
2222,0x555555567525,0x3cc342db,0
2223,0x555555567525,0x3cc342dc,0
2224,0x55555556750e,0x3cc342dd,0
2225,0x555555567525,0x3cc342de,0
2226,0x55555556750e,0x3cc342df,0
2227,0x55555556750e,0x3cc342e0,0
2228,0x55555556750e,0x3cc342e1,0
2229,0x55555556750e,0x3cc342e2,0
2230,0x55555556750e,0x3cc342e3,0
2231,0x55555556750e,0x3cc342e4,0
2232,0x555555567525,0x3cc342e5,0
2233,0x555555567525,0x3cc342e6,0
2234,0x55555556750e,0x3cc342e7,0
2235,0x555555567525,0x3cc342e8,0
2236,0x55555556750e,0x3cc342e9,0
2237,0x555555567525,0x3cc342ea,0
2238,0x55555556750e,0x3cc342eb,0
2239,0x55555556750e,0x3cc342ec,0
2240,0x555555567525,0x3cc342ed,0
2241,0x55555556750e,0x3cc342ee,0
2242,0x555555567525,0x3cc342ef,0
2243,0x55555556750e,0x3cc342f0,0
2244,0x55555556750e,0x3cc342f1,0
2245,0x555555567525,0x3cc342f2,0
2246,0x55555556750e,0x3cc342f3,0
2247,0x55555556750e,0x3cc342f4,0
2248,0x55555556750e,0x3cc342f5,0
2249,0x55555556750e,0x3cc342f6,0
2250,0x55555556750e,0x3cc342f7,0
2251,0x555555567525,0x3cc342f8,0
2252,0x55555556750e,0x3cc342f9,0
2253,0x55555556750e,0x3cc342fa,0
2254,0x55555556750e,0x3cc342fb,0
2255,0x555555567525,0x3cc342fc,0
2256,0x555555567525,0x3cc342fd,0
2257,0x55555556750e,0x3cc342fe,0
2258,0x55555556750e,0x3cc342ff,0
2259,0x555555567525,0x10d0e140,0
2260,0x555555567525,0x10d0e141,0
2261,0x555555567525,0x10d0e142,0
2262,0x555555567525,0x10d0e143,0
2263,0x55555556750e,0x10d0e144,0
2264,0x555555567525,0x10d0e145,0
2265,0x55555556750e,0x10d0e146,0
2266,0x555555567525,0x10d0e147,0
2267,0x55555556750e,0x10d0e148,0
2268,0x55555556750e,0x10d0e149,0
2269,0x55555556750e,0x10d0e14a,0
2270,0x55555556750e,0x10d0e14b,0
2271,0x55555556750e,0x10d0e14c,0
2272,0x55555556750e,0x10d0e14d,0
2273,0x55555556750e,0x10d0e14e,0
2274,0x55555556750e,0x10d0e14f,0
2275,0x55555556750e,0x10d0e150,0
2276,0x555555567525,0x10d0e151,0
2277,0x555555567525,0x10d0e152,0
2278,0x55555556750e,0x10d0e153,0
2279,0x55555556750e,0x10d0e154,0
2280,0x55555556750e,0x10d0e155,0
2281,0x55555556750e,0x10d0e156,0
2282,0x55555556750e,0x10d0e157,0
2283,0x555555567525,0x10d0e158,0
2284,0x55555556750e,0x10d0e159,0
2285,0x55555556750e,0x10d0e15a,0
2286,0x55555556750e,0x10d0e15b,0
2287,0x555555567525,0x10d0e15c,0
2288,0x555555567525,0x10d0e15d,0
2289,0x55555556750e,0x10d0e15e,0
2290,0x55555556750e,0x10d0e15f,0
2291,0x55555556750e,0x10d0e160,0
2292,0x55555556750e,0x10d0e161,0
2293,0x55555556750e,0x10d0e162,0
2294,0x55555556750e,0x10d0e163,0
2295,0x555555567525,0x10d0e164,0
2296,0x555555567525,0x10d0e165,0
2297,0x555555567525,0x10d0e166,0
2298,0x55555556750e,0x10d0e167,0
2299,0x555555567525,0x10d0e168,0
2300,0x55555556750e,0x10d0e169,0
2301,0x555555567525,0x10d0e16a,0
2302,0x55555556750e,0x10d0e16b,0
2303,0x555555567525,0x10d0e16c,0
2304,0x555555567525,0x10d0e16d,0
2305,0x55555556750e,0x10d0e16e,0
2306,0x555555567525,0x10d0e16f,0
2307,0x55555556750e,0x10d0e170,0
2308,0x55555556750e,0x10d0e171,0
2309,0x555555567525,0x10d0e172,0
2310,0x55555556750e,0x10d0e173,0
2311,0x555555567525,0x10d0e174,0
2312,0x55555556750e,0x10d0e175,0
2313,0x55555556750e,0x10d0e176,0
2314,0x555555567525,0x10d0e177,0
2315,0x555555567525,0x10d0e178,0
2316,0x55555556750e,0x10d0e179,0
2317,0x555555567525,0x10d0e17a,0
2318,0x55555556750e,0x10d0e17b,0
2319,0x555555567525,0x10d0e17c,0
2320,0x555555567525,0x10d0e17d,0
2321,0x55555556750e,0x10d0e17e,0
2322,0x555555567525,0x10d0e17f,0
2323,0x555555567525,0x2ada5b40,0
2324,0x55555556750e,0x2ada5b41,0
2325,0x55555556750e,0x2ada5b42,0
2326,0x55555556750e,0x2ada5b43,0
2327,0x55555556750e,0x2ada5b44,0
2328,0x55555556750e,0x2ada5b45,0
2329,0x555555567525,0x2ada5b46,0
2330,0x555555567525,0x2ada5b47,0
2331,0x55555556750e,0x2ada5b48,0
2332,0x55555556750e,0x2ada5b49,0
2333,0x55555556750e,0x2ada5b4a,0
2334,0x555555567525,0x2ada5b4b,0
2335,0x555555567525,0x2ada5b4c,0
2336,0x55555556750e,0x2ada5b4d,0
2337,0x555555567525,0x2ada5b4e,0
2338,0x55555556750e,0x2ada5b4f,0
2339,0x555555567525,0x2ada5b50,0
2340,0x555555567525,0x2ada5b51,0
2341,0x55555556750e,0x2ada5b52,0
2342,0x55555556750e,0x2ada5b53,0
2343,0x55555556750e,0x2ada5b54,0
2344,0x55555556750e,0x2ada5b55,0
2345,0x555555567525,0x2ada5b56,0
2346,0x55555556750e,0x2ada5b57,0
2347,0x555555567525,0x2ada5b58,0
2348,0x55555556750e,0x2ada5b59,0
2349,0x55555556750e,0x2ada5b5a,0
2350,0x55555556750e,0x2ada5b5b,0
2351,0x55555556750e,0x2ada5b5c,0
2352,0x55555556750e,0x2ada5b5d,0
2353,0x555555567525,0x2ada5b5e,0
2354,0x55555556750e,0x2ada5b5f,0
2355,0x55555556750e,0x2ada5b60,0
2356,0x55555556750e,0x2ada5b61,0
2357,0x55555556750e,0x2ada5b62,0
2358,0x555555567525,0x2ada5b63,0
2359,0x55555556750e,0x2ada5b64,0
2360,0x555555567525,0x2ada5b65,0
2361,0x55555556750e,0x2ada5b66,0
2362,0x555555567525,0x2ada5b67,0
2363,0x555555567525,0x2ada5b68,0
2364,0x55555556750e,0x2ada5b69,0
2365,0x55555556750e,0x2ada5b6a,0
2366,0x55555556750e,0x2ada5b6b,0
2367,0x55555556750e,0x2ada5b6c,0
2368,0x55555556750e,0x2ada5b6d,0
2369,0x55555556750e,0x2ada5b6e,0
2370,0x555555567525,0x2ada5b6f,0
2371,0x55555556750e,0x2ada5b70,0
2372,0x55555556750e,0x2ada5b71,0
2373,0x55555556750e,0x2ada5b72,0
2374,0x55555556750e,0x2ada5b73,0
2375,0x555555567525,0x2ada5b74,0
2376,0x55555556750e,0x2ada5b75,0
2377,0x55555556750e,0x2ada5b76,0
2378,0x555555567525,0x2ada5b77,0
2379,0x55555556750e,0x2ada5b78,0
2380,0x555555567525,0x2ada5b79,0
2381,0x555555567525,0x2ada5b7a,0
2382,0x555555567525,0x2ada5b7b,0
2383,0x555555567525,0x2ada5b7c,0
2384,0x555555567525,0x2ada5b7d,0
2385,0x55555556750e,0x2ada5b7e,0
2386,0x555555567525,0x2ada5b7f,0
2387,0x555555567525,0x1e3418c0,0
2388,0x55555556750e,0x1e3418c1,0
2389,0x555555567525,0x1e3418c2,0
2390,0x55555556750e,0x1e3418c3,0
2391,0x555555567525,0x1e3418c4,0
2392,0x55555556750e,0x1e3418c5,0
2393,0x555555567525,0x1e3418c6,0
2394,0x55555556750e,0x1e3418c7,0
2395,0x555555567525,0x1e3418c8,0
2396,0x55555556750e,0x1e3418c9,0
2397,0x55555556750e,0x1e3418ca,0
2398,0x55555556750e,0x1e3418cb,0
2399,0x55555556750e,0x1e3418cc,0
2400,0x55555556750e,0x1e3418cd,0
2401,0x55555556750e,0x1e3418ce,0
2402,0x555555567525,0x1e3418cf,0
2403,0x555555567525,0x1e3418d0,0
2404,0x555555567525,0x1e3418d1,0
2405,0x55555556750e,0x1e3418d2,0
2406,0x555555567525,0x1e3418d3,0
2407,0x55555556750e,0x1e3418d4,0
2408,0x555555567525,0x1e3418d5,0
2409,0x555555567525,0x1e3418d6,0
2410,0x555555567525,0x1e3418d7,0
2411,0x55555556750e,0x1e3418d8,0
2412,0x555555567525,0x1e3418d9,0
2413,0x55555556750e,0x1e3418da,0
2414,0x555555567525,0x1e3418db,0
2415,0x555555567525,0x1e3418dc,0
2416,0x55555556750e,0x1e3418dd,0
2417,0x555555567525,0x1e3418de,0
2418,0x55555556750e,0x1e3418df,0
2419,0x55555556750e,0x1e3418e0,0
2420,0x55555556750e,0x1e3418e1,0
2421,0x55555556750e,0x1e3418e2,0
2422,0x555555567525,0x1e3418e3,0
2423,0x55555556750e,0x1e3418e4,0
2424,0x555555567525,0x1e3418e5,0
2425,0x555555567525,0x1e3418e6,0
2426,0x555555567525,0x1e3418e7,0
2427,0x55555556750e,0x1e3418e8,0
2428,0x555555567525,0x1e3418e9,0
2429,0x55555556750e,0x1e3418ea,0
2430,0x55555556750e,0x1e3418eb,0
2431,0x55555556750e,0x1e3418ec,0
2432,0x555555567525,0x1e3418ed,0
2433,0x55555556750e,0x1e3418ee,0
2434,0x55555556750e,0x1e3418ef,0
2435,0x55555556750e,0x1e3418f0,0
2436,0x555555567525,0x1e3418f1,0
2437,0x55555556750e,0x1e3418f2,0
2438,0x55555556750e,0x1e3418f3,0
2439,0x55555556750e,0x1e3418f4,0
2440,0x55555556750e,0x1e3418f5,0
2441,0x555555567525,0x1e3418f6,0
2442,0x55555556750e,0x1e3418f7,0
2443,0x55555556750e,0x1e3418f8,0
2444,0x55555556750e,0x1e3418f9,0
2445,0x55555556750e,0x1e3418fa,0
2446,0x55555556750e,0x1e3418fb,0
2447,0x555555567525,0x1e3418fc,0
2448,0x555555567525,0x1e3418fd,0
2449,0x55555556750e,0x1e3418fe,0
2450,0x55555556750e,0x1e3418ff,0
2451,0x555555567525,0x2bb40,0
2452,0x555555567525,0x2bb41,0
2453,0x55555556750e,0x2bb42,0
2454,0x555555567525,0x2bb43,0
2455,0x55555556750e,0x2bb44,0
2456,0x55555556750e,0x2bb45,0
2457,0x55555556750e,0x2bb46,0
2458,0x555555567525,0x2bb47,0
2459,0x55555556750e,0x2bb48,0
2460,0x55555556750e,0x2bb49,0
2461,0x55555556750e,0x2bb4a,0
2462,0x55555556750e,0x2bb4b,0
2463,0x55555556750e,0x2bb4c,0
2464,0x55555556750e,0x2bb4d,0
2465,0x55555556750e,0x2bb4e,0
2466,0x55555556750e,0x2bb4f,0
2467,0x55555556750e,0x2bb50,0
2468,0x555555567525,0x2bb51,0
2469,0x555555567525,0x2bb52,0
2470,0x55555556750e,0x2bb53,0
2471,0x55555556750e,0x2bb54,0
2472,0x55555556750e,0x2bb55,0
2473,0x55555556750e,0x2bb56,0
2474,0x55555556750e,0x2bb57,0
2475,0x55555556750e,0x2bb58,0
2476,0x555555567525,0x2bb59,0
2477,0x555555567525,0x2bb5a,0
2478,0x55555556750e,0x2bb5b,0
2479,0x555555567525,0x2bb5c,0
2480,0x555555567525,0x2bb5d,0
2481,0x555555567525,0x2bb5e,0
2482,0x55555556750e,0x2bb5f,0
2483,0x555555567525,0x2bb60,0
2484,0x55555556750e,0x2bb61,0
2485,0x555555567525,0x2bb62,0
2486,0x55555556750e,0x2bb63,0
2487,0x555555567525,0x2bb64,0
2488,0x55555556750e,0x2bb65,0
2489,0x555555567525,0x2bb66,0
2490,0x555555567525,0x2bb67,0
2491,0x555555567525,0x2bb68,0
2492,0x55555556750e,0x2bb69,0
2493,0x55555556750e,0x2bb6a,0
2494,0x55555556750e,0x2bb6b,0
2495,0x555555567525,0x2bb6c,0
2496,0x55555556750e,0x2bb6d,0
2497,0x555555567525,0x2bb6e,0
2498,0x55555556750e,0x2bb6f,0
2499,0x55555556750e,0x2bb70,0
2500,0x555555567525,0x2bb71,0
2501,0x555555567525,0x2bb72,0
2502,0x55555556750e,0x2bb73,0
2503,0x555555567525,0x2bb74,0
2504,0x55555556750e,0x2bb75,0
2505,0x555555567525,0x2bb76,0
2506,0x55555556750e,0x2bb77,0
2507,0x55555556750e,0x2bb78,0
2508,0x55555556750e,0x2bb79,0
2509,0x55555556750e,0x2bb7a,0
2510,0x555555567525,0x2bb7b,0
2511,0x555555567525,0x2bb7c,0
2512,0x555555567525,0x2bb7d,0
2513,0x55555556750e,0x2bb7e,0
2514,0x55555556750e,0x2bb7f,0
2515,0x555555567525,0x1ed34640,0
2516,0x555555567525,0x1ed34641,0
2517,0x55555556750e,0x1ed34642,0
2518,0x55555556750e,0x1ed34643,0
2519,0x55555556750e,0x1ed34644,0
2520,0x55555556750e,0x1ed34645,0
2521,0x55555556750e,0x1ed34646,0
2522,0x555555567525,0x1ed34647,0
2523,0x55555556750e,0x1ed34648,0
2524,0x55555556750e,0x1ed34649,0
2525,0x55555556750e,0x1ed3464a,0
2526,0x555555567525,0x1ed3464b,0
2527,0x55555556750e,0x1ed3464c,0
2528,0x55555556750e,0x1ed3464d,0
2529,0x555555567525,0x1ed3464e,0
2530,0x55555556750e,0x1ed3464f,0
2531,0x55555556750e,0x1ed34650,0
2532,0x555555567525,0x1ed34651,0
2533,0x555555567525,0x1ed34652,0
2534,0x55555556750e,0x1ed34653,0
2535,0x555555567525,0x1ed34654,0
2536,0x555555567525,0x1ed34655,0
2537,0x555555567525,0x1ed34656,0
2538,0x55555556750e,0x1ed34657,0
2539,0x555555567525,0x1ed34658,0
2540,0x55555556750e,0x1ed34659,0
2541,0x55555556750e,0x1ed3465a,0
2542,0x55555556750e,0x1ed3465b,0
2543,0x555555567525,0x1ed3465c,0
2544,0x555555567525,0x1ed3465d,0
2545,0x55555556750e,0x1ed3465e,0
2546,0x555555567525,0x1ed3465f,0
2547,0x55555556750e,0x1ed34660,0
2548,0x555555567525,0x1ed34661,0
2549,0x55555556750e,0x1ed34662,0
2550,0x55555556750e,0x1ed34663,0
2551,0x55555556750e,0x1ed34664,0
2552,0x55555556750e,0x1ed34665,0
2553,0x55555556750e,0x1ed34666,0
2554,0x555555567525,0x1ed34667,0
2555,0x55555556750e,0x1ed34668,0
2556,0x55555556750e,0x1ed34669,0
2557,0x55555556750e,0x1ed3466a,0
2558,0x55555556750e,0x1ed3466b,0
2559,0x55555556750e,0x1ed3466c,0
2560,0x55555556750e,0x1ed3466d,0
2561,0x55555556750e,0x1ed3466e,0
2562,0x55555556750e,0x1ed3466f,0
2563,0x555555567525,0x1ed34670,0
2564,0x555555567525,0x1ed34671,0
2565,0x55555556750e,0x1ed34672,0
2566,0x555555567525,0x1ed34673,0
2567,0x55555556750e,0x1ed34674,0
2568,0x555555567525,0x1ed34675,0
2569,0x55555556750e,0x1ed34676,0
2570,0x55555556750e,0x1ed34677,0
2571,0x55555556750e,0x1ed34678,0
2572,0x55555556750e,0x1ed34679,0
2573,0x55555556750e,0x1ed3467a,0
2574,0x55555556750e,0x1ed3467b,0
2575,0x555555567525,0x1ed3467c,0
2576,0x555555567525,0x1ed3467d,0
2577,0x55555556750e,0x1ed3467e,0
2578,0x555555567525,0x1ed3467f,0
2579,0x55555556750e,0x2fb72140,0
2580,0x555555567525,0x2fb72141,0
2581,0x55555556750e,0x2fb72142,0
2582,0x555555567525,0x2fb72143,0
2583,0x55555556750e,0x2fb72144,0
2584,0x55555556750e,0x2fb72145,0
2585,0x555555567525,0x2fb72146,0
2586,0x55555556750e,0x2fb72147,0
2587,0x555555567525,0x2fb72148,0
2588,0x55555556750e,0x2fb72149,0
2589,0x555555567525,0x2fb7214a,0
2590,0x55555556750e,0x2fb7214b,0
2591,0x55555556750e,0x2fb7214c,0
2592,0x55555556750e,0x2fb7214d,0
2593,0x555555567525,0x2fb7214e,0
2594,0x55555556750e,0x2fb7214f,0
2595,0x55555556750e,0x2fb72150,0
2596,0x555555567525,0x2fb72151,0
2597,0x55555556750e,0x2fb72152,0
2598,0x55555556750e,0x2fb72153,0
2599,0x555555567525,0x2fb72154,0
2600,0x55555556750e,0x2fb72155,0
2601,0x555555567525,0x2fb72156,0
2602,0x55555556750e,0x2fb72157,0
2603,0x555555567525,0x2fb72158,0
2604,0x55555556750e,0x2fb72159,0
2605,0x555555567525,0x2fb7215a,0
2606,0x55555556750e,0x2fb7215b,0
2607,0x555555567525,0x2fb7215c,0
2608,0x55555556750e,0x2fb7215d,0
2609,0x55555556750e,0x2fb7215e,0
2610,0x55555556750e,0x2fb7215f,0
2611,0x55555556750e,0x2fb72160,0
2612,0x555555567525,0x2fb72161,0
2613,0x55555556750e,0x2fb72162,0
2614,0x55555556750e,0x2fb72163,0
2615,0x55555556750e,0x2fb72164,0
2616,0x55555556750e,0x2fb72165,0
2617,0x555555567525,0x2fb72166,0
2618,0x555555567525,0x2fb72167,0
2619,0x555555567525,0x2fb72168,0
2620,0x55555556750e,0x2fb72169,0
2621,0x555555567525,0x2fb7216a,0
2622,0x55555556750e,0x2fb7216b,0
2623,0x555555567525,0x2fb7216c,0
2624,0x55555556750e,0x2fb7216d,0
2625,0x55555556750e,0x2fb7216e,0
2626,0x55555556750e,0x2fb7216f,0
2627,0x555555567525,0x2fb72170,0
2628,0x555555567525,0x2fb72171,0
2629,0x555555567525,0x2fb72172,0
2630,0x555555567525,0x2fb72173,0
2631,0x555555567525,0x2fb72174,0
2632,0x55555556750e,0x2fb72175,0
2633,0x555555567525,0x2fb72176,0
2634,0x55555556750e,0x2fb72177,0
2635,0x55555556750e,0x2fb72178,0
2636,0x55555556750e,0x2fb72179,0
2637,0x55555556750e,0x2fb7217a,0
2638,0x55555556750e,0x2fb7217b,0
2639,0x555555567525,0x2fb7217c,0
2640,0x55555556750e,0x2fb7217d,0
2641,0x55555556750e,0x2fb7217e,0
2642,0x55555556750e,0x2fb7217f,0
2643,0x555555567525,0x2e244440,0
2644,0x555555567525,0x2e244441,0
2645,0x555555567525,0x2e244442,0
2646,0x55555556750e,0x2e244443,0
2647,0x55555556750e,0x2e244444,0
2648,0x555555567525,0x2e244445,0
2649,0x55555556750e,0x2e244446,0
2650,0x55555556750e,0x2e244447,0
2651,0x555555567525,0x2e244448,0
2652,0x55555556750e,0x2e244449,0
2653,0x555555567525,0x2e24444a,0
2654,0x55555556750e,0x2e24444b,0
2655,0x555555567525,0x2e24444c,0
2656,0x55555556750e,0x2e24444d,0
2657,0x55555556750e,0x2e24444e,0
2658,0x55555556750e,0x2e24444f,0
2659,0x555555567525,0x2e244450,0
2660,0x555555567525,0x2e244451,0
2661,0x555555567525,0x2e244452,0
2662,0x55555556750e,0x2e244453,0
2663,0x555555567525,0x2e244454,0
2664,0x55555556750e,0x2e244455,0
2665,0x555555567525,0x2e244456,0
2666,0x555555567525,0x2e244457,0
2667,0x555555567525,0x2e244458,0
2668,0x55555556750e,0x2e244459,0
2669,0x555555567525,0x2e24445a,0
2670,0x55555556750e,0x2e24445b,0
2671,0x555555567525,0x2e24445c,0
2672,0x55555556750e,0x2e24445d,0
2673,0x555555567525,0x2e24445e,0
2674,0x55555556750e,0x2e24445f,0
2675,0x55555556750e,0x2e244460,0
2676,0x555555567525,0x2e244461,0
2677,0x55555556750e,0x2e244462,0
2678,0x55555556750e,0x2e244463,0
2679,0x55555556750e,0x2e244464,0
2680,0x555555567525,0x2e244465,0
2681,0x555555567525,0x2e244466,0
2682,0x555555567525,0x2e244467,0
2683,0x55555556750e,0x2e244468,0
2684,0x55555556750e,0x2e244469,0
2685,0x55555556750e,0x2e24446a,0
2686,0x55555556750e,0x2e24446b,0
2687,0x55555556750e,0x2e24446c,0
2688,0x555555567525,0x2e24446d,0
2689,0x55555556750e,0x2e24446e,0
2690,0x55555556750e,0x2e24446f,0
2691,0x55555556750e,0x2e244470,0
2692,0x555555567525,0x2e244471,0
2693,0x555555567525,0x2e244472,0
2694,0x555555567525,0x2e244473,0
2695,0x55555556750e,0x2e244474,0
2696,0x555555567525,0x2e244475,0
2697,0x55555556750e,0x2e244476,0
2698,0x555555567525,0x2e244477,0
2699,0x55555556750e,0x2e244478,0
2700,0x555555567525,0x2e244479,0
2701,0x55555556750e,0x2e24447a,0
2702,0x55555556750e,0x2e24447b,0
2703,0x555555567525,0x2e24447c,0
2704,0x555555567525,0x2e24447d,0
2705,0x55555556750e,0x2e24447e,0
2706,0x55555556750e,0x2e24447f,0
2707,0x555555567525,0x28d10780,0
2708,0x555555567525,0x28d10781,0
2709,0x55555556750e,0x28d10782,0
2710,0x555555567525,0x28d10783,0
2711,0x55555556750e,0x28d10784,0
2712,0x55555556750e,0x28d10785,0
2713,0x555555567525,0x28d10786,0
2714,0x555555567525,0x28d10787,0
2715,0x555555567525,0x28d10788,0
2716,0x55555556750e,0x28d10789,0
2717,0x55555556750e,0x28d1078a,0
2718,0x555555567525,0x28d1078b,0
2719,0x55555556750e,0x28d1078c,0
2720,0x555555567525,0x28d1078d,0
2721,0x55555556750e,0x28d1078e,0
2722,0x555555567525,0x28d1078f,0
2723,0x55555556750e,0x28d10790,0
2724,0x555555567525,0x28d10791,0
2725,0x55555556750e,0x28d10792,0
2726,0x555555567525,0x28d10793,0
2727,0x55555556750e,0x28d10794,0
2728,0x55555556750e,0x28d10795,0
2729,0x55555556750e,0x28d10796,0
2730,0x555555567525,0x28d10797,0
2731,0x55555556750e,0x28d10798,0
2732,0x55555556750e,0x28d10799,0
2733,0x555555567525,0x28d1079a,0
2734,0x55555556750e,0x28d1079b,0
2735,0x555555567525,0x28d1079c,0
2736,0x55555556750e,0x28d1079d,0
2737,0x55555556750e,0x28d1079e,0
2738,0x55555556750e,0x28d1079f,0
2739,0x55555556750e,0x28d107a0,0
2740,0x55555556750e,0x28d107a1,0
2741,0x55555556750e,0x28d107a2,0
2742,0x55555556750e,0x28d107a3,0
2743,0x55555556750e,0x28d107a4,0
2744,0x555555567525,0x28d107a5,0
2745,0x55555556750e,0x28d107a6,0
2746,0x555555567525,0x28d107a7,0
2747,0x555555567525,0x28d107a8,0
2748,0x55555556750e,0x28d107a9,0
2749,0x55555556750e,0x28d107aa,0
2750,0x55555556750e,0x28d107ab,0
2751,0x55555556750e,0x28d107ac,0
2752,0x555555567525,0x28d107ad,0
2753,0x55555556750e,0x28d107ae,0
2754,0x55555556750e,0x28d107af,0
2755,0x555555567525,0x28d107b0,0
2756,0x555555567525,0x28d107b1,0
2757,0x555555567525,0x28d107b2,0
2758,0x55555556750e,0x28d107b3,0
2759,0x555555567525,0x28d107b4,0
2760,0x55555556750e,0x28d107b5,0
2761,0x555555567525,0x28d107b6,0
2762,0x55555556750e,0x28d107b7,0
2763,0x55555556750e,0x28d107b8,0
2764,0x555555567525,0x28d107b9,0
2765,0x55555556750e,0x28d107ba,0
2766,0x55555556750e,0x28d107bb,0
2767,0x55555556750e,0x28d107bc,0
2768,0x55555556750e,0x28d107bd,0
2769,0x55555556750e,0x28d107be,0
2770,0x55555556750e,0x28d107bf,0
2771,0x555555567525,0x1d937e80,0
2772,0x555555567525,0x1d937e81,0
2773,0x55555556750e,0x1d937e82,0
2774,0x55555556750e,0x1d937e83,0
2775,0x55555556750e,0x1d937e84,0
2776,0x55555556750e,0x1d937e85,0
2777,0x55555556750e,0x1d937e86,0
2778,0x555555567525,0x1d937e87,0
2779,0x55555556750e,0x1d937e88,0
2780,0x55555556750e,0x1d937e89,0
2781,0x555555567525,0x1d937e8a,0
2782,0x555555567525,0x1d937e8b,0
2783,0x55555556750e,0x1d937e8c,0
2784,0x55555556750e,0x1d937e8d,0
2785,0x55555556750e,0x1d937e8e,0
2786,0x55555556750e,0x1d937e8f,0
2787,0x555555567525,0x1d937e90,0
2788,0x555555567525,0x1d937e91,0
2789,0x555555567525,0x1d937e92,0
2790,0x55555556750e,0x1d937e93,0
2791,0x555555567525,0x1d937e94,0
2792,0x55555556750e,0x1d937e95,0
2793,0x55555556750e,0x1d937e96,0
2794,0x55555556750e,0x1d937e97,0
2795,0x55555556750e,0x1d937e98,0
2796,0x55555556750e,0x1d937e99,0
2797,0x55555556750e,0x1d937e9a,0
2798,0x55555556750e,0x1d937e9b,0
2799,0x555555567525,0x1d937e9c,0
2800,0x555555567525,0x1d937e9d,0
2801,0x55555556750e,0x1d937e9e,0
2802,0x55555556750e,0x1d937e9f,0
2803,0x55555556750e,0x1d937ea0,0
2804,0x555555567525,0x1d937ea1,0
2805,0x55555556750e,0x1d937ea2,0
2806,0x555555567525,0x1d937ea3,0
2807,0x555555567525,0x1d937ea4,0
2808,0x55555556750e,0x1d937ea5,0
2809,0x555555567525,0x1d937ea6,0
2810,0x55555556750e,0x1d937ea7,0
2811,0x555555567525,0x1d937ea8,0
2812,0x555555567525,0x1d937ea9,0
2813,0x55555556750e,0x1d937eaa,0
2814,0x555555567525,0x1d937eab,0
2815,0x55555556750e,0x1d937eac,0
2816,0x555555567525,0x1d937ead,0
2817,0x55555556750e,0x1d937eae,0
2818,0x555555567525,0x1d937eaf,0
2819,0x55555556750e,0x1d937eb0,0
2820,0x555555567525,0x1d937eb1,0
2821,0x55555556750e,0x1d937eb2,0
2822,0x55555556750e,0x1d937eb3,0
2823,0x55555556750e,0x1d937eb4,0
2824,0x55555556750e,0x1d937eb5,0
2825,0x55555556750e,0x1d937eb6,0
2826,0x55555556750e,0x1d937eb7,0
2827,0x55555556750e,0x1d937eb8,0
2828,0x555555567525,0x1d937eb9,0
2829,0x55555556750e,0x1d937eba,0
2830,0x55555556750e,0x1d937ebb,0
2831,0x555555567525,0x1d937ebc,0
2832,0x55555556750e,0x1d937ebd,0
2833,0x55555556750e,0x1d937ebe,0
2834,0x55555556750e,0x1d937ebf,0
2835,0x555555567525,0x2f9874c0,0
2836,0x55555556750e,0x2f9874c1,0
2837,0x555555567525,0x2f9874c2,0
2838,0x555555567525,0x2f9874c3,0
2839,0x55555556750e,0x2f9874c4,0
2840,0x555555567525,0x2f9874c5,0
2841,0x55555556750e,0x2f9874c6,0
2842,0x555555567525,0x2f9874c7,0
2843,0x55555556750e,0x2f9874c8,0
2844,0x55555556750e,0x2f9874c9,0
2845,0x555555567525,0x2f9874ca,0
2846,0x555555567525,0x2f9874cb,0
2847,0x55555556750e,0x2f9874cc,0
2848,0x555555567525,0x2f9874cd,0
2849,0x55555556750e,0x2f9874ce,0
2850,0x555555567525,0x2f9874cf,0
2851,0x555555567525,0x2f9874d0,0
2852,0x555555567525,0x2f9874d1,0
2853,0x55555556750e,0x2f9874d2,0
2854,0x55555556750e,0x2f9874d3,0
2855,0x55555556750e,0x2f9874d4,0
2856,0x55555556750e,0x2f9874d5,0
2857,0x555555567525,0x2f9874d6,0
2858,0x55555556750e,0x2f9874d7,0
2859,0x55555556750e,0x2f9874d8,0
2860,0x55555556750e,0x2f9874d9,0
2861,0x555555567525,0x2f9874da,0
2862,0x55555556750e,0x2f9874db,0
2863,0x555555567525,0x2f9874dc,0
2864,0x555555567525,0x2f9874dd,0
2865,0x55555556750e,0x2f9874de,0
2866,0x555555567525,0x2f9874df,0
2867,0x55555556750e,0x2f9874e0,0
2868,0x55555556750e,0x2f9874e1,0
2869,0x555555567525,0x2f9874e2,0
2870,0x55555556750e,0x2f9874e3,0
2871,0x555555567525,0x2f9874e4,0
2872,0x55555556750e,0x2f9874e5,0
2873,0x55555556750e,0x2f9874e6,0
2874,0x55555556750e,0x2f9874e7,0
2875,0x555555567525,0x2f9874e8,0
2876,0x55555556750e,0x2f9874e9,0
2877,0x555555567525,0x2f9874ea,0
2878,0x55555556750e,0x2f9874eb,0
2879,0x55555556750e,0x2f9874ec,0
2880,0x555555567525,0x2f9874ed,0
2881,0x55555556750e,0x2f9874ee,0
2882,0x55555556750e,0x2f9874ef,0
2883,0x55555556750e,0x2f9874f0,0
2884,0x555555567525,0x2f9874f1,0
2885,0x555555567525,0x2f9874f2,0
2886,0x55555556750e,0x2f9874f3,0
2887,0x555555567525,0x2f9874f4,0
2888,0x55555556750e,0x2f9874f5,0
2889,0x55555556750e,0x2f9874f6,0
2890,0x55555556750e,0x2f9874f7,0
2891,0x55555556750e,0x2f9874f8,0
2892,0x55555556750e,0x2f9874f9,0
2893,0x555555567525,0x2f9874fa,0
2894,0x55555556750e,0x2f9874fb,0
2895,0x555555567525,0x2f9874fc,0
2896,0x55555556750e,0x2f9874fd,0
2897,0x55555556750e,0x2f9874fe,0
2898,0x555555567525,0x2f9874ff,0
2899,0x55555556750e,0x3e67ea40,0
2900,0x555555567525,0x3e67ea41,0
2901,0x55555556750e,0x3e67ea42,0
2902,0x555555567525,0x3e67ea43,0
2903,0x55555556750e,0x3e67ea44,0
2904,0x55555556750e,0x3e67ea45,0
2905,0x555555567525,0x3e67ea46,0
2906,0x55555556750e,0x3e67ea47,0
2907,0x555555567525,0x3e67ea48,0
2908,0x555555567525,0x3e67ea49,0
2909,0x55555556750e,0x3e67ea4a,0
2910,0x55555556750e,0x3e67ea4b,0
2911,0x55555556750e,0x3e67ea4c,0
2912,0x555555567525,0x3e67ea4d,0
2913,0x55555556750e,0x3e67ea4e,0
2914,0x55555556750e,0x3e67ea4f,0
2915,0x55555556750e,0x3e67ea50,0
2916,0x555555567525,0x3e67ea51,0
2917,0x555555567525,0x3e67ea52,0
2918,0x555555567525,0x3e67ea53,0
2919,0x555555567525,0x3e67ea54,0
2920,0x55555556750e,0x3e67ea55,0
2921,0x555555567525,0x3e67ea56,0
2922,0x55555556750e,0x3e67ea57,0
2923,0x55555556750e,0x3e67ea58,0
2924,0x55555556750e,0x3e67ea59,0
2925,0x555555567525,0x3e67ea5a,0
2926,0x555555567525,0x3e67ea5b,0
2927,0x55555556750e,0x3e67ea5c,0
2928,0x555555567525,0x3e67ea5d,0
2929,0x555555567525,0x3e67ea5e,0
2930,0x55555556750e,0x3e67ea5f,0
2931,0x555555567525,0x3e67ea60,0
2932,0x55555556750e,0x3e67ea61,0
2933,0x55555556750e,0x3e67ea62,0
2934,0x555555567525,0x3e67ea63,0
2935,0x55555556750e,0x3e67ea64,0
2936,0x555555567525,0x3e67ea65,0
2937,0x55555556750e,0x3e67ea66,0
2938,0x555555567525,0x3e67ea67,0
2939,0x55555556750e,0x3e67ea68,0
2940,0x55555556750e,0x3e67ea69,0
2941,0x555555567525,0x3e67ea6a,0
2942,0x55555556750e,0x3e67ea6b,0
2943,0x555555567525,0x3e67ea6c,0
2944,0x55555556750e,0x3e67ea6d,0
2945,0x555555567525,0x3e67ea6e,0
2946,0x55555556750e,0x3e67ea6f,0
2947,0x55555556750e,0x3e67ea70,0
2948,0x55555556750e,0x3e67ea71,0
2949,0x55555556750e,0x3e67ea72,0
2950,0x55555556750e,0x3e67ea73,0
2951,0x55555556750e,0x3e67ea74,0
2952,0x555555567525,0x3e67ea75,0
2953,0x555555567525,0x3e67ea76,0
2954,0x55555556750e,0x3e67ea77,0
2955,0x555555567525,0x3e67ea78,0
2956,0x55555556750e,0x3e67ea79,0
2957,0x555555567525,0x3e67ea7a,0
2958,0x55555556750e,0x3e67ea7b,0
2959,0x555555567525,0x3e67ea7c,0
2960,0x555555567525,0x3e67ea7d,0
2961,0x55555556750e,0x3e67ea7e,0
2962,0x55555556750e,0x3e67ea7f,0
2963,0x555555567525,0x27328b40,0
2964,0x555555567525,0x27328b41,0
2965,0x55555556750e,0x27328b42,0
2966,0x55555556750e,0x27328b43,0
2967,0x55555556750e,0x27328b44,0
2968,0x55555556750e,0x27328b45,0
2969,0x555555567525,0x27328b46,0
2970,0x55555556750e,0x27328b47,0
2971,0x555555567525,0x27328b48,0
2972,0x55555556750e,0x27328b49,0
2973,0x555555567525,0x27328b4a,0
2974,0x55555556750e,0x27328b4b,0
2975,0x55555556750e,0x27328b4c,0
2976,0x555555567525,0x27328b4d,0
2977,0x55555556750e,0x27328b4e,0
2978,0x555555567525,0x27328b4f,0
2979,0x55555556750e,0x27328b50,0
2980,0x555555567525,0x27328b51,0
2981,0x555555567525,0x27328b52,0
2982,0x55555556750e,0x27328b53,0
2983,0x55555556750e,0x27328b54,0
2984,0x55555556750e,0x27328b55,0
2985,0x55555556750e,0x27328b56,0
2986,0x55555556750e,0x27328b57,0
2987,0x55555556750e,0x27328b58,0
2988,0x555555567525,0x27328b59,0
2989,0x55555556750e,0x27328b5a,0
2990,0x555555567525,0x27328b5b,0
2991,0x555555567525,0x27328b5c,0
2992,0x55555556750e,0x27328b5d,0
2993,0x555555567525,0x27328b5e,0
2994,0x55555556750e,0x27328b5f,0
2995,0x555555567525,0x27328b60,0
2996,0x55555556750e,0x27328b61,0
2997,0x555555567525,0x27328b62,0
2998,0x55555556750e,0x27328b63,0
2999,0x555555567525,0x27328b64,0
3000,0x55555556750e,0x27328b65,0
3001,0x555555567525,0x27328b66,0
3002,0x55555556750e,0x27328b67,0
3003,0x555555567525,0x27328b68,0
3004,0x55555556750e,0x27328b69,0
3005,0x555555567525,0x27328b6a,0
3006,0x55555556750e,0x27328b6b,0
3007,0x555555567525,0x27328b6c,0
3008,0x55555556750e,0x27328b6d,0
3009,0x55555556750e,0x27328b6e,0
3010,0x555555567525,0x27328b6f,0
3011,0x555555567525,0x27328b70,0
3012,0x555555567525,0x27328b71,0
3013,0x55555556750e,0x27328b72,0
3014,0x555555567525,0x27328b73,0
3015,0x55555556750e,0x27328b74,0
3016,0x55555556750e,0x27328b75,0
3017,0x55555556750e,0x27328b76,0
3018,0x55555556750e,0x27328b77,0
3019,0x55555556750e,0x27328b78,0
3020,0x55555556750e,0x27328b79,0
3021,0x55555556750e,0x27328b7a,0
3022,0x555555567525,0x27328b7b,0
3023,0x555555567525,0x27328b7c,0
3024,0x55555556750e,0x27328b7d,0
3025,0x555555567525,0x27328b7e,0
3026,0x555555567525,0x27328b7f,0
3027,0x55555556750e,0xf6f6940,0
3028,0x555555567525,0xf6f6941,0
3029,0x55555556750e,0xf6f6942,0
3030,0x555555567525,0xf6f6943,0
3031,0x555555567525,0xf6f6944,0
3032,0x55555556750e,0xf6f6945,0
3033,0x555555567525,0xf6f6946,0
3034,0x55555556750e,0xf6f6947,0
3035,0x55555556750e,0xf6f6948,0
3036,0x55555556750e,0xf6f6949,0
3037,0x55555556750e,0xf6f694a,0
3038,0x55555556750e,0xf6f694b,0
3039,0x55555556750e,0xf6f694c,0
3040,0x55555556750e,0xf6f694d,0
3041,0x555555567525,0xf6f694e,0
3042,0x55555556750e,0xf6f694f,0
3043,0x555555567525,0xf6f6950,0
3044,0x55555556750e,0xf6f6951,0
3045,0x55555556750e,0xf6f6952,0
3046,0x55555556750e,0xf6f6953,0
3047,0x555555567525,0xf6f6954,0
3048,0x55555556750e,0xf6f6955,0
3049,0x55555556750e,0xf6f6956,0
3050,0x55555556750e,0xf6f6957,0
3051,0x555555567525,0xf6f6958,0
3052,0x55555556750e,0xf6f6959,0
3053,0x555555567525,0xf6f695a,0
3054,0x55555556750e,0xf6f695b,0
3055,0x55555556750e,0xf6f695c,0
3056,0x55555556750e,0xf6f695d,0
3057,0x55555556750e,0xf6f695e,0
3058,0x55555556750e,0xf6f695f,0
3059,0x55555556750e,0xf6f6960,0
3060,0x555555567525,0xf6f6961,0
3061,0x555555567525,0xf6f6962,0
3062,0x55555556750e,0xf6f6963,0
3063,0x555555567525,0xf6f6964,0
3064,0x55555556750e,0xf6f6965,0
3065,0x555555567525,0xf6f6966,0
3066,0x55555556750e,0xf6f6967,0
3067,0x555555567525,0xf6f6968,0
3068,0x55555556750e,0xf6f6969,0
3069,0x55555556750e,0xf6f696a,0
3070,0x55555556750e,0xf6f696b,0
3071,0x55555556750e,0xf6f696c,0
3072,0x555555567525,0xf6f696d,0
3073,0x55555556750e,0xf6f696e,0
3074,0x555555567525,0xf6f696f,0
3075,0x55555556750e,0xf6f6970,0
3076,0x555555567525,0xf6f6971,0
3077,0x55555556750e,0xf6f6972,0
3078,0x55555556750e,0xf6f6973,0
3079,0x55555556750e,0xf6f6974,0
3080,0x55555556750e,0xf6f6975,0
3081,0x55555556750e,0xf6f6976,0
3082,0x55555556750e,0xf6f6977,0
3083,0x55555556750e,0xf6f6978,0
3084,0x555555567525,0xf6f6979,0
3085,0x55555556750e,0xf6f697a,0
3086,0x55555556750e,0xf6f697b,0
3087,0x555555567525,0xf6f697c,0
3088,0x555555567525,0xf6f697d,0
3089,0x55555556750e,0xf6f697e,0
3090,0x555555567525,0xf6f697f,0
3091,0x555555567525,0xade9380,0
3092,0x555555567525,0xade9381,0
3093,0x55555556750e,0xade9382,0
3094,0x555555567525,0xade9383,0
3095,0x55555556750e,0xade9384,0
3096,0x55555556750e,0xade9385,0
3097,0x555555567525,0xade9386,0
3098,0x555555567525,0xade9387,0
3099,0x55555556750e,0xade9388,0
3100,0x555555567525,0xade9389,0
3101,0x555555567525,0xade938a,0
3102,0x55555556750e,0xade938b,0
3103,0x555555567525,0xade938c,0
3104,0x55555556750e,0xade938d,0
3105,0x555555567525,0xade938e,0
3106,0x55555556750e,0xade938f,0
3107,0x55555556750e,0xade9390,0
3108,0x555555567525,0xade9391,0
3109,0x555555567525,0xade9392,0
3110,0x55555556750e,0xade9393,0
3111,0x55555556750e,0xade9394,0
3112,0x555555567525,0xade9395,0
3113,0x555555567525,0xade9396,0
3114,0x55555556750e,0xade9397,0
3115,0x55555556750e,0xade9398,0
3116,0x555555567525,0xade9399,0
3117,0x555555567525,0xade939a,0
3118,0x555555567525,0xade939b,0
3119,0x555555567525,0xade939c,0
3120,0x555555567525,0xade939d,0
3121,0x55555556750e,0xade939e,0
3122,0x555555567525,0xade939f,0
3123,0x55555556750e,0xade93a0,0
3124,0x55555556750e,0xade93a1,0
3125,0x55555556750e,0xade93a2,0
3126,0x555555567525,0xade93a3,0
3127,0x55555556750e,0xade93a4,0
3128,0x55555556750e,0xade93a5,0
3129,0x555555567525,0xade93a6,0
3130,0x555555567525,0xade93a7,0
3131,0x555555567525,0xade93a8,0
3132,0x55555556750e,0xade93a9,0
3133,0x555555567525,0xade93aa,0
3134,0x55555556750e,0xade93ab,0
3135,0x55555556750e,0xade93ac,0
3136,0x55555556750e,0xade93ad,0
3137,0x55555556750e,0xade93ae,0
3138,0x55555556750e,0xade93af,0
3139,0x55555556750e,0xade93b0,0
3140,0x555555567525,0xade93b1,0
3141,0x555555567525,0xade93b2,0
3142,0x55555556750e,0xade93b3,0
3143,0x555555567525,0xade93b4,0
3144,0x55555556750e,0xade93b5,0
3145,0x55555556750e,0xade93b6,0
3146,0x555555567525,0xade93b7,0
3147,0x55555556750e,0xade93b8,0
3148,0x55555556750e,0xade93b9,0
3149,0x55555556750e,0xade93ba,0
3150,0x555555567525,0xade93bb,0
3151,0x55555556750e,0xade93bc,0
3152,0x555555567525,0xade93bd,0
3153,0x55555556750e,0xade93be,0
3154,0x555555567525,0xade93bf,0
3155,0x555555567525,0x5f0e00,0
3156,0x55555556750e,0x5f0e01,0
3157,0x555555567525,0x5f0e02,0
3158,0x555555567525,0x5f0e03,0
3159,0x55555556750e,0x5f0e04,0
3160,0x55555556750e,0x5f0e05,0
3161,0x55555556750e,0x5f0e06,0
3162,0x55555556750e,0x5f0e07,0
3163,0x555555567525,0x5f0e08,0
3164,0x55555556750e,0x5f0e09,0
3165,0x55555556750e,0x5f0e0a,0
3166,0x555555567525,0x5f0e0b,0
3167,0x55555556750e,0x5f0e0c,0
3168,0x55555556750e,0x5f0e0d,0
3169,0x55555556750e,0x5f0e0e,0
3170,0x55555556750e,0x5f0e0f,0
3171,0x555555567525,0x5f0e10,0
3172,0x555555567525,0x5f0e11,0
3173,0x55555556750e,0x5f0e12,0
3174,0x55555556750e,0x5f0e13,0
3175,0x55555556750e,0x5f0e14,0
3176,0x555555567525,0x5f0e15,0
3177,0x55555556750e,0x5f0e16,0
3178,0x55555556750e,0x5f0e17,0
3179,0x55555556750e,0x5f0e18,0
3180,0x55555556750e,0x5f0e19,0
3181,0x55555556750e,0x5f0e1a,0
3182,0x55555556750e,0x5f0e1b,0
3183,0x55555556750e,0x5f0e1c,0
3184,0x555555567525,0x5f0e1d,0
3185,0x555555567525,0x5f0e1e,0
3186,0x55555556750e,0x5f0e1f,0
3187,0x555555567525,0x5f0e20,0
3188,0x55555556750e,0x5f0e21,0
3189,0x555555567525,0x5f0e22,0
3190,0x55555556750e,0x5f0e23,0
3191,0x555555567525,0x5f0e24,0
3192,0x55555556750e,0x5f0e25,0
3193,0x55555556750e,0x5f0e26,0
3194,0x555555567525,0x5f0e27,0
3195,0x55555556750e,0x5f0e28,0
3196,0x555555567525,0x5f0e29,0
3197,0x55555556750e,0x5f0e2a,0
3198,0x55555556750e,0x5f0e2b,0
3199,0x555555567525,0x5f0e2c,0
3200,0x55555556750e,0x5f0e2d,0
3201,0x55555556750e,0x5f0e2e,0
3202,0x555555567525,0x5f0e2f,0
3203,0x55555556750e,0x5f0e30,0
3204,0x555555567525,0x5f0e31,0
3205,0x555555567525,0x5f0e32,0
3206,0x555555567525,0x5f0e33,0
3207,0x55555556750e,0x5f0e34,0
3208,0x555555567525,0x5f0e35,0
3209,0x55555556750e,0x5f0e36,0
3210,0x555555567525,0x5f0e37,0
3211,0x55555556750e,0x5f0e38,0
3212,0x555555567525,0x5f0e39,0
3213,0x55555556750e,0x5f0e3a,0
3214,0x55555556750e,0x5f0e3b,0
3215,0x555555567525,0x5f0e3c,0
3216,0x555555567525,0x5f0e3d,0
3217,0x55555556750e,0x5f0e3e,0
3218,0x555555567525,0x5f0e3f,0
3219,0x555555567525,0x129c9600,0
3220,0x555555567525,0x129c9601,0
3221,0x555555567525,0x129c9602,0
3222,0x55555556750e,0x129c9603,0
3223,0x55555556750e,0x129c9604,0
3224,0x55555556750e,0x129c9605,0
3225,0x55555556750e,0x129c9606,0
3226,0x555555567525,0x129c9607,0
3227,0x55555556750e,0x129c9608,0
3228,0x55555556750e,0x129c9609,0
3229,0x55555556750e,0x129c960a,0
3230,0x55555556750e,0x129c960b,0
3231,0x55555556750e,0x129c960c,0
3232,0x55555556750e,0x129c960d,0
3233,0x555555567525,0x129c960e,0
3234,0x55555556750e,0x129c960f,0
3235,0x555555567525,0x129c9610,0
3236,0x555555567525,0x129c9611,0
3237,0x555555567525,0x129c9612,0
3238,0x555555567525,0x129c9613,0
3239,0x555555567525,0x129c9614,0
3240,0x55555556750e,0x129c9615,0
3241,0x55555556750e,0x129c9616,0
3242,0x55555556750e,0x129c9617,0
3243,0x555555567525,0x129c9618,0
3244,0x555555567525,0x129c9619,0
3245,0x55555556750e,0x129c961a,0
3246,0x55555556750e,0x129c961b,0
3247,0x555555567525,0x129c961c,0
3248,0x55555556750e,0x129c961d,0
3249,0x55555556750e,0x129c961e,0
3250,0x55555556750e,0x129c961f,0
3251,0x55555556750e,0x129c9620,0
3252,0x55555556750e,0x129c9621,0
3253,0x55555556750e,0x129c9622,0
3254,0x555555567525,0x129c9623,0
3255,0x55555556750e,0x129c9624,0
3256,0x55555556750e,0x129c9625,0
3257,0x55555556750e,0x129c9626,0
3258,0x555555567525,0x129c9627,0
3259,0x555555567525,0x129c9628,0
3260,0x55555556750e,0x129c9629,0
3261,0x55555556750e,0x129c962a,0
3262,0x55555556750e,0x129c962b,0
3263,0x55555556750e,0x129c962c,0
3264,0x55555556750e,0x129c962d,0
3265,0x55555556750e,0x129c962e,0
3266,0x55555556750e,0x129c962f,0
3267,0x55555556750e,0x129c9630,0
3268,0x55555556750e,0x129c9631,0
3269,0x555555567525,0x129c9632,0
3270,0x55555556750e,0x129c9633,0
3271,0x555555567525,0x129c9634,0
3272,0x55555556750e,0x129c9635,0
3273,0x555555567525,0x129c9636,0
3274,0x55555556750e,0x129c9637,0
3275,0x555555567525,0x129c9638,0
3276,0x55555556750e,0x129c9639,0
3277,0x555555567525,0x129c963a,0
3278,0x55555556750e,0x129c963b,0
3279,0x555555567525,0x129c963c,0
3280,0x555555567525,0x129c963d,0
3281,0x55555556750e,0x129c963e,0
3282,0x555555567525,0x129c963f,0
3283,0x555555567525,0x3123a8c0,0
3284,0x555555567525,0x3123a8c1,0
3285,0x55555556750e,0x3123a8c2,0
3286,0x555555567525,0x3123a8c3,0
3287,0x555555567525,0x3123a8c4,0
3288,0x555555567525,0x3123a8c5,0
3289,0x55555556750e,0x3123a8c6,0
3290,0x555555567525,0x3123a8c7,0
3291,0x55555556750e,0x3123a8c8,0
3292,0x55555556750e,0x3123a8c9,0
3293,0x55555556750e,0x3123a8ca,0
3294,0x55555556750e,0x3123a8cb,0
3295,0x55555556750e,0x3123a8cc,0
3296,0x55555556750e,0x3123a8cd,0
3297,0x55555556750e,0x3123a8ce,0
3298,0x55555556750e,0x3123a8cf,0
3299,0x55555556750e,0x3123a8d0,0
3300,0x555555567525,0x3123a8d1,0
3301,0x555555567525,0x3123a8d2,0
3302,0x55555556750e,0x3123a8d3,0
3303,0x555555567525,0x3123a8d4,0
3304,0x55555556750e,0x3123a8d5,0
3305,0x55555556750e,0x3123a8d6,0
3306,0x55555556750e,0x3123a8d7,0
3307,0x55555556750e,0x3123a8d8,0
3308,0x555555567525,0x3123a8d9,0
3309,0x55555556750e,0x3123a8da,0
3310,0x55555556750e,0x3123a8db,0
3311,0x555555567525,0x3123a8dc,0
3312,0x55555556750e,0x3123a8dd,0
3313,0x55555556750e,0x3123a8de,0
3314,0x55555556750e,0x3123a8df,0
3315,0x555555567525,0x3123a8e0,0
3316,0x55555556750e,0x3123a8e1,0
3317,0x555555567525,0x3123a8e2,0
3318,0x55555556750e,0x3123a8e3,0
3319,0x55555556750e,0x3123a8e4,0
3320,0x555555567525,0x3123a8e5,0
3321,0x555555567525,0x3123a8e6,0
3322,0x555555567525,0x3123a8e7,0
3323,0x555555567525,0x3123a8e8,0
3324,0x55555556750e,0x3123a8e9,0
3325,0x555555567525,0x3123a8ea,0
3326,0x55555556750e,0x3123a8eb,0
3327,0x55555556750e,0x3123a8ec,0
3328,0x555555567525,0x3123a8ed,0
3329,0x555555567525,0x3123a8ee,0
3330,0x55555556750e,0x3123a8ef,0
3331,0x55555556750e,0x3123a8f0,0
3332,0x555555567525,0x3123a8f1,0
3333,0x55555556750e,0x3123a8f2,0
3334,0x55555556750e,0x3123a8f3,0
3335,0x555555567525,0x3123a8f4,0
3336,0x55555556750e,0x3123a8f5,0
3337,0x555555567525,0x3123a8f6,0
3338,0x555555567525,0x3123a8f7,0
3339,0x55555556750e,0x3123a8f8,0
3340,0x555555567525,0x3123a8f9,0
3341,0x55555556750e,0x3123a8fa,0
3342,0x555555567525,0x3123a8fb,0
3343,0x555555567525,0x3123a8fc,0
3344,0x55555556750e,0x3123a8fd,0
3345,0x55555556750e,0x3123a8fe,0
3346,0x55555556750e,0x3123a8ff,0
3347,0x555555567525,0x3a9ff3c0,0
3348,0x555555567525,0x3a9ff3c1,0
3349,0x55555556750e,0x3a9ff3c2,0
3350,0x555555567525,0x3a9ff3c3,0
3351,0x55555556750e,0x3a9ff3c4,0
3352,0x55555556750e,0x3a9ff3c5,0
3353,0x55555556750e,0x3a9ff3c6,0
3354,0x55555556750e,0x3a9ff3c7,0
3355,0x55555556750e,0x3a9ff3c8,0
3356,0x55555556750e,0x3a9ff3c9,0
3357,0x55555556750e,0x3a9ff3ca,0
3358,0x55555556750e,0x3a9ff3cb,0
3359,0x55555556750e,0x3a9ff3cc,0
3360,0x55555556750e,0x3a9ff3cd,0
3361,0x555555567525,0x3a9ff3ce,0
3362,0x55555556750e,0x3a9ff3cf,0
3363,0x555555567525,0x3a9ff3d0,0
3364,0x555555567525,0x3a9ff3d1,0
3365,0x55555556750e,0x3a9ff3d2,0
3366,0x55555556750e,0x3a9ff3d3,0
3367,0x55555556750e,0x3a9ff3d4,0
3368,0x55555556750e,0x3a9ff3d5,0
3369,0x55555556750e,0x3a9ff3d6,0
3370,0x555555567525,0x3a9ff3d7,0
3371,0x55555556750e,0x3a9ff3d8,0
3372,0x555555567525,0x3a9ff3d9,0
3373,0x55555556750e,0x3a9ff3da,0
3374,0x55555556750e,0x3a9ff3db,0
3375,0x555555567525,0x3a9ff3dc,0
3376,0x555555567525,0x3a9ff3dd,0
3377,0x55555556750e,0x3a9ff3de,0
3378,0x55555556750e,0x3a9ff3df,0
3379,0x55555556750e,0x3a9ff3e0,0
3380,0x555555567525,0x3a9ff3e1,0
3381,0x55555556750e,0x3a9ff3e2,0
3382,0x555555567525,0x3a9ff3e3,0
3383,0x55555556750e,0x3a9ff3e4,0
3384,0x55555556750e,0x3a9ff3e5,0
3385,0x55555556750e,0x3a9ff3e6,0
3386,0x555555567525,0x3a9ff3e7,0
3387,0x555555567525,0x3a9ff3e8,0
3388,0x55555556750e,0x3a9ff3e9,0
3389,0x555555567525,0x3a9ff3ea,0
3390,0x555555567525,0x3a9ff3eb,0
3391,0x555555567525,0x3a9ff3ec,0
3392,0x55555556750e,0x3a9ff3ed,0
3393,0x555555567525,0x3a9ff3ee,0
3394,0x55555556750e,0x3a9ff3ef,0
3395,0x555555567525,0x3a9ff3f0,0
3396,0x555555567525,0x3a9ff3f1,0
3397,0x55555556750e,0x3a9ff3f2,0
3398,0x55555556750e,0x3a9ff3f3,0
3399,0x55555556750e,0x3a9ff3f4,0
3400,0x55555556750e,0x3a9ff3f5,0
3401,0x55555556750e,0x3a9ff3f6,0
3402,0x555555567525,0x3a9ff3f7,0
3403,0x55555556750e,0x3a9ff3f8,0
3404,0x555555567525,0x3a9ff3f9,0
3405,0x55555556750e,0x3a9ff3fa,0
3406,0x55555556750e,0x3a9ff3fb,0
3407,0x555555567525,0x3a9ff3fc,0
3408,0x555555567525,0x3a9ff3fd,0
3409,0x55555556750e,0x3a9ff3fe,0
3410,0x555555567525,0x3a9ff3ff,0
3411,0x555555567525,0x17cc3000,0
3412,0x55555556750e,0x17cc3001,0
3413,0x555555567525,0x17cc3002,0
3414,0x55555556750e,0x17cc3003,0
3415,0x555555567525,0x17cc3004,0
3416,0x55555556750e,0x17cc3005,0
3417,0x555555567525,0x17cc3006,0
3418,0x555555567525,0x17cc3007,0
3419,0x555555567525,0x17cc3008,0
3420,0x55555556750e,0x17cc3009,0
3421,0x55555556750e,0x17cc300a,0
3422,0x55555556750e,0x17cc300b,0
3423,0x55555556750e,0x17cc300c,0
3424,0x55555556750e,0x17cc300d,0
3425,0x55555556750e,0x17cc300e,0
3426,0x55555556750e,0x17cc300f,0
3427,0x555555567525,0x17cc3010,0
3428,0x555555567525,0x17cc3011,0
3429,0x55555556750e,0x17cc3012,0
3430,0x55555556750e,0x17cc3013,0
3431,0x55555556750e,0x17cc3014,0
3432,0x55555556750e,0x17cc3015,0
3433,0x555555567525,0x17cc3016,0
3434,0x55555556750e,0x17cc3017,0
3435,0x55555556750e,0x17cc3018,0
3436,0x55555556750e,0x17cc3019,0
3437,0x55555556750e,0x17cc301a,0
3438,0x55555556750e,0x17cc301b,0
3439,0x555555567525,0x17cc301c,0
3440,0x555555567525,0x17cc301d,0
3441,0x55555556750e,0x17cc301e,0
3442,0x555555567525,0x17cc301f,0
3443,0x55555556750e,0x17cc3020,0
3444,0x555555567525,0x17cc3021,0
3445,0x55555556750e,0x17cc3022,0
3446,0x555555567525,0x17cc3023,0
3447,0x55555556750e,0x17cc3024,0
3448,0x555555567525,0x17cc3025,0
3449,0x55555556750e,0x17cc3026,0
3450,0x555555567525,0x17cc3027,0
3451,0x55555556750e,0x17cc3028,0
3452,0x55555556750e,0x17cc3029,0
3453,0x555555567525,0x17cc302a,0
3454,0x55555556750e,0x17cc302b,0
3455,0x55555556750e,0x17cc302c,0
3456,0x55555556750e,0x17cc302d,0
3457,0x555555567525,0x17cc302e,0
3458,0x55555556750e,0x17cc302f,0
3459,0x55555556750e,0x17cc3030,0
3460,0x55555556750e,0x17cc3031,0
3461,0x555555567525,0x17cc3032,0
3462,0x55555556750e,0x17cc3033,0
3463,0x555555567525,0x17cc3034,0
3464,0x55555556750e,0x17cc3035,0
3465,0x555555567525,0x17cc3036,0
3466,0x55555556750e,0x17cc3037,0
3467,0x555555567525,0x17cc3038,0
3468,0x55555556750e,0x17cc3039,0
3469,0x55555556750e,0x17cc303a,0
3470,0x555555567525,0x17cc303b,0
3471,0x555555567525,0x17cc303c,0
3472,0x555555567525,0x17cc303d,0
3473,0x55555556750e,0x17cc303e,0
3474,0x55555556750e,0x17cc303f,0
3475,0x555555567525,0xe7bd780,0
3476,0x555555567525,0xe7bd781,0
3477,0x55555556750e,0xe7bd782,0
3478,0x55555556750e,0xe7bd783,0
3479,0x55555556750e,0xe7bd784,0
3480,0x55555556750e,0xe7bd785,0
3481,0x555555567525,0xe7bd786,0
3482,0x555555567525,0xe7bd787,0
3483,0x55555556750e,0xe7bd788,0
3484,0x555555567525,0xe7bd789,0
3485,0x55555556750e,0xe7bd78a,0
3486,0x555555567525,0xe7bd78b,0
3487,0x55555556750e,0xe7bd78c,0
3488,0x555555567525,0xe7bd78d,0
3489,0x55555556750e,0xe7bd78e,0
3490,0x55555556750e,0xe7bd78f,0
3491,0x55555556750e,0xe7bd790,0
3492,0x555555567525,0xe7bd791,0
3493,0x555555567525,0xe7bd792,0
3494,0x55555556750e,0xe7bd793,0
3495,0x555555567525,0xe7bd794,0
3496,0x55555556750e,0xe7bd795,0
3497,0x555555567525,0xe7bd796,0
3498,0x555555567525,0xe7bd797,0
3499,0x555555567525,0xe7bd798,0
3500,0x55555556750e,0xe7bd799,0
3501,0x555555567525,0xe7bd79a,0
3502,0x555555567525,0xe7bd79b,0
3503,0x555555567525,0xe7bd79c,0
3504,0x55555556750e,0xe7bd79d,0
3505,0x55555556750e,0xe7bd79e,0
3506,0x555555567525,0xe7bd79f,0
3507,0x55555556750e,0xe7bd7a0,0
3508,0x55555556750e,0xe7bd7a1,0
3509,0x55555556750e,0xe7bd7a2,0
3510,0x55555556750e,0xe7bd7a3,0
3511,0x55555556750e,0xe7bd7a4,0
3512,0x55555556750e,0xe7bd7a5,0
3513,0x55555556750e,0xe7bd7a6,0
3514,0x555555567525,0xe7bd7a7,0
3515,0x55555556750e,0xe7bd7a8,0
3516,0x55555556750e,0xe7bd7a9,0
3517,0x55555556750e,0xe7bd7aa,0
3518,0x55555556750e,0xe7bd7ab,0
3519,0x555555567525,0xe7bd7ac,0
3520,0x55555556750e,0xe7bd7ad,0
3521,0x55555556750e,0xe7bd7ae,0
3522,0x55555556750e,0xe7bd7af,0
3523,0x555555567525,0xe7bd7b0,0
3524,0x55555556750e,0xe7bd7b1,0
3525,0x555555567525,0xe7bd7b2,0
3526,0x55555556750e,0xe7bd7b3,0
3527,0x55555556750e,0xe7bd7b4,0
3528,0x55555556750e,0xe7bd7b5,0
3529,0x55555556750e,0xe7bd7b6,0
3530,0x55555556750e,0xe7bd7b7,0
3531,0x55555556750e,0xe7bd7b8,0
3532,0x55555556750e,0xe7bd7b9,0
3533,0x55555556750e,0xe7bd7ba,0
3534,0x55555556750e,0xe7bd7bb,0
3535,0x555555567525,0xe7bd7bc,0
3536,0x555555567525,0xe7bd7bd,0
3537,0x55555556750e,0xe7bd7be,0
3538,0x555555567525,0xe7bd7bf,0
3539,0x555555567525,0x69a8a40,0
3540,0x555555567525,0x69a8a41,0
3541,0x55555556750e,0x69a8a42,0
3542,0x555555567525,0x69a8a43,0
3543,0x55555556750e,0x69a8a44,0
3544,0x55555556750e,0x69a8a45,0
3545,0x555555567525,0x69a8a46,0
3546,0x555555567525,0x69a8a47,0
3547,0x55555556750e,0x69a8a48,0
3548,0x55555556750e,0x69a8a49,0
3549,0x55555556750e,0x69a8a4a,0
3550,0x55555556750e,0x69a8a4b,0
3551,0x55555556750e,0x69a8a4c,0
3552,0x55555556750e,0x69a8a4d,0
3553,0x55555556750e,0x69a8a4e,0
3554,0x55555556750e,0x69a8a4f,0
3555,0x55555556750e,0x69a8a50,0
3556,0x555555567525,0x69a8a51,0
3557,0x555555567525,0x69a8a52,0
3558,0x55555556750e,0x69a8a53,0
3559,0x555555567525,0x69a8a54,0
3560,0x55555556750e,0x69a8a55,0
3561,0x555555567525,0x69a8a56,0
3562,0x555555567525,0x69a8a57,0
3563,0x555555567525,0x69a8a58,0
3564,0x55555556750e,0x69a8a59,0
3565,0x555555567525,0x69a8a5a,0
3566,0x55555556750e,0x69a8a5b,0
3567,0x555555567525,0x69a8a5c,0
3568,0x55555556750e,0x69a8a5d,0
3569,0x55555556750e,0x69a8a5e,0
3570,0x55555556750e,0x69a8a5f,0
3571,0x55555556750e,0x69a8a60,0
3572,0x55555556750e,0x69a8a61,0
3573,0x555555567525,0x69a8a62,0
3574,0x55555556750e,0x69a8a63,0
3575,0x55555556750e,0x69a8a64,0
3576,0x55555556750e,0x69a8a65,0
3577,0x55555556750e,0x69a8a66,0
3578,0x555555567525,0x69a8a67,0
3579,0x55555556750e,0x69a8a68,0
3580,0x55555556750e,0x69a8a69,0
3581,0x555555567525,0x69a8a6a,0
3582,0x55555556750e,0x69a8a6b,0
3583,0x555555567525,0x69a8a6c,0
3584,0x55555556750e,0x69a8a6d,0
3585,0x555555567525,0x69a8a6e,0
3586,0x55555556750e,0x69a8a6f,0
3587,0x555555567525,0x69a8a70,0
3588,0x555555567525,0x69a8a71,0
3589,0x555555567525,0x69a8a72,0
3590,0x55555556750e,0x69a8a73,0
3591,0x55555556750e,0x69a8a74,0
3592,0x55555556750e,0x69a8a75,0
3593,0x55555556750e,0x69a8a76,0
3594,0x55555556750e,0x69a8a77,0
3595,0x55555556750e,0x69a8a78,0
3596,0x55555556750e,0x69a8a79,0
3597,0x555555567525,0x69a8a7a,0
3598,0x55555556750e,0x69a8a7b,0
3599,0x555555567525,0x69a8a7c,0
3600,0x555555567525,0x69a8a7d,0
3601,0x55555556750e,0x69a8a7e,0
3602,0x55555556750e,0x69a8a7f,0
3603,0x55555556750e,0x1ca8d7c0,0
3604,0x555555567525,0x1ca8d7c1,0
3605,0x55555556750e,0x1ca8d7c2,0
3606,0x555555567525,0x1ca8d7c3,0
3607,0x55555556750e,0x1ca8d7c4,0
3608,0x555555567525,0x1ca8d7c5,0
3609,0x55555556750e,0x1ca8d7c6,0
3610,0x555555567525,0x1ca8d7c7,0
3611,0x55555556750e,0x1ca8d7c8,0
3612,0x55555556750e,0x1ca8d7c9,0
3613,0x55555556750e,0x1ca8d7ca,0
3614,0x555555567525,0x1ca8d7cb,0
3615,0x555555567525,0x1ca8d7cc,0
3616,0x55555556750e,0x1ca8d7cd,0
3617,0x555555567525,0x1ca8d7ce,0
3618,0x55555556750e,0x1ca8d7cf,0
3619,0x555555567525,0x1ca8d7d0,0
3620,0x55555556750e,0x1ca8d7d1,0
3621,0x555555567525,0x1ca8d7d2,0
3622,0x555555567525,0x1ca8d7d3,0
3623,0x55555556750e,0x1ca8d7d4,0
3624,0x555555567525,0x1ca8d7d5,0
3625,0x55555556750e,0x1ca8d7d6,0
3626,0x55555556750e,0x1ca8d7d7,0
3627,0x555555567525,0x1ca8d7d8,0
3628,0x55555556750e,0x1ca8d7d9,0
3629,0x55555556750e,0x1ca8d7da,0
3630,0x55555556750e,0x1ca8d7db,0
3631,0x555555567525,0x1ca8d7dc,0
3632,0x55555556750e,0x1ca8d7dd,0
3633,0x55555556750e,0x1ca8d7de,0
3634,0x555555567525,0x1ca8d7df,0
3635,0x55555556750e,0x1ca8d7e0,0
3636,0x55555556750e,0x1ca8d7e1,0
3637,0x55555556750e,0x1ca8d7e2,0
3638,0x55555556750e,0x1ca8d7e3,0
3639,0x555555567525,0x1ca8d7e4,0
3640,0x55555556750e,0x1ca8d7e5,0
3641,0x555555567525,0x1ca8d7e6,0
3642,0x55555556750e,0x1ca8d7e7,0
3643,0x555555567525,0x1ca8d7e8,0
3644,0x555555567525,0x1ca8d7e9,0
3645,0x55555556750e,0x1ca8d7ea,0
3646,0x55555556750e,0x1ca8d7eb,0
3647,0x55555556750e,0x1ca8d7ec,0
3648,0x55555556750e,0x1ca8d7ed,0
3649,0x55555556750e,0x1ca8d7ee,0
3650,0x55555556750e,0x1ca8d7ef,0
3651,0x55555556750e,0x1ca8d7f0,0
3652,0x555555567525,0x1ca8d7f1,0
3653,0x55555556750e,0x1ca8d7f2,0
3654,0x55555556750e,0x1ca8d7f3,0
3655,0x555555567525,0x1ca8d7f4,0
3656,0x55555556750e,0x1ca8d7f5,0
3657,0x555555567525,0x1ca8d7f6,0
3658,0x55555556750e,0x1ca8d7f7,0
3659,0x55555556750e,0x1ca8d7f8,0
3660,0x55555556750e,0x1ca8d7f9,0
3661,0x55555556750e,0x1ca8d7fa,0
3662,0x55555556750e,0x1ca8d7fb,0
3663,0x555555567525,0x1ca8d7fc,0
3664,0x55555556750e,0x1ca8d7fd,0
3665,0x555555567525,0x1ca8d7fe,0
3666,0x555555567525,0x1ca8d7ff,0
3667,0x55555556750e,0x3a144b80,0
3668,0x55555556750e,0x3a144b81,0
3669,0x55555556750e,0x3a144b82,0
3670,0x55555556750e,0x3a144b83,0
3671,0x555555567525,0x3a144b84,0
3672,0x55555556750e,0x3a144b85,0
3673,0x55555556750e,0x3a144b86,0
3674,0x555555567525,0x3a144b87,0
3675,0x55555556750e,0x3a144b88,0
3676,0x55555556750e,0x3a144b89,0
3677,0x55555556750e,0x3a144b8a,0
3678,0x55555556750e,0x3a144b8b,0
3679,0x55555556750e,0x3a144b8c,0
3680,0x555555567525,0x3a144b8d,0
3681,0x55555556750e,0x3a144b8e,0
3682,0x55555556750e,0x3a144b8f,0
3683,0x555555567525,0x3a144b90,0
3684,0x555555567525,0x3a144b91,0
3685,0x55555556750e,0x3a144b92,0
3686,0x55555556750e,0x3a144b93,0
3687,0x55555556750e,0x3a144b94,0
3688,0x55555556750e,0x3a144b95,0
3689,0x55555556750e,0x3a144b96,0
3690,0x55555556750e,0x3a144b97,0
3691,0x55555556750e,0x3a144b98,0
3692,0x555555567525,0x3a144b99,0
3693,0x55555556750e,0x3a144b9a,0
3694,0x555555567525,0x3a144b9b,0
3695,0x555555567525,0x3a144b9c,0
3696,0x55555556750e,0x3a144b9d,0
3697,0x55555556750e,0x3a144b9e,0
3698,0x555555567525,0x3a144b9f,0
3699,0x555555567525,0x3a144ba0,0
3700,0x555555567525,0x3a144ba1,0
3701,0x55555556750e,0x3a144ba2,0
3702,0x55555556750e,0x3a144ba3,0
3703,0x555555567525,0x3a144ba4,0
3704,0x55555556750e,0x3a144ba5,0
3705,0x55555556750e,0x3a144ba6,0
3706,0x555555567525,0x3a144ba7,0
3707,0x55555556750e,0x3a144ba8,0
3708,0x555555567525,0x3a144ba9,0
3709,0x55555556750e,0x3a144baa,0
3710,0x555555567525,0x3a144bab,0
3711,0x55555556750e,0x3a144bac,0
3712,0x555555567525,0x3a144bad,0
3713,0x555555567525,0x3a144bae,0
3714,0x55555556750e,0x3a144baf,0
3715,0x555555567525,0x3a144bb0,0
3716,0x555555567525,0x3a144bb1,0
3717,0x555555567525,0x3a144bb2,0
3718,0x55555556750e,0x3a144bb3,0
3719,0x55555556750e,0x3a144bb4,0
3720,0x555555567525,0x3a144bb5,0
3721,0x55555556750e,0x3a144bb6,0
3722,0x55555556750e,0x3a144bb7,0
3723,0x55555556750e,0x3a144bb8,0
3724,0x55555556750e,0x3a144bb9,0
3725,0x555555567525,0x3a144bba,0
3726,0x555555567525,0x3a144bbb,0
3727,0x55555556750e,0x3a144bbc,0
3728,0x555555567525,0x3a144bbd,0
3729,0x555555567525,0x3a144bbe,0
3730,0x55555556750e,0x3a144bbf,0
3731,0x555555567525,0x38a450c0,0
3732,0x55555556750e,0x38a450c1,0
3733,0x55555556750e,0x38a450c2,0
3734,0x555555567525,0x38a450c3,0
3735,0x55555556750e,0x38a450c4,0
3736,0x555555567525,0x38a450c5,0
3737,0x55555556750e,0x38a450c6,0
3738,0x555555567525,0x38a450c7,0
3739,0x55555556750e,0x38a450c8,0
3740,0x55555556750e,0x38a450c9,0
3741,0x55555556750e,0x38a450ca,0
3742,0x55555556750e,0x38a450cb,0
3743,0x55555556750e,0x38a450cc,0
3744,0x55555556750e,0x38a450cd,0
3745,0x555555567525,0x38a450ce,0
3746,0x55555556750e,0x38a450cf,0
3747,0x555555567525,0x38a450d0,0
3748,0x55555556750e,0x38a450d1,0
3749,0x555555567525,0x38a450d2,0
3750,0x555555567525,0x38a450d3,0
3751,0x55555556750e,0x38a450d4,0
3752,0x55555556750e,0x38a450d5,0
3753,0x55555556750e,0x38a450d6,0
3754,0x555555567525,0x38a450d7,0
3755,0x555555567525,0x38a450d8,0
3756,0x55555556750e,0x38a450d9,0
3757,0x555555567525,0x38a450da,0
3758,0x55555556750e,0x38a450db,0
3759,0x555555567525,0x38a450dc,0
3760,0x55555556750e,0x38a450dd,0
3761,0x555555567525,0x38a450de,0
3762,0x55555556750e,0x38a450df,0
3763,0x55555556750e,0x38a450e0,0
3764,0x55555556750e,0x38a450e1,0
3765,0x555555567525,0x38a450e2,0
3766,0x55555556750e,0x38a450e3,0
3767,0x55555556750e,0x38a450e4,0
3768,0x55555556750e,0x38a450e5,0
3769,0x55555556750e,0x38a450e6,0
3770,0x55555556750e,0x38a450e7,0
3771,0x55555556750e,0x38a450e8,0
3772,0x55555556750e,0x38a450e9,0
3773,0x55555556750e,0x38a450ea,0
3774,0x55555556750e,0x38a450eb,0
3775,0x555555567525,0x38a450ec,0
3776,0x55555556750e,0x38a450ed,0
3777,0x555555567525,0x38a450ee,0
3778,0x55555556750e,0x38a450ef,0
3779,0x55555556750e,0x38a450f0,0
3780,0x555555567525,0x38a450f1,0
3781,0x555555567525,0x38a450f2,0
3782,0x555555567525,0x38a450f3,0
3783,0x555555567525,0x38a450f4,0
3784,0x55555556750e,0x38a450f5,0
3785,0x55555556750e,0x38a450f6,0
3786,0x55555556750e,0x38a450f7,0
3787,0x55555556750e,0x38a450f8,0
3788,0x55555556750e,0x38a450f9,0
3789,0x55555556750e,0x38a450fa,0
3790,0x555555567525,0x38a450fb,0
3791,0x555555567525,0x38a450fc,0
3792,0x55555556750e,0x38a450fd,0
3793,0x555555567525,0x38a450fe,0
3794,0x55555556750e,0x38a450ff,0
3795,0x555555567525,0x24333280,0
3796,0x555555567525,0x24333281,0
3797,0x55555556750e,0x24333282,0
3798,0x555555567525,0x24333283,0
3799,0x55555556750e,0x24333284,0
3800,0x55555556750e,0x24333285,0
3801,0x555555567525,0x24333286,0
3802,0x55555556750e,0x24333287,0
3803,0x555555567525,0x24333288,0
3804,0x55555556750e,0x24333289,0
3805,0x55555556750e,0x2433328a,0
3806,0x55555556750e,0x2433328b,0
3807,0x55555556750e,0x2433328c,0
3808,0x55555556750e,0x2433328d,0
3809,0x55555556750e,0x2433328e,0
3810,0x55555556750e,0x2433328f,0
3811,0x55555556750e,0x24333290,0
3812,0x555555567525,0x24333291,0
3813,0x555555567525,0x24333292,0
3814,0x55555556750e,0x24333293,0
3815,0x555555567525,0x24333294,0
3816,0x55555556750e,0x24333295,0
3817,0x55555556750e,0x24333296,0
3818,0x55555556750e,0x24333297,0
3819,0x55555556750e,0x24333298,0
3820,0x55555556750e,0x24333299,0
3821,0x55555556750e,0x2433329a,0
3822,0x555555567525,0x2433329b,0
3823,0x555555567525,0x2433329c,0
3824,0x555555567525,0x2433329d,0
3825,0x55555556750e,0x2433329e,0
3826,0x555555567525,0x2433329f,0
3827,0x55555556750e,0x243332a0,0
3828,0x555555567525,0x243332a1,0
3829,0x55555556750e,0x243332a2,0
3830,0x555555567525,0x243332a3,0
3831,0x55555556750e,0x243332a4,0
3832,0x555555567525,0x243332a5,0
3833,0x55555556750e,0x243332a6,0
3834,0x55555556750e,0x243332a7,0
3835,0x555555567525,0x243332a8,0
3836,0x55555556750e,0x243332a9,0
3837,0x55555556750e,0x243332aa,0
3838,0x55555556750e,0x243332ab,0
3839,0x55555556750e,0x243332ac,0
3840,0x555555567525,0x243332ad,0
3841,0x55555556750e,0x243332ae,0
3842,0x55555556750e,0x243332af,0
3843,0x555555567525,0x243332b0,0
3844,0x55555556750e,0x243332b1,0
3845,0x555555567525,0x243332b2,0
3846,0x55555556750e,0x243332b3,0
3847,0x55555556750e,0x243332b4,0
3848,0x555555567525,0x243332b5,0
3849,0x55555556750e,0x243332b6,0
3850,0x555555567525,0x243332b7,0
3851,0x55555556750e,0x243332b8,0
3852,0x55555556750e,0x243332b9,0
3853,0x55555556750e,0x243332ba,0
3854,0x55555556750e,0x243332bb,0
3855,0x555555567525,0x243332bc,0
3856,0x555555567525,0x243332bd,0
3857,0x55555556750e,0x243332be,0
3858,0x55555556750e,0x243332bf,0
3859,0x555555567525,0x1d4f3340,0
3860,0x555555567525,0x1d4f3341,0
3861,0x555555567525,0x1d4f3342,0
3862,0x555555567525,0x1d4f3343,0
3863,0x55555556750e,0x1d4f3344,0
3864,0x555555567525,0x1d4f3345,0
3865,0x55555556750e,0x1d4f3346,0
3866,0x555555567525,0x1d4f3347,0
3867,0x555555567525,0x1d4f3348,0
3868,0x55555556750e,0x1d4f3349,0
3869,0x555555567525,0x1d4f334a,0
3870,0x55555556750e,0x1d4f334b,0
3871,0x55555556750e,0x1d4f334c,0
3872,0x55555556750e,0x1d4f334d,0
3873,0x55555556750e,0x1d4f334e,0
3874,0x555555567525,0x1d4f334f,0
3875,0x55555556750e,0x1d4f3350,0
3876,0x555555567525,0x1d4f3351,0
3877,0x555555567525,0x1d4f3352,0
3878,0x55555556750e,0x1d4f3353,0
3879,0x555555567525,0x1d4f3354,0
3880,0x55555556750e,0x1d4f3355,0
3881,0x55555556750e,0x1d4f3356,0
3882,0x55555556750e,0x1d4f3357,0
3883,0x55555556750e,0x1d4f3358,0
3884,0x55555556750e,0x1d4f3359,0
3885,0x55555556750e,0x1d4f335a,0
3886,0x55555556750e,0x1d4f335b,0
3887,0x555555567525,0x1d4f335c,0
3888,0x555555567525,0x1d4f335d,0
3889,0x555555567525,0x1d4f335e,0
3890,0x555555567525,0x1d4f335f,0
3891,0x555555567525,0x1d4f3360,0
3892,0x555555567525,0x1d4f3361,0
3893,0x55555556750e,0x1d4f3362,0
3894,0x555555567525,0x1d4f3363,0
3895,0x55555556750e,0x1d4f3364,0
3896,0x55555556750e,0x1d4f3365,0
3897,0x55555556750e,0x1d4f3366,0
3898,0x555555567525,0x1d4f3367,0
3899,0x555555567525,0x1d4f3368,0
3900,0x555555567525,0x1d4f3369,0
3901,0x555555567525,0x1d4f336a,0
3902,0x55555556750e,0x1d4f336b,0
3903,0x55555556750e,0x1d4f336c,0
3904,0x55555556750e,0x1d4f336d,0
3905,0x55555556750e,0x1d4f336e,0
3906,0x55555556750e,0x1d4f336f,0
3907,0x55555556750e,0x1d4f3370,0
3908,0x555555567525,0x1d4f3371,0
3909,0x555555567525,0x1d4f3372,0
3910,0x55555556750e,0x1d4f3373,0
3911,0x555555567525,0x1d4f3374,0
3912,0x55555556750e,0x1d4f3375,0
3913,0x55555556750e,0x1d4f3376,0
3914,0x55555556750e,0x1d4f3377,0
3915,0x555555567525,0x1d4f3378,0
3916,0x55555556750e,0x1d4f3379,0
3917,0x55555556750e,0x1d4f337a,0
3918,0x55555556750e,0x1d4f337b,0
3919,0x555555567525,0x1d4f337c,0
3920,0x555555567525,0x1d4f337d,0
3921,0x55555556750e,0x1d4f337e,0
3922,0x555555567525,0x1d4f337f,0
3923,0x55555556750e,0x1334780,0
3924,0x555555567525,0x1334781,0
3925,0x55555556750e,0x1334782,0
3926,0x555555567525,0x1334783,0
3927,0x55555556750e,0x1334784,0
3928,0x55555556750e,0x1334785,0
3929,0x55555556750e,0x1334786,0
3930,0x55555556750e,0x1334787,0
3931,0x555555567525,0x1334788,0
3932,0x55555556750e,0x1334789,0
3933,0x555555567525,0x133478a,0
3934,0x55555556750e,0x133478b,0
3935,0x55555556750e,0x133478c,0
3936,0x55555556750e,0x133478d,0
3937,0x555555567525,0x133478e,0
3938,0x55555556750e,0x133478f,0
3939,0x555555567525,0x1334790,0
3940,0x55555556750e,0x1334791,0
3941,0x555555567525,0x1334792,0
3942,0x555555567525,0x1334793,0
3943,0x55555556750e,0x1334794,0
3944,0x55555556750e,0x1334795,0
3945,0x55555556750e,0x1334796,0
3946,0x55555556750e,0x1334797,0
3947,0x55555556750e,0x1334798,0
3948,0x555555567525,0x1334799,0
3949,0x55555556750e,0x133479a,0
3950,0x555555567525,0x133479b,0
3951,0x555555567525,0x133479c,0
3952,0x55555556750e,0x133479d,0
3953,0x55555556750e,0x133479e,0
3954,0x55555556750e,0x133479f,0
3955,0x555555567525,0x13347a0,0
3956,0x55555556750e,0x13347a1,0
3957,0x555555567525,0x13347a2,0
3958,0x55555556750e,0x13347a3,0
3959,0x55555556750e,0x13347a4,0
3960,0x55555556750e,0x13347a5,0
3961,0x55555556750e,0x13347a6,0
3962,0x55555556750e,0x13347a7,0
3963,0x555555567525,0x13347a8,0
3964,0x55555556750e,0x13347a9,0
3965,0x555555567525,0x13347aa,0
3966,0x55555556750e,0x13347ab,0
3967,0x55555556750e,0x13347ac,0
3968,0x55555556750e,0x13347ad,0
3969,0x555555567525,0x13347ae,0
3970,0x55555556750e,0x13347af,0
3971,0x555555567525,0x13347b0,0
3972,0x55555556750e,0x13347b1,0
3973,0x555555567525,0x13347b2,0
3974,0x55555556750e,0x13347b3,0
3975,0x55555556750e,0x13347b4,0
3976,0x55555556750e,0x13347b5,0
3977,0x55555556750e,0x13347b6,0
3978,0x555555567525,0x13347b7,0
3979,0x55555556750e,0x13347b8,0
3980,0x555555567525,0x13347b9,0
3981,0x55555556750e,0x13347ba,0
3982,0x55555556750e,0x13347bb,0
3983,0x55555556750e,0x13347bc,0
3984,0x555555567525,0x13347bd,0
3985,0x555555567525,0x13347be,0
3986,0x55555556750e,0x13347bf,0
3987,0x555555567525,0x3e0d8c0,0
3988,0x555555567525,0x3e0d8c1,0
3989,0x555555567525,0x3e0d8c2,0
3990,0x555555567525,0x3e0d8c3,0
3991,0x55555556750e,0x3e0d8c4,0
3992,0x555555567525,0x3e0d8c5,0
3993,0x55555556750e,0x3e0d8c6,0
3994,0x55555556750e,0x3e0d8c7,0
3995,0x555555567525,0x3e0d8c8,0
3996,0x55555556750e,0x3e0d8c9,0
3997,0x555555567525,0x3e0d8ca,0
3998,0x55555556750e,0x3e0d8cb,0
3999,0x55555556750e,0x3e0d8cc,0
4000,0x55555556750e,0x3e0d8cd,0
4001,0x555555567525,0x3e0d8ce,0
4002,0x55555556750e,0x3e0d8cf,0
4003,0x55555556750e,0x3e0d8d0,0
4004,0x555555567525,0x3e0d8d1,0
4005,0x55555556750e,0x3e0d8d2,0
4006,0x55555556750e,0x3e0d8d3,0
4007,0x555555567525,0x3e0d8d4,0
4008,0x555555567525,0x3e0d8d5,0
4009,0x55555556750e,0x3e0d8d6,0
4010,0x555555567525,0x3e0d8d7,0
4011,0x55555556750e,0x3e0d8d8,0
4012,0x555555567525,0x3e0d8d9,0
4013,0x555555567525,0x3e0d8da,0
4014,0x55555556750e,0x3e0d8db,0
4015,0x55555556750e,0x3e0d8dc,0
4016,0x555555567525,0x3e0d8dd,0
4017,0x555555567525,0x3e0d8de,0
4018,0x55555556750e,0x3e0d8df,0
4019,0x55555556750e,0x3e0d8e0,0
4020,0x55555556750e,0x3e0d8e1,0
4021,0x55555556750e,0x3e0d8e2,0
4022,0x55555556750e,0x3e0d8e3,0
4023,0x55555556750e,0x3e0d8e4,0
4024,0x55555556750e,0x3e0d8e5,0
4025,0x55555556750e,0x3e0d8e6,0
4026,0x55555556750e,0x3e0d8e7,0
4027,0x555555567525,0x3e0d8e8,0
4028,0x55555556750e,0x3e0d8e9,0
4029,0x555555567525,0x3e0d8ea,0
4030,0x55555556750e,0x3e0d8eb,0
4031,0x555555567525,0x3e0d8ec,0
4032,0x55555556750e,0x3e0d8ed,0
4033,0x55555556750e,0x3e0d8ee,0
4034,0x55555556750e,0x3e0d8ef,0
4035,0x555555567525,0x3e0d8f0,0
4036,0x555555567525,0x3e0d8f1,0
4037,0x555555567525,0x3e0d8f2,0
4038,0x555555567525,0x3e0d8f3,0
4039,0x55555556750e,0x3e0d8f4,0
4040,0x555555567525,0x3e0d8f5,0
4041,0x55555556750e,0x3e0d8f6,0
4042,0x55555556750e,0x3e0d8f7,0
4043,0x555555567525,0x3e0d8f8,0
4044,0x55555556750e,0x3e0d8f9,0
4045,0x555555567525,0x3e0d8fa,0
4046,0x55555556750e,0x3e0d8fb,0
4047,0x55555556750e,0x3e0d8fc,0
4048,0x555555567525,0x3e0d8fd,0
4049,0x555555567525,0x3e0d8fe,0
4050,0x55555556750e,0x3e0d8ff,0
4051,0x555555567525,0xc413a00,0
4052,0x55555556750e,0xc413a01,0
4053,0x55555556750e,0xc413a02,0
4054,0x555555567525,0xc413a03,0
4055,0x55555556750e,0xc413a04,0
4056,0x555555567525,0xc413a05,0
4057,0x555555567525,0xc413a06,0
4058,0x555555567525,0xc413a07,0
4059,0x55555556750e,0xc413a08,0
4060,0x555555567525,0xc413a09,0
4061,0x55555556750e,0xc413a0a,0
4062,0x55555556750e,0xc413a0b,0
4063,0x55555556750e,0xc413a0c,0
4064,0x55555556750e,0xc413a0d,0
4065,0x55555556750e,0xc413a0e,0
4066,0x55555556750e,0xc413a0f,0
4067,0x555555567525,0xc413a10,0
4068,0x55555556750e,0xc413a11,0
4069,0x555555567525,0xc413a12,0
4070,0x555555567525,0xc413a13,0
4071,0x55555556750e,0xc413a14,0
4072,0x55555556750e,0xc413a15,0
4073,0x55555556750e,0xc413a16,0
4074,0x55555556750e,0xc413a17,0
4075,0x55555556750e,0xc413a18,0
4076,0x55555556750e,0xc413a19,0
4077,0x555555567525,0xc413a1a,0
4078,0x55555556750e,0xc413a1b,0
4079,0x555555567525,0xc413a1c,0
4080,0x55555556750e,0xc413a1d,0
4081,0x555555567525,0xc413a1e,0
4082,0x555555567525,0xc413a1f,0
4083,0x55555556750e,0xc413a20,0
4084,0x555555567525,0xc413a21,0
4085,0x55555556750e,0xc413a22,0
4086,0x555555567525,0xc413a23,0
4087,0x55555556750e,0xc413a24,0
4088,0x555555567525,0xc413a25,0
4089,0x555555567525,0xc413a26,0
4090,0x55555556750e,0xc413a27,0
4091,0x555555567525,0xc413a28,0
4092,0x55555556750e,0xc413a29,0
4093,0x555555567525,0xc413a2a,0
4094,0x55555556750e,0xc413a2b,0
4095,0x55555556750e,0xc413a2c,0
4096,0x555555567525,0xc413a2d,0
4097,0x55555556750e,0xc413a2e,0
4098,0x55555556750e,0xc413a2f,0
4099,0x55555556750e,0xc413a30,0
4100,0x555555567525,0xc413a31,0
4101,0x555555567525,0xc413a32,0
4102,0x55555556750e,0xc413a33,0
4103,0x555555567525,0xc413a34,0
4104,0x55555556750e,0xc413a35,0
4105,0x55555556750e,0xc413a36,0
4106,0x55555556750e,0xc413a37,0
4107,0x555555567525,0xc413a38,0
4108,0x55555556750e,0xc413a39,0
4109,0x55555556750e,0xc413a3a,0
4110,0x55555556750e,0xc413a3b,0
4111,0x55555556750e,0xc413a3c,0
4112,0x55555556750e,0xc413a3d,0
4113,0x555555567525,0xc413a3e,0
4114,0x55555556750e,0xc413a3f,0
4115,0x555555567525,0x219ffdc0,0
4116,0x55555556750e,0x219ffdc1,0
4117,0x55555556750e,0x219ffdc2,0
4118,0x55555556750e,0x219ffdc3,0
4119,0x55555556750e,0x219ffdc4,0
4120,0x55555556750e,0x219ffdc5,0
4121,0x55555556750e,0x219ffdc6,0
4122,0x555555567525,0x219ffdc7,0
4123,0x55555556750e,0x219ffdc8,0
4124,0x555555567525,0x219ffdc9,0
4125,0x55555556750e,0x219ffdca,0
4126,0x55555556750e,0x219ffdcb,0
4127,0x555555567525,0x219ffdcc,0
4128,0x555555567525,0x219ffdcd,0
4129,0x55555556750e,0x219ffdce,0
4130,0x555555567525,0x219ffdcf,0
4131,0x555555567525,0x219ffdd0,0
4132,0x555555567525,0x219ffdd1,0
4133,0x55555556750e,0x219ffdd2,0
4134,0x555555567525,0x219ffdd3,0
4135,0x555555567525,0x219ffdd4,0
4136,0x55555556750e,0x219ffdd5,0
4137,0x555555567525,0x219ffdd6,0
4138,0x555555567525,0x219ffdd7,0
4139,0x55555556750e,0x219ffdd8,0
4140,0x555555567525,0x219ffdd9,0
4141,0x55555556750e,0x219ffdda,0
4142,0x55555556750e,0x219ffddb,0
4143,0x555555567525,0x219ffddc,0
4144,0x55555556750e,0x219ffddd,0
4145,0x55555556750e,0x219ffdde,0
4146,0x55555556750e,0x219ffddf,0
4147,0x55555556750e,0x219ffde0,0
4148,0x555555567525,0x219ffde1,0
4149,0x55555556750e,0x219ffde2,0
4150,0x55555556750e,0x219ffde3,0
4151,0x55555556750e,0x219ffde4,0
4152,0x555555567525,0x219ffde5,0
4153,0x55555556750e,0x219ffde6,0
4154,0x55555556750e,0x219ffde7,0
4155,0x555555567525,0x219ffde8,0
4156,0x55555556750e,0x219ffde9,0
4157,0x55555556750e,0x219ffdea,0
4158,0x55555556750e,0x219ffdeb,0
4159,0x555555567525,0x219ffdec,0
4160,0x555555567525,0x219ffded,0
4161,0x55555556750e,0x219ffdee,0
4162,0x55555556750e,0x219ffdef,0
4163,0x555555567525,0x219ffdf0,0
4164,0x555555567525,0x219ffdf1,0
4165,0x55555556750e,0x219ffdf2,0
4166,0x55555556750e,0x219ffdf3,0
4167,0x555555567525,0x219ffdf4,0
4168,0x55555556750e,0x219ffdf5,0
4169,0x55555556750e,0x219ffdf6,0
4170,0x55555556750e,0x219ffdf7,0
4171,0x55555556750e,0x219ffdf8,0
4172,0x55555556750e,0x219ffdf9,0
4173,0x55555556750e,0x219ffdfa,0
4174,0x55555556750e,0x219ffdfb,0
4175,0x555555567525,0x219ffdfc,0
4176,0x55555556750e,0x219ffdfd,0
4177,0x55555556750e,0x219ffdfe,0
4178,0x55555556750e,0x219ffdff,0
4179,0x555555567525,0x2b9e4800,0
4180,0x555555567525,0x2b9e4801,0
4181,0x55555556750e,0x2b9e4802,0
4182,0x55555556750e,0x2b9e4803,0
4183,0x55555556750e,0x2b9e4804,0
4184,0x55555556750e,0x2b9e4805,0
4185,0x555555567525,0x2b9e4806,0
4186,0x55555556750e,0x2b9e4807,0
4187,0x555555567525,0x2b9e4808,0
4188,0x55555556750e,0x2b9e4809,0
4189,0x555555567525,0x2b9e480a,0
4190,0x55555556750e,0x2b9e480b,0
4191,0x55555556750e,0x2b9e480c,0
4192,0x55555556750e,0x2b9e480d,0
4193,0x555555567525,0x2b9e480e,0
4194,0x55555556750e,0x2b9e480f,0
4195,0x555555567525,0x2b9e4810,0
4196,0x555555567525,0x2b9e4811,0
4197,0x55555556750e,0x2b9e4812,0
4198,0x55555556750e,0x2b9e4813,0
4199,0x55555556750e,0x2b9e4814,0
4200,0x555555567525,0x2b9e4815,0
4201,0x55555556750e,0x2b9e4816,0
4202,0x55555556750e,0x2b9e4817,0
4203,0x555555567525,0x2b9e4818,0
4204,0x555555567525,0x2b9e4819,0
4205,0x55555556750e,0x2b9e481a,0
4206,0x55555556750e,0x2b9e481b,0
4207,0x55555556750e,0x2b9e481c,0
4208,0x555555567525,0x2b9e481d,0
4209,0x55555556750e,0x2b9e481e,0
4210,0x555555567525,0x2b9e481f,0
4211,0x555555567525,0x2b9e4820,0
4212,0x55555556750e,0x2b9e4821,0
4213,0x555555567525,0x2b9e4822,0
4214,0x55555556750e,0x2b9e4823,0
4215,0x555555567525,0x2b9e4824,0
4216,0x55555556750e,0x2b9e4825,0
4217,0x555555567525,0x2b9e4826,0
4218,0x55555556750e,0x2b9e4827,0
4219,0x55555556750e,0x2b9e4828,0
4220,0x555555567525,0x2b9e4829,0
4221,0x55555556750e,0x2b9e482a,0
4222,0x55555556750e,0x2b9e482b,0
4223,0x555555567525,0x2b9e482c,0
4224,0x55555556750e,0x2b9e482d,0
4225,0x555555567525,0x2b9e482e,0
4226,0x55555556750e,0x2b9e482f,0
4227,0x555555567525,0x2b9e4830,0
4228,0x55555556750e,0x2b9e4831,0
4229,0x555555567525,0x2b9e4832,0
4230,0x555555567525,0x2b9e4833,0
4231,0x55555556750e,0x2b9e4834,0
4232,0x55555556750e,0x2b9e4835,0
4233,0x55555556750e,0x2b9e4836,0
4234,0x55555556750e,0x2b9e4837,0
4235,0x55555556750e,0x2b9e4838,0
4236,0x555555567525,0x2b9e4839,0
4237,0x55555556750e,0x2b9e483a,0
4238,0x555555567525,0x2b9e483b,0
4239,0x555555567525,0x2b9e483c,0
4240,0x555555567525,0x2b9e483d,0
4241,0x55555556750e,0x2b9e483e,0
4242,0x55555556750e,0x2b9e483f,0
4243,0x555555567525,0x8d04e80,0
4244,0x55555556750e,0x8d04e81,0
4245,0x555555567525,0x8d04e82,0
4246,0x55555556750e,0x8d04e83,0
4247,0x55555556750e,0x8d04e84,0
4248,0x55555556750e,0x8d04e85,0
4249,0x555555567525,0x8d04e86,0
4250,0x55555556750e,0x8d04e87,0
4251,0x55555556750e,0x8d04e88,0
4252,0x55555556750e,0x8d04e89,0
4253,0x55555556750e,0x8d04e8a,0
4254,0x555555567525,0x8d04e8b,0
4255,0x55555556750e,0x8d04e8c,0
4256,0x555555567525,0x8d04e8d,0
4257,0x55555556750e,0x8d04e8e,0
4258,0x55555556750e,0x8d04e8f,0
4259,0x55555556750e,0x8d04e90,0
4260,0x555555567525,0x8d04e91,0
4261,0x555555567525,0x8d04e92,0
4262,0x55555556750e,0x8d04e93,0
4263,0x555555567525,0x8d04e94,0
4264,0x555555567525,0x8d04e95,0
4265,0x555555567525,0x8d04e96,0
4266,0x55555556750e,0x8d04e97,0
4267,0x55555556750e,0x8d04e98,0
4268,0x55555556750e,0x8d04e99,0
4269,0x55555556750e,0x8d04e9a,0
4270,0x55555556750e,0x8d04e9b,0
4271,0x555555567525,0x8d04e9c,0
4272,0x555555567525,0x8d04e9d,0
4273,0x55555556750e,0x8d04e9e,0
4274,0x555555567525,0x8d04e9f,0
4275,0x55555556750e,0x8d04ea0,0
4276,0x55555556750e,0x8d04ea1,0
4277,0x555555567525,0x8d04ea2,0
4278,0x55555556750e,0x8d04ea3,0
4279,0x55555556750e,0x8d04ea4,0
4280,0x55555556750e,0x8d04ea5,0
4281,0x555555567525,0x8d04ea6,0
4282,0x555555567525,0x8d04ea7,0
4283,0x55555556750e,0x8d04ea8,0
4284,0x55555556750e,0x8d04ea9,0
4285,0x55555556750e,0x8d04eaa,0
4286,0x55555556750e,0x8d04eab,0
4287,0x55555556750e,0x8d04eac,0
4288,0x555555567525,0x8d04ead,0
4289,0x55555556750e,0x8d04eae,0
4290,0x55555556750e,0x8d04eaf,0
4291,0x555555567525,0x8d04eb0,0
4292,0x555555567525,0x8d04eb1,0
4293,0x55555556750e,0x8d04eb2,0
4294,0x555555567525,0x8d04eb3,0
4295,0x55555556750e,0x8d04eb4,0
4296,0x555555567525,0x8d04eb5,0
4297,0x55555556750e,0x8d04eb6,0
4298,0x55555556750e,0x8d04eb7,0
4299,0x55555556750e,0x8d04eb8,0
4300,0x55555556750e,0x8d04eb9,0
4301,0x55555556750e,0x8d04eba,0
4302,0x555555567525,0x8d04ebb,0
4303,0x555555567525,0x8d04ebc,0
4304,0x55555556750e,0x8d04ebd,0
4305,0x555555567525,0x8d04ebe,0
4306,0x55555556750e,0x8d04ebf,0
4307,0x55555556750e,0x115324c0,0
4308,0x55555556750e,0x115324c1,0
4309,0x55555556750e,0x115324c2,0
4310,0x555555567525,0x115324c3,0
4311,0x55555556750e,0x115324c4,0
4312,0x555555567525,0x115324c5,0
4313,0x55555556750e,0x115324c6,0
4314,0x555555567525,0x115324c7,0
4315,0x55555556750e,0x115324c8,0
4316,0x55555556750e,0x115324c9,0
4317,0x55555556750e,0x115324ca,0
4318,0x55555556750e,0x115324cb,0
4319,0x55555556750e,0x115324cc,0
4320,0x55555556750e,0x115324cd,0
4321,0x55555556750e,0x115324ce,0
4322,0x55555556750e,0x115324cf,0
4323,0x55555556750e,0x115324d0,0
4324,0x555555567525,0x115324d1,0
4325,0x555555567525,0x115324d2,0
4326,0x55555556750e,0x115324d3,0
4327,0x55555556750e,0x115324d4,0
4328,0x55555556750e,0x115324d5,0
4329,0x55555556750e,0x115324d6,0
4330,0x55555556750e,0x115324d7,0
4331,0x55555556750e,0x115324d8,0
4332,0x55555556750e,0x115324d9,0
4333,0x55555556750e,0x115324da,0
4334,0x555555567525,0x115324db,0
4335,0x555555567525,0x115324dc,0
4336,0x555555567525,0x115324dd,0
4337,0x555555567525,0x115324de,0
4338,0x555555567525,0x115324df,0
4339,0x55555556750e,0x115324e0,0
4340,0x555555567525,0x115324e1,0
4341,0x55555556750e,0x115324e2,0
4342,0x55555556750e,0x115324e3,0
4343,0x555555567525,0x115324e4,0
4344,0x55555556750e,0x115324e5,0
4345,0x555555567525,0x115324e6,0
4346,0x555555567525,0x115324e7,0
4347,0x55555556750e,0x115324e8,0
4348,0x55555556750e,0x115324e9,0
4349,0x55555556750e,0x115324ea,0
4350,0x55555556750e,0x115324eb,0
4351,0x555555567525,0x115324ec,0
4352,0x555555567525,0x115324ed,0
4353,0x55555556750e,0x115324ee,0
4354,0x555555567525,0x115324ef,0
4355,0x55555556750e,0x115324f0,0
4356,0x555555567525,0x115324f1,0
4357,0x555555567525,0x115324f2,0
4358,0x555555567525,0x115324f3,0
4359,0x555555567525,0x115324f4,0
4360,0x55555556750e,0x115324f5,0
4361,0x55555556750e,0x115324f6,0
4362,0x55555556750e,0x115324f7,0
4363,0x55555556750e,0x115324f8,0
4364,0x55555556750e,0x115324f9,0
4365,0x55555556750e,0x115324fa,0
4366,0x555555567525,0x115324fb,0
4367,0x55555556750e,0x115324fc,0
4368,0x555555567525,0x115324fd,0
4369,0x555555567525,0x115324fe,0
4370,0x55555556750e,0x115324ff,0
4371,0x55555556750e,0xda77a80,0
4372,0x555555567525,0xda77a81,0
4373,0x55555556750e,0xda77a82,0
4374,0x55555556750e,0xda77a83,0
4375,0x55555556750e,0xda77a84,0
4376,0x555555567525,0xda77a85,0
4377,0x55555556750e,0xda77a86,0
4378,0x555555567525,0xda77a87,0
4379,0x55555556750e,0xda77a88,0
4380,0x55555556750e,0xda77a89,0
4381,0x55555556750e,0xda77a8a,0
4382,0x55555556750e,0xda77a8b,0
4383,0x55555556750e,0xda77a8c,0
4384,0x55555556750e,0xda77a8d,0
4385,0x55555556750e,0xda77a8e,0
4386,0x55555556750e,0xda77a8f,0
4387,0x55555556750e,0xda77a90,0
4388,0x555555567525,0xda77a91,0
4389,0x555555567525,0xda77a92,0
4390,0x555555567525,0xda77a93,0
4391,0x555555567525,0xda77a94,0
4392,0x55555556750e,0xda77a95,0
4393,0x555555567525,0xda77a96,0
4394,0x555555567525,0xda77a97,0
4395,0x555555567525,0xda77a98,0
4396,0x55555556750e,0xda77a99,0
4397,0x555555567525,0xda77a9a,0
4398,0x55555556750e,0xda77a9b,0
4399,0x555555567525,0xda77a9c,0
4400,0x55555556750e,0xda77a9d,0
4401,0x55555556750e,0xda77a9e,0
4402,0x55555556750e,0xda77a9f,0
4403,0x555555567525,0xda77aa0,0
4404,0x55555556750e,0xda77aa1,0
4405,0x555555567525,0xda77aa2,0
4406,0x555555567525,0xda77aa3,0
4407,0x55555556750e,0xda77aa4,0
4408,0x555555567525,0xda77aa5,0
4409,0x55555556750e,0xda77aa6,0
4410,0x555555567525,0xda77aa7,0
4411,0x555555567525,0xda77aa8,0
4412,0x55555556750e,0xda77aa9,0
4413,0x555555567525,0xda77aaa,0
4414,0x55555556750e,0xda77aab,0
4415,0x55555556750e,0xda77aac,0
4416,0x55555556750e,0xda77aad,0
4417,0x55555556750e,0xda77aae,0
4418,0x55555556750e,0xda77aaf,0
4419,0x55555556750e,0xda77ab0,0
4420,0x555555567525,0xda77ab1,0
4421,0x555555567525,0xda77ab2,0
4422,0x555555567525,0xda77ab3,0
4423,0x555555567525,0xda77ab4,0
4424,0x55555556750e,0xda77ab5,0
4425,0x55555556750e,0xda77ab6,0
4426,0x55555556750e,0xda77ab7,0
4427,0x555555567525,0xda77ab8,0
4428,0x55555556750e,0xda77ab9,0
4429,0x555555567525,0xda77aba,0
4430,0x55555556750e,0xda77abb,0
4431,0x555555567525,0xda77abc,0
4432,0x555555567525,0xda77abd,0
4433,0x55555556750e,0xda77abe,0
4434,0x55555556750e,0xda77abf,0
4435,0x555555567525,0x2b6c61c0,0
4436,0x555555567525,0x2b6c61c1,0
4437,0x555555567525,0x2b6c61c2,0
4438,0x55555556750e,0x2b6c61c3,0
4439,0x555555567525,0x2b6c61c4,0
4440,0x55555556750e,0x2b6c61c5,0
4441,0x555555567525,0x2b6c61c6,0
4442,0x55555556750e,0x2b6c61c7,0
4443,0x555555567525,0x2b6c61c8,0
4444,0x55555556750e,0x2b6c61c9,0
4445,0x55555556750e,0x2b6c61ca,0
4446,0x55555556750e,0x2b6c61cb,0
4447,0x555555567525,0x2b6c61cc,0
4448,0x55555556750e,0x2b6c61cd,0
4449,0x55555556750e,0x2b6c61ce,0
4450,0x55555556750e,0x2b6c61cf,0
4451,0x555555567525,0x2b6c61d0,0
4452,0x55555556750e,0x2b6c61d1,0
4453,0x555555567525,0x2b6c61d2,0
4454,0x555555567525,0x2b6c61d3,0
4455,0x55555556750e,0x2b6c61d4,0
4456,0x555555567525,0x2b6c61d5,0
4457,0x55555556750e,0x2b6c61d6,0
4458,0x55555556750e,0x2b6c61d7,0
4459,0x555555567525,0x2b6c61d8,0
4460,0x55555556750e,0x2b6c61d9,0
4461,0x55555556750e,0x2b6c61da,0
4462,0x55555556750e,0x2b6c61db,0
4463,0x55555556750e,0x2b6c61dc,0
4464,0x555555567525,0x2b6c61dd,0
4465,0x555555567525,0x2b6c61de,0
4466,0x55555556750e,0x2b6c61df,0
4467,0x55555556750e,0x2b6c61e0,0
4468,0x55555556750e,0x2b6c61e1,0
4469,0x55555556750e,0x2b6c61e2,0
4470,0x555555567525,0x2b6c61e3,0
4471,0x55555556750e,0x2b6c61e4,0
4472,0x55555556750e,0x2b6c61e5,0
4473,0x55555556750e,0x2b6c61e6,0
4474,0x55555556750e,0x2b6c61e7,0
4475,0x55555556750e,0x2b6c61e8,0
4476,0x55555556750e,0x2b6c61e9,0
4477,0x55555556750e,0x2b6c61ea,0
4478,0x55555556750e,0x2b6c61eb,0
4479,0x55555556750e,0x2b6c61ec,0
4480,0x55555556750e,0x2b6c61ed,0
4481,0x55555556750e,0x2b6c61ee,0
4482,0x55555556750e,0x2b6c61ef,0
4483,0x55555556750e,0x2b6c61f0,0
4484,0x555555567525,0x2b6c61f1,0
4485,0x55555556750e,0x2b6c61f2,0
4486,0x55555556750e,0x2b6c61f3,0
4487,0x55555556750e,0x2b6c61f4,0
4488,0x55555556750e,0x2b6c61f5,0
4489,0x555555567525,0x2b6c61f6,0
4490,0x55555556750e,0x2b6c61f7,0
4491,0x55555556750e,0x2b6c61f8,0
4492,0x55555556750e,0x2b6c61f9,0
4493,0x55555556750e,0x2b6c61fa,0
4494,0x55555556750e,0x2b6c61fb,0
4495,0x55555556750e,0x2b6c61fc,0
4496,0x55555556750e,0x2b6c61fd,0
4497,0x555555567525,0x2b6c61fe,0
4498,0x55555556750e,0x2b6c61ff,0
4499,0x555555567525,0x78ea800,0
4500,0x555555567525,0x78ea801,0
4501,0x555555567525,0x78ea802,0
4502,0x555555567525,0x78ea803,0
4503,0x555555567525,0x78ea804,0
4504,0x555555567525,0x78ea805,0
4505,0x555555567525,0x78ea806,0
4506,0x555555567525,0x78ea807,0
4507,0x55555556750e,0x78ea808,0
4508,0x555555567525,0x78ea809,0
4509,0x55555556750e,0x78ea80a,0
4510,0x55555556750e,0x78ea80b,0
4511,0x55555556750e,0x78ea80c,0
4512,0x55555556750e,0x78ea80d,0
4513,0x55555556750e,0x78ea80e,0
4514,0x55555556750e,0x78ea80f,0
4515,0x555555567525,0x78ea810,0
4516,0x555555567525,0x78ea811,0
4517,0x55555556750e,0x78ea812,0
4518,0x55555556750e,0x78ea813,0
4519,0x555555567525,0x78ea814,0
4520,0x55555556750e,0x78ea815,0
4521,0x55555556750e,0x78ea816,0
4522,0x55555556750e,0x78ea817,0
4523,0x55555556750e,0x78ea818,0
4524,0x555555567525,0x78ea819,0
4525,0x555555567525,0x78ea81a,0
4526,0x555555567525,0x78ea81b,0
4527,0x555555567525,0x78ea81c,0
4528,0x555555567525,0x78ea81d,0
4529,0x555555567525,0x78ea81e,0
4530,0x555555567525,0x78ea81f,0
4531,0x55555556750e,0x78ea820,0
4532,0x555555567525,0x78ea821,0
4533,0x555555567525,0x78ea822,0
4534,0x555555567525,0x78ea823,0
4535,0x55555556750e,0x78ea824,0
4536,0x555555567525,0x78ea825,0
4537,0x555555567525,0x78ea826,0
4538,0x55555556750e,0x78ea827,0
4539,0x55555556750e,0x78ea828,0
4540,0x55555556750e,0x78ea829,0
4541,0x555555567525,0x78ea82a,0
4542,0x55555556750e,0x78ea82b,0
4543,0x555555567525,0x78ea82c,0
4544,0x55555556750e,0x78ea82d,0
4545,0x55555556750e,0x78ea82e,0
4546,0x555555567525,0x78ea82f,0
4547,0x55555556750e,0x78ea830,0
4548,0x555555567525,0x78ea831,0
4549,0x55555556750e,0x78ea832,0
4550,0x555555567525,0x78ea833,0
4551,0x55555556750e,0x78ea834,0
4552,0x55555556750e,0x78ea835,0
4553,0x55555556750e,0x78ea836,0
4554,0x55555556750e,0x78ea837,0
4555,0x555555567525,0x78ea838,0
4556,0x55555556750e,0x78ea839,0
4557,0x555555567525,0x78ea83a,0
4558,0x55555556750e,0x78ea83b,0
4559,0x555555567525,0x78ea83c,0
4560,0x55555556750e,0x78ea83d,0
4561,0x55555556750e,0x78ea83e,0
4562,0x55555556750e,0x78ea83f,0
4563,0x55555556750e,0x36d938c0,0
4564,0x55555556750e,0x36d938c1,0
4565,0x55555556750e,0x36d938c2,0
4566,0x555555567525,0x36d938c3,0
4567,0x55555556750e,0x36d938c4,0
4568,0x555555567525,0x36d938c5,0
4569,0x555555567525,0x36d938c6,0
4570,0x555555567525,0x36d938c7,0
4571,0x555555567525,0x36d938c8,0
4572,0x55555556750e,0x36d938c9,0
4573,0x55555556750e,0x36d938ca,0
4574,0x555555567525,0x36d938cb,0
4575,0x55555556750e,0x36d938cc,0
4576,0x55555556750e,0x36d938cd,0
4577,0x55555556750e,0x36d938ce,0
4578,0x55555556750e,0x36d938cf,0
4579,0x55555556750e,0x36d938d0,0
4580,0x555555567525,0x36d938d1,0
4581,0x555555567525,0x36d938d2,0
4582,0x55555556750e,0x36d938d3,0
4583,0x555555567525,0x36d938d4,0
4584,0x55555556750e,0x36d938d5,0
4585,0x55555556750e,0x36d938d6,0
4586,0x555555567525,0x36d938d7,0
4587,0x55555556750e,0x36d938d8,0
4588,0x55555556750e,0x36d938d9,0
4589,0x55555556750e,0x36d938da,0
4590,0x55555556750e,0x36d938db,0
4591,0x555555567525,0x36d938dc,0
4592,0x55555556750e,0x36d938dd,0
4593,0x55555556750e,0x36d938de,0
4594,0x55555556750e,0x36d938df,0
4595,0x55555556750e,0x36d938e0,0
4596,0x55555556750e,0x36d938e1,0
4597,0x555555567525,0x36d938e2,0
4598,0x55555556750e,0x36d938e3,0
4599,0x55555556750e,0x36d938e4,0
4600,0x55555556750e,0x36d938e5,0
4601,0x555555567525,0x36d938e6,0
4602,0x55555556750e,0x36d938e7,0
4603,0x55555556750e,0x36d938e8,0
4604,0x55555556750e,0x36d938e9,0
4605,0x55555556750e,0x36d938ea,0
4606,0x55555556750e,0x36d938eb,0
4607,0x55555556750e,0x36d938ec,0
4608,0x555555567525,0x36d938ed,0
4609,0x55555556750e,0x36d938ee,0
4610,0x55555556750e,0x36d938ef,0
4611,0x55555556750e,0x36d938f0,0
4612,0x555555567525,0x36d938f1,0
4613,0x555555567525,0x36d938f2,0
4614,0x555555567525,0x36d938f3,0
4615,0x555555567525,0x36d938f4,0
4616,0x55555556750e,0x36d938f5,0
4617,0x55555556750e,0x36d938f6,0
4618,0x555555567525,0x36d938f7,0
4619,0x55555556750e,0x36d938f8,0
4620,0x555555567525,0x36d938f9,0
4621,0x55555556750e,0x36d938fa,0
4622,0x555555567525,0x36d938fb,0
4623,0x555555567525,0x36d938fc,0
4624,0x55555556750e,0x36d938fd,0
4625,0x555555567525,0x36d938fe,0
4626,0x55555556750e,0x36d938ff,0
4627,0x55555556750e,0x2ebce940,0
4628,0x555555567525,0x2ebce941,0
4629,0x55555556750e,0x2ebce942,0
4630,0x555555567525,0x2ebce943,0
4631,0x55555556750e,0x2ebce944,0
4632,0x55555556750e,0x2ebce945,0
4633,0x55555556750e,0x2ebce946,0
4634,0x555555567525,0x2ebce947,0
4635,0x555555567525,0x2ebce948,0
4636,0x55555556750e,0x2ebce949,0
4637,0x55555556750e,0x2ebce94a,0
4638,0x55555556750e,0x2ebce94b,0
4639,0x55555556750e,0x2ebce94c,0
4640,0x55555556750e,0x2ebce94d,0
4641,0x55555556750e,0x2ebce94e,0
4642,0x55555556750e,0x2ebce94f,0
4643,0x555555567525,0x2ebce950,0
4644,0x55555556750e,0x2ebce951,0
4645,0x555555567525,0x2ebce952,0
4646,0x55555556750e,0x2ebce953,0
4647,0x55555556750e,0x2ebce954,0
4648,0x555555567525,0x2ebce955,0
4649,0x555555567525,0x2ebce956,0
4650,0x55555556750e,0x2ebce957,0
4651,0x55555556750e,0x2ebce958,0
4652,0x55555556750e,0x2ebce959,0
4653,0x55555556750e,0x2ebce95a,0
4654,0x55555556750e,0x2ebce95b,0
4655,0x555555567525,0x2ebce95c,0
4656,0x55555556750e,0x2ebce95d,0
4657,0x555555567525,0x2ebce95e,0
4658,0x55555556750e,0x2ebce95f,0
4659,0x55555556750e,0x2ebce960,0
4660,0x555555567525,0x2ebce961,0
4661,0x555555567525,0x2ebce962,0
4662,0x55555556750e,0x2ebce963,0
4663,0x555555567525,0x2ebce964,0
4664,0x55555556750e,0x2ebce965,0
4665,0x55555556750e,0x2ebce966,0
4666,0x555555567525,0x2ebce967,0
4667,0x555555567525,0x2ebce968,0
4668,0x555555567525,0x2ebce969,0
4669,0x555555567525,0x2ebce96a,0
4670,0x55555556750e,0x2ebce96b,0
4671,0x555555567525,0x2ebce96c,0
4672,0x55555556750e,0x2ebce96d,0
4673,0x555555567525,0x2ebce96e,0
4674,0x55555556750e,0x2ebce96f,0
4675,0x55555556750e,0x2ebce970,0
4676,0x555555567525,0x2ebce971,0
4677,0x555555567525,0x2ebce972,0
4678,0x55555556750e,0x2ebce973,0
4679,0x55555556750e,0x2ebce974,0
4680,0x55555556750e,0x2ebce975,0
4681,0x555555567525,0x2ebce976,0
4682,0x55555556750e,0x2ebce977,0
4683,0x555555567525,0x2ebce978,0
4684,0x55555556750e,0x2ebce979,0
4685,0x55555556750e,0x2ebce97a,0
4686,0x55555556750e,0x2ebce97b,0
4687,0x555555567525,0x2ebce97c,0
4688,0x555555567525,0x2ebce97d,0
4689,0x555555567525,0x2ebce97e,0
4690,0x555555567525,0x2ebce97f,0
4691,0x555555567525,0x314c82c0,0
4692,0x555555567525,0x314c82c1,0
4693,0x555555567525,0x314c82c2,0
4694,0x555555567525,0x314c82c3,0
4695,0x55555556750e,0x314c82c4,0
4696,0x555555567525,0x314c82c5,0
4697,0x55555556750e,0x314c82c6,0
4698,0x555555567525,0x314c82c7,0
4699,0x55555556750e,0x314c82c8,0
4700,0x55555556750e,0x314c82c9,0
4701,0x55555556750e,0x314c82ca,0
4702,0x555555567525,0x314c82cb,0
4703,0x555555567525,0x314c82cc,0
4704,0x55555556750e,0x314c82cd,0
4705,0x555555567525,0x314c82ce,0
4706,0x55555556750e,0x314c82cf,0
4707,0x555555567525,0x314c82d0,0
4708,0x555555567525,0x314c82d1,0
4709,0x55555556750e,0x314c82d2,0
4710,0x55555556750e,0x314c82d3,0
4711,0x55555556750e,0x314c82d4,0
4712,0x55555556750e,0x314c82d5,0
4713,0x55555556750e,0x314c82d6,0
4714,0x555555567525,0x314c82d7,0
4715,0x555555567525,0x314c82d8,0
4716,0x55555556750e,0x314c82d9,0
4717,0x555555567525,0x314c82da,0
4718,0x55555556750e,0x314c82db,0
4719,0x555555567525,0x314c82dc,0
4720,0x555555567525,0x314c82dd,0
4721,0x55555556750e,0x314c82de,0
4722,0x55555556750e,0x314c82df,0
4723,0x55555556750e,0x314c82e0,0
4724,0x55555556750e,0x314c82e1,0
4725,0x55555556750e,0x314c82e2,0
4726,0x555555567525,0x314c82e3,0
4727,0x55555556750e,0x314c82e4,0
4728,0x55555556750e,0x314c82e5,0
4729,0x55555556750e,0x314c82e6,0
4730,0x555555567525,0x314c82e7,0
4731,0x55555556750e,0x314c82e8,0
4732,0x555555567525,0x314c82e9,0
4733,0x555555567525,0x314c82ea,0
4734,0x555555567525,0x314c82eb,0
4735,0x55555556750e,0x314c82ec,0
4736,0x555555567525,0x314c82ed,0
4737,0x55555556750e,0x314c82ee,0
4738,0x55555556750e,0x314c82ef,0
4739,0x555555567525,0x314c82f0,0
4740,0x555555567525,0x314c82f1,0
4741,0x55555556750e,0x314c82f2,0
4742,0x55555556750e,0x314c82f3,0
4743,0x555555567525,0x314c82f4,0
4744,0x55555556750e,0x314c82f5,0
4745,0x555555567525,0x314c82f6,0
4746,0x55555556750e,0x314c82f7,0
4747,0x55555556750e,0x314c82f8,0
4748,0x55555556750e,0x314c82f9,0
4749,0x55555556750e,0x314c82fa,0
4750,0x55555556750e,0x314c82fb,0
4751,0x555555567525,0x314c82fc,0
4752,0x555555567525,0x314c82fd,0
4753,0x55555556750e,0x314c82fe,0
4754,0x55555556750e,0x314c82ff,0
4755,0x555555567525,0x268c9c40,0
4756,0x555555567525,0x268c9c41,0
4757,0x555555567525,0x268c9c42,0
4758,0x555555567525,0x268c9c43,0
4759,0x55555556750e,0x268c9c44,0
4760,0x555555567525,0x268c9c45,0
4761,0x555555567525,0x268c9c46,0
4762,0x555555567525,0x268c9c47,0
4763,0x555555567525,0x268c9c48,0
4764,0x55555556750e,0x268c9c49,0
4765,0x555555567525,0x268c9c4a,0
4766,0x55555556750e,0x268c9c4b,0
4767,0x555555567525,0x268c9c4c,0
4768,0x555555567525,0x268c9c4d,0
4769,0x555555567525,0x268c9c4e,0
4770,0x55555556750e,0x268c9c4f,0
4771,0x55555556750e,0x268c9c50,0
4772,0x555555567525,0x268c9c51,0
4773,0x555555567525,0x268c9c52,0
4774,0x55555556750e,0x268c9c53,0
4775,0x555555567525,0x268c9c54,0
4776,0x55555556750e,0x268c9c55,0
4777,0x555555567525,0x268c9c56,0
4778,0x55555556750e,0x268c9c57,0
4779,0x55555556750e,0x268c9c58,0
4780,0x55555556750e,0x268c9c59,0
4781,0x555555567525,0x268c9c5a,0
4782,0x55555556750e,0x268c9c5b,0
4783,0x555555567525,0x268c9c5c,0
4784,0x55555556750e,0x268c9c5d,0
4785,0x55555556750e,0x268c9c5e,0
4786,0x55555556750e,0x268c9c5f,0
4787,0x555555567525,0x268c9c60,0
4788,0x55555556750e,0x268c9c61,0
4789,0x555555567525,0x268c9c62,0
4790,0x55555556750e,0x268c9c63,0
4791,0x555555567525,0x268c9c64,0
4792,0x55555556750e,0x268c9c65,0
4793,0x555555567525,0x268c9c66,0
4794,0x55555556750e,0x268c9c67,0
4795,0x555555567525,0x268c9c68,0
4796,0x555555567525,0x268c9c69,0
4797,0x55555556750e,0x268c9c6a,0
4798,0x55555556750e,0x268c9c6b,0
4799,0x555555567525,0x268c9c6c,0
4800,0x55555556750e,0x268c9c6d,0
4801,0x555555567525,0x268c9c6e,0
4802,0x55555556750e,0x268c9c6f,0
4803,0x555555567525,0x268c9c70,0
4804,0x555555567525,0x268c9c71,0
4805,0x55555556750e,0x268c9c72,0
4806,0x55555556750e,0x268c9c73,0
4807,0x555555567525,0x268c9c74,0
4808,0x55555556750e,0x268c9c75,0
4809,0x555555567525,0x268c9c76,0
4810,0x55555556750e,0x268c9c77,0
4811,0x55555556750e,0x268c9c78,0
4812,0x55555556750e,0x268c9c79,0
4813,0x55555556750e,0x268c9c7a,0
4814,0x55555556750e,0x268c9c7b,0
4815,0x555555567525,0x268c9c7c,0
4816,0x555555567525,0x268c9c7d,0
4817,0x55555556750e,0x268c9c7e,0
4818,0x55555556750e,0x268c9c7f,0
4819,0x555555567525,0x26037380,0
4820,0x555555567525,0x26037381,0
4821,0x55555556750e,0x26037382,0
4822,0x55555556750e,0x26037383,0
4823,0x55555556750e,0x26037384,0
4824,0x555555567525,0x26037385,0
4825,0x55555556750e,0x26037386,0
4826,0x555555567525,0x26037387,0
4827,0x555555567525,0x26037388,0
4828,0x55555556750e,0x26037389,0
4829,0x55555556750e,0x2603738a,0
4830,0x55555556750e,0x2603738b,0
4831,0x55555556750e,0x2603738c,0
4832,0x55555556750e,0x2603738d,0
4833,0x555555567525,0x2603738e,0
4834,0x55555556750e,0x2603738f,0
4835,0x55555556750e,0x26037390,0
4836,0x555555567525,0x26037391,0
4837,0x555555567525,0x26037392,0
4838,0x555555567525,0x26037393,0
4839,0x555555567525,0x26037394,0
4840,0x55555556750e,0x26037395,0
4841,0x55555556750e,0x26037396,0
4842,0x55555556750e,0x26037397,0
4843,0x555555567525,0x26037398,0
4844,0x55555556750e,0x26037399,0
4845,0x55555556750e,0x2603739a,0
4846,0x55555556750e,0x2603739b,0
4847,0x55555556750e,0x2603739c,0
4848,0x55555556750e,0x2603739d,0
4849,0x555555567525,0x2603739e,0
4850,0x55555556750e,0x2603739f,0
4851,0x55555556750e,0x260373a0,0
4852,0x555555567525,0x260373a1,0
4853,0x55555556750e,0x260373a2,0
4854,0x55555556750e,0x260373a3,0
4855,0x55555556750e,0x260373a4,0
4856,0x55555556750e,0x260373a5,0
4857,0x555555567525,0x260373a6,0
4858,0x55555556750e,0x260373a7,0
4859,0x555555567525,0x260373a8,0
4860,0x55555556750e,0x260373a9,0
4861,0x555555567525,0x260373aa,0
4862,0x55555556750e,0x260373ab,0
4863,0x555555567525,0x260373ac,0
4864,0x55555556750e,0x260373ad,0
4865,0x55555556750e,0x260373ae,0
4866,0x55555556750e,0x260373af,0
4867,0x55555556750e,0x260373b0,0
4868,0x555555567525,0x260373b1,0
4869,0x55555556750e,0x260373b2,0
4870,0x555555567525,0x260373b3,0
4871,0x55555556750e,0x260373b4,0
4872,0x55555556750e,0x260373b5,0
4873,0x555555567525,0x260373b6,0
4874,0x55555556750e,0x260373b7,0
4875,0x55555556750e,0x260373b8,0
4876,0x555555567525,0x260373b9,0
4877,0x55555556750e,0x260373ba,0
4878,0x555555567525,0x260373bb,0
4879,0x555555567525,0x260373bc,0
4880,0x55555556750e,0x260373bd,0
4881,0x555555567525,0x260373be,0
4882,0x55555556750e,0x260373bf,0
4883,0x555555567525,0x12a06940,0
4884,0x55555556750e,0x12a06941,0
4885,0x55555556750e,0x12a06942,0
4886,0x555555567525,0x12a06943,0
4887,0x55555556750e,0x12a06944,0
4888,0x555555567525,0x12a06945,0
4889,0x555555567525,0x12a06946,0
4890,0x555555567525,0x12a06947,0
4891,0x555555567525,0x12a06948,0
4892,0x55555556750e,0x12a06949,0
4893,0x555555567525,0x12a0694a,0
4894,0x55555556750e,0x12a0694b,0
4895,0x555555567525,0x12a0694c,0
4896,0x555555567525,0x12a0694d,0
4897,0x555555567525,0x12a0694e,0
4898,0x55555556750e,0x12a0694f,0
4899,0x55555556750e,0x12a06950,0
4900,0x555555567525,0x12a06951,0
4901,0x55555556750e,0x12a06952,0
4902,0x55555556750e,0x12a06953,0
4903,0x555555567525,0x12a06954,0
4904,0x55555556750e,0x12a06955,0
4905,0x55555556750e,0x12a06956,0
4906,0x55555556750e,0x12a06957,0
4907,0x55555556750e,0x12a06958,0
4908,0x555555567525,0x12a06959,0
4909,0x55555556750e,0x12a0695a,0
4910,0x555555567525,0x12a0695b,0
4911,0x555555567525,0x12a0695c,0
4912,0x555555567525,0x12a0695d,0
4913,0x55555556750e,0x12a0695e,0
4914,0x55555556750e,0x12a0695f,0
4915,0x55555556750e,0x12a06960,0
4916,0x55555556750e,0x12a06961,0
4917,0x555555567525,0x12a06962,0
4918,0x555555567525,0x12a06963,0
4919,0x55555556750e,0x12a06964,0
4920,0x555555567525,0x12a06965,0
4921,0x55555556750e,0x12a06966,0
4922,0x55555556750e,0x12a06967,0
4923,0x555555567525,0x12a06968,0
4924,0x55555556750e,0x12a06969,0
4925,0x555555567525,0x12a0696a,0
4926,0x55555556750e,0x12a0696b,0
4927,0x55555556750e,0x12a0696c,0
4928,0x555555567525,0x12a0696d,0
4929,0x55555556750e,0x12a0696e,0
4930,0x555555567525,0x12a0696f,0
4931,0x55555556750e,0x12a06970,0
4932,0x555555567525,0x12a06971,0
4933,0x55555556750e,0x12a06972,0
4934,0x55555556750e,0x12a06973,0
4935,0x555555567525,0x12a06974,0
4936,0x555555567525,0x12a06975,0
4937,0x555555567525,0x12a06976,0
4938,0x55555556750e,0x12a06977,0
4939,0x555555567525,0x12a06978,0
4940,0x55555556750e,0x12a06979,0
4941,0x555555567525,0x12a0697a,0
4942,0x55555556750e,0x12a0697b,0
4943,0x555555567525,0x12a0697c,0
4944,0x555555567525,0x12a0697d,0
4945,0x55555556750e,0x12a0697e,0
4946,0x55555556750e,0x12a0697f,0
4947,0x555555567525,0x2d30c7c0,0
4948,0x55555556750e,0x2d30c7c1,0
4949,0x555555567525,0x2d30c7c2,0
4950,0x55555556750e,0x2d30c7c3,0
4951,0x555555567525,0x2d30c7c4,0
4952,0x55555556750e,0x2d30c7c5,0
4953,0x555555567525,0x2d30c7c6,0
4954,0x555555567525,0x2d30c7c7,0
4955,0x555555567525,0x2d30c7c8,0
4956,0x555555567525,0x2d30c7c9,0
4957,0x55555556750e,0x2d30c7ca,0
4958,0x555555567525,0x2d30c7cb,0
4959,0x55555556750e,0x2d30c7cc,0
4960,0x55555556750e,0x2d30c7cd,0
4961,0x55555556750e,0x2d30c7ce,0
4962,0x55555556750e,0x2d30c7cf,0
4963,0x55555556750e,0x2d30c7d0,0
4964,0x555555567525,0x2d30c7d1,0
4965,0x55555556750e,0x2d30c7d2,0
4966,0x55555556750e,0x2d30c7d3,0
4967,0x55555556750e,0x2d30c7d4,0
4968,0x555555567525,0x2d30c7d5,0
4969,0x55555556750e,0x2d30c7d6,0
4970,0x555555567525,0x2d30c7d7,0
4971,0x55555556750e,0x2d30c7d8,0
4972,0x555555567525,0x2d30c7d9,0
4973,0x55555556750e,0x2d30c7da,0
4974,0x55555556750e,0x2d30c7db,0
4975,0x555555567525,0x2d30c7dc,0
4976,0x555555567525,0x2d30c7dd,0
4977,0x55555556750e,0x2d30c7de,0
4978,0x55555556750e,0x2d30c7df,0
4979,0x55555556750e,0x2d30c7e0,0
4980,0x55555556750e,0x2d30c7e1,0
4981,0x55555556750e,0x2d30c7e2,0
4982,0x55555556750e,0x2d30c7e3,0
4983,0x55555556750e,0x2d30c7e4,0
4984,0x55555556750e,0x2d30c7e5,0
4985,0x55555556750e,0x2d30c7e6,0
4986,0x55555556750e,0x2d30c7e7,0
4987,0x555555567525,0x2d30c7e8,0
4988,0x55555556750e,0x2d30c7e9,0
4989,0x55555556750e,0x2d30c7ea,0
4990,0x55555556750e,0x2d30c7eb,0
4991,0x55555556750e,0x2d30c7ec,0
4992,0x55555556750e,0x2d30c7ed,0
4993,0x55555556750e,0x2d30c7ee,0
4994,0x555555567525,0x2d30c7ef,0
4995,0x55555556750e,0x2d30c7f0,0
4996,0x555555567525,0x2d30c7f1,0
4997,0x55555556750e,0x2d30c7f2,0
4998,0x55555556750e,0x2d30c7f3,0
4999,0x555555567525,0x2d30c7f4,0
5000,0x55555556750e,0x2d30c7f5,0
5001,0x555555567525,0x2d30c7f6,0
5002,0x55555556750e,0x2d30c7f7,0
5003,0x555555567525,0x2d30c7f8,0
5004,0x55555556750e,0x2d30c7f9,0
5005,0x55555556750e,0x2d30c7fa,0
5006,0x555555567525,0x2d30c7fb,0
5007,0x555555567525,0x2d30c7fc,0
5008,0x555555567525,0x2d30c7fd,0
5009,0x55555556750e,0x2d30c7fe,0
5010,0x55555556750e,0x2d30c7ff,0
5011,0x555555567525,0x2c28c900,0
5012,0x555555567525,0x2c28c901,0
5013,0x55555556750e,0x2c28c902,0
5014,0x55555556750e,0x2c28c903,0
5015,0x55555556750e,0x2c28c904,0
5016,0x55555556750e,0x2c28c905,0
5017,0x555555567525,0x2c28c906,0
5018,0x555555567525,0x2c28c907,0
5019,0x55555556750e,0x2c28c908,0
5020,0x55555556750e,0x2c28c909,0
5021,0x55555556750e,0x2c28c90a,0
5022,0x555555567525,0x2c28c90b,0
5023,0x555555567525,0x2c28c90c,0
5024,0x55555556750e,0x2c28c90d,0
5025,0x555555567525,0x2c28c90e,0
5026,0x55555556750e,0x2c28c90f,0
5027,0x55555556750e,0x2c28c910,0
5028,0x555555567525,0x2c28c911,0
5029,0x555555567525,0x2c28c912,0
5030,0x55555556750e,0x2c28c913,0
5031,0x55555556750e,0x2c28c914,0
5032,0x555555567525,0x2c28c915,0
5033,0x55555556750e,0x2c28c916,0
5034,0x55555556750e,0x2c28c917,0
5035,0x55555556750e,0x2c28c918,0
5036,0x555555567525,0x2c28c919,0
5037,0x55555556750e,0x2c28c91a,0
5038,0x55555556750e,0x2c28c91b,0
5039,0x555555567525,0x2c28c91c,0
5040,0x55555556750e,0x2c28c91d,0
5041,0x55555556750e,0x2c28c91e,0
5042,0x55555556750e,0x2c28c91f,0
5043,0x555555567525,0x2c28c920,0
5044,0x55555556750e,0x2c28c921,0
5045,0x555555567525,0x2c28c922,0
5046,0x555555567525,0x2c28c923,0
5047,0x55555556750e,0x2c28c924,0
5048,0x55555556750e,0x2c28c925,0
5049,0x555555567525,0x2c28c926,0
5050,0x55555556750e,0x2c28c927,0
5051,0x55555556750e,0x2c28c928,0
5052,0x55555556750e,0x2c28c929,0
5053,0x55555556750e,0x2c28c92a,0
5054,0x55555556750e,0x2c28c92b,0
5055,0x555555567525,0x2c28c92c,0
5056,0x55555556750e,0x2c28c92d,0
5057,0x55555556750e,0x2c28c92e,0
5058,0x55555556750e,0x2c28c92f,0
5059,0x555555567525,0x2c28c930,0
5060,0x555555567525,0x2c28c931,0
5061,0x55555556750e,0x2c28c932,0
5062,0x555555567525,0x2c28c933,0
5063,0x555555567525,0x2c28c934,0
5064,0x55555556750e,0x2c28c935,0
5065,0x55555556750e,0x2c28c936,0
5066,0x55555556750e,0x2c28c937,0
5067,0x55555556750e,0x2c28c938,0
5068,0x55555556750e,0x2c28c939,0
5069,0x55555556750e,0x2c28c93a,0
5070,0x55555556750e,0x2c28c93b,0
5071,0x555555567525,0x2c28c93c,0
5072,0x555555567525,0x2c28c93d,0
5073,0x555555567525,0x2c28c93e,0
5074,0x555555567525,0x2c28c93f,0
5075,0x55555556750e,0x1efcf9c0,0
5076,0x555555567525,0x1efcf9c1,0
5077,0x55555556750e,0x1efcf9c2,0
5078,0x555555567525,0x1efcf9c3,0
5079,0x55555556750e,0x1efcf9c4,0
5080,0x555555567525,0x1efcf9c5,0
5081,0x55555556750e,0x1efcf9c6,0
5082,0x555555567525,0x1efcf9c7,0
5083,0x555555567525,0x1efcf9c8,0
5084,0x55555556750e,0x1efcf9c9,0
5085,0x555555567525,0x1efcf9ca,0
5086,0x55555556750e,0x1efcf9cb,0
5087,0x555555567525,0x1efcf9cc,0
5088,0x55555556750e,0x1efcf9cd,0
5089,0x555555567525,0x1efcf9ce,0
5090,0x55555556750e,0x1efcf9cf,0
5091,0x55555556750e,0x1efcf9d0,0
5092,0x55555556750e,0x1efcf9d1,0
5093,0x555555567525,0x1efcf9d2,0
5094,0x555555567525,0x1efcf9d3,0
5095,0x55555556750e,0x1efcf9d4,0
5096,0x55555556750e,0x1efcf9d5,0
5097,0x55555556750e,0x1efcf9d6,0
5098,0x55555556750e,0x1efcf9d7,0
5099,0x555555567525,0x1efcf9d8,0
5100,0x55555556750e,0x1efcf9d9,0
5101,0x555555567525,0x1efcf9da,0
5102,0x55555556750e,0x1efcf9db,0
5103,0x555555567525,0x1efcf9dc,0
5104,0x55555556750e,0x1efcf9dd,0
5105,0x55555556750e,0x1efcf9de,0
5106,0x55555556750e,0x1efcf9df,0
5107,0x55555556750e,0x1efcf9e0,0
5108,0x55555556750e,0x1efcf9e1,0
5109,0x55555556750e,0x1efcf9e2,0
5110,0x55555556750e,0x1efcf9e3,0
5111,0x55555556750e,0x1efcf9e4,0
5112,0x55555556750e,0x1efcf9e5,0
5113,0x55555556750e,0x1efcf9e6,0
5114,0x555555567525,0x1efcf9e7,0
5115,0x55555556750e,0x1efcf9e8,0
5116,0x55555556750e,0x1efcf9e9,0
5117,0x55555556750e,0x1efcf9ea,0
5118,0x55555556750e,0x1efcf9eb,0
5119,0x555555567525,0x1efcf9ec,0
5120,0x555555567525,0x1efcf9ed,0
5121,0x55555556750e,0x1efcf9ee,0
5122,0x55555556750e,0x1efcf9ef,0
5123,0x55555556750e,0x1efcf9f0,0
5124,0x555555567525,0x1efcf9f1,0
5125,0x55555556750e,0x1efcf9f2,0
5126,0x555555567525,0x1efcf9f3,0
5127,0x555555567525,0x1efcf9f4,0
5128,0x55555556750e,0x1efcf9f5,0
5129,0x555555567525,0x1efcf9f6,0
5130,0x55555556750e,0x1efcf9f7,0
5131,0x55555556750e,0x1efcf9f8,0
5132,0x55555556750e,0x1efcf9f9,0
5133,0x55555556750e,0x1efcf9fa,0
5134,0x555555567525,0x1efcf9fb,0
5135,0x55555556750e,0x1efcf9fc,0
5136,0x555555567525,0x1efcf9fd,0
5137,0x55555556750e,0x1efcf9fe,0
5138,0x555555567525,0x1efcf9ff,0
5139,0x555555567525,0x2da37280,0
5140,0x555555567525,0x2da37281,0
5141,0x555555567525,0x2da37282,0
5142,0x555555567525,0x2da37283,0
5143,0x55555556750e,0x2da37284,0
5144,0x555555567525,0x2da37285,0
5145,0x55555556750e,0x2da37286,0
5146,0x555555567525,0x2da37287,0
5147,0x55555556750e,0x2da37288,0
5148,0x55555556750e,0x2da37289,0
5149,0x555555567525,0x2da3728a,0
5150,0x555555567525,0x2da3728b,0
5151,0x55555556750e,0x2da3728c,0
5152,0x555555567525,0x2da3728d,0
5153,0x55555556750e,0x2da3728e,0
5154,0x555555567525,0x2da3728f,0
5155,0x555555567525,0x2da37290,0
5156,0x555555567525,0x2da37291,0
5157,0x55555556750e,0x2da37292,0
5158,0x55555556750e,0x2da37293,0
5159,0x555555567525,0x2da37294,0
5160,0x55555556750e,0x2da37295,0
5161,0x55555556750e,0x2da37296,0
5162,0x55555556750e,0x2da37297,0
5163,0x55555556750e,0x2da37298,0
5164,0x555555567525,0x2da37299,0
5165,0x55555556750e,0x2da3729a,0
5166,0x55555556750e,0x2da3729b,0
5167,0x55555556750e,0x2da3729c,0
5168,0x55555556750e,0x2da3729d,0
5169,0x55555556750e,0x2da3729e,0
5170,0x555555567525,0x2da3729f,0
5171,0x55555556750e,0x2da372a0,0
5172,0x55555556750e,0x2da372a1,0
5173,0x55555556750e,0x2da372a2,0
5174,0x55555556750e,0x2da372a3,0
5175,0x55555556750e,0x2da372a4,0
5176,0x55555556750e,0x2da372a5,0
5177,0x555555567525,0x2da372a6,0
5178,0x555555567525,0x2da372a7,0
5179,0x555555567525,0x2da372a8,0
5180,0x55555556750e,0x2da372a9,0
5181,0x555555567525,0x2da372aa,0
5182,0x55555556750e,0x2da372ab,0
5183,0x555555567525,0x2da372ac,0
5184,0x55555556750e,0x2da372ad,0
5185,0x555555567525,0x2da372ae,0
5186,0x555555567525,0x2da372af,0
5187,0x555555567525,0x2da372b0,0
5188,0x55555556750e,0x2da372b1,0
5189,0x555555567525,0x2da372b2,0
5190,0x55555556750e,0x2da372b3,0
5191,0x55555556750e,0x2da372b4,0
5192,0x55555556750e,0x2da372b5,0
5193,0x555555567525,0x2da372b6,0
5194,0x55555556750e,0x2da372b7,0
5195,0x555555567525,0x2da372b8,0
5196,0x555555567525,0x2da372b9,0
5197,0x555555567525,0x2da372ba,0
5198,0x55555556750e,0x2da372bb,0
5199,0x555555567525,0x2da372bc,0
5200,0x555555567525,0x2da372bd,0
5201,0x55555556750e,0x2da372be,0
5202,0x55555556750e,0x2da372bf,0
5203,0x555555567525,0x1335a900,0
5204,0x55555556750e,0x1335a901,0
5205,0x55555556750e,0x1335a902,0
5206,0x55555556750e,0x1335a903,0
5207,0x55555556750e,0x1335a904,0
5208,0x555555567525,0x1335a905,0
5209,0x55555556750e,0x1335a906,0
5210,0x55555556750e,0x1335a907,0
5211,0x55555556750e,0x1335a908,0
5212,0x55555556750e,0x1335a909,0
5213,0x55555556750e,0x1335a90a,0
5214,0x55555556750e,0x1335a90b,0
5215,0x55555556750e,0x1335a90c,0
5216,0x55555556750e,0x1335a90d,0
5217,0x55555556750e,0x1335a90e,0
5218,0x555555567525,0x1335a90f,0
5219,0x55555556750e,0x1335a910,0
5220,0x555555567525,0x1335a911,0
5221,0x555555567525,0x1335a912,0
5222,0x55555556750e,0x1335a913,0
5223,0x555555567525,0x1335a914,0
5224,0x55555556750e,0x1335a915,0
5225,0x555555567525,0x1335a916,0
5226,0x555555567525,0x1335a917,0
5227,0x555555567525,0x1335a918,0
5228,0x55555556750e,0x1335a919,0
5229,0x555555567525,0x1335a91a,0
5230,0x555555567525,0x1335a91b,0
5231,0x55555556750e,0x1335a91c,0
5232,0x555555567525,0x1335a91d,0
5233,0x555555567525,0x1335a91e,0
5234,0x55555556750e,0x1335a91f,0
5235,0x55555556750e,0x1335a920,0
5236,0x55555556750e,0x1335a921,0
5237,0x55555556750e,0x1335a922,0
5238,0x55555556750e,0x1335a923,0
5239,0x555555567525,0x1335a924,0
5240,0x55555556750e,0x1335a925,0
5241,0x555555567525,0x1335a926,0
5242,0x55555556750e,0x1335a927,0
5243,0x555555567525,0x1335a928,0
5244,0x555555567525,0x1335a929,0
5245,0x555555567525,0x1335a92a,0
5246,0x55555556750e,0x1335a92b,0
5247,0x55555556750e,0x1335a92c,0
5248,0x55555556750e,0x1335a92d,0
5249,0x55555556750e,0x1335a92e,0
5250,0x55555556750e,0x1335a92f,0
5251,0x55555556750e,0x1335a930,0
5252,0x555555567525,0x1335a931,0
5253,0x55555556750e,0x1335a932,0
5254,0x55555556750e,0x1335a933,0
5255,0x55555556750e,0x1335a934,0
5256,0x555555567525,0x1335a935,0
5257,0x55555556750e,0x1335a936,0
5258,0x555555567525,0x1335a937,0
5259,0x55555556750e,0x1335a938,0
5260,0x55555556750e,0x1335a939,0
5261,0x55555556750e,0x1335a93a,0
5262,0x555555567525,0x1335a93b,0
5263,0x555555567525,0x1335a93c,0
5264,0x555555567525,0x1335a93d,0
5265,0x555555567525,0x1335a93e,0
5266,0x55555556750e,0x1335a93f,0
5267,0x555555567525,0x346c800,0
5268,0x55555556750e,0x346c801,0
5269,0x55555556750e,0x346c802,0
5270,0x55555556750e,0x346c803,0
5271,0x55555556750e,0x346c804,0
5272,0x55555556750e,0x346c805,0
5273,0x55555556750e,0x346c806,0
5274,0x555555567525,0x346c807,0
5275,0x555555567525,0x346c808,0
5276,0x55555556750e,0x346c809,0
5277,0x555555567525,0x346c80a,0
5278,0x555555567525,0x346c80b,0
5279,0x55555556750e,0x346c80c,0
5280,0x55555556750e,0x346c80d,0
5281,0x55555556750e,0x346c80e,0
5282,0x55555556750e,0x346c80f,0
5283,0x555555567525,0x346c810,0
5284,0x555555567525,0x346c811,0
5285,0x55555556750e,0x346c812,0
5286,0x55555556750e,0x346c813,0
5287,0x555555567525,0x346c814,0
5288,0x55555556750e,0x346c815,0
5289,0x555555567525,0x346c816,0
5290,0x55555556750e,0x346c817,0
5291,0x555555567525,0x346c818,0
5292,0x55555556750e,0x346c819,0
5293,0x55555556750e,0x346c81a,0
5294,0x555555567525,0x346c81b,0
5295,0x55555556750e,0x346c81c,0
5296,0x555555567525,0x346c81d,0
5297,0x555555567525,0x346c81e,0
5298,0x55555556750e,0x346c81f,0
5299,0x555555567525,0x346c820,0
5300,0x55555556750e,0x346c821,0
5301,0x55555556750e,0x346c822,0
5302,0x55555556750e,0x346c823,0
5303,0x555555567525,0x346c824,0
5304,0x55555556750e,0x346c825,0
5305,0x555555567525,0x346c826,0
5306,0x55555556750e,0x346c827,0
5307,0x555555567525,0x346c828,0
5308,0x55555556750e,0x346c829,0
5309,0x55555556750e,0x346c82a,0
5310,0x555555567525,0x346c82b,0
5311,0x55555556750e,0x346c82c,0
5312,0x55555556750e,0x346c82d,0
5313,0x55555556750e,0x346c82e,0
5314,0x55555556750e,0x346c82f,0
5315,0x555555567525,0x346c830,0
5316,0x55555556750e,0x346c831,0
5317,0x55555556750e,0x346c832,0
5318,0x55555556750e,0x346c833,0
5319,0x55555556750e,0x346c834,0
5320,0x55555556750e,0x346c835,0
5321,0x55555556750e,0x346c836,0
5322,0x55555556750e,0x346c837,0
5323,0x55555556750e,0x346c838,0
5324,0x55555556750e,0x346c839,0
5325,0x555555567525,0x346c83a,0
5326,0x55555556750e,0x346c83b,0
5327,0x555555567525,0x346c83c,0
5328,0x555555567525,0x346c83d,0
5329,0x55555556750e,0x346c83e,0
5330,0x55555556750e,0x346c83f,0
5331,0x555555567525,0x23be70c0,0
5332,0x55555556750e,0x23be70c1,0
5333,0x555555567525,0x23be70c2,0
5334,0x555555567525,0x23be70c3,0
5335,0x55555556750e,0x23be70c4,0
5336,0x555555567525,0x23be70c5,0
5337,0x55555556750e,0x23be70c6,0
5338,0x555555567525,0x23be70c7,0
5339,0x55555556750e,0x23be70c8,0
5340,0x55555556750e,0x23be70c9,0
5341,0x55555556750e,0x23be70ca,0
5342,0x55555556750e,0x23be70cb,0
5343,0x555555567525,0x23be70cc,0
5344,0x55555556750e,0x23be70cd,0
5345,0x555555567525,0x23be70ce,0
5346,0x55555556750e,0x23be70cf,0
5347,0x55555556750e,0x23be70d0,0
5348,0x555555567525,0x23be70d1,0
5349,0x555555567525,0x23be70d2,0
5350,0x55555556750e,0x23be70d3,0
5351,0x555555567525,0x23be70d4,0
5352,0x55555556750e,0x23be70d5,0
5353,0x55555556750e,0x23be70d6,0
5354,0x555555567525,0x23be70d7,0
5355,0x55555556750e,0x23be70d8,0
5356,0x55555556750e,0x23be70d9,0
5357,0x555555567525,0x23be70da,0
5358,0x55555556750e,0x23be70db,0
5359,0x555555567525,0x23be70dc,0
5360,0x55555556750e,0x23be70dd,0
5361,0x555555567525,0x23be70de,0
5362,0x55555556750e,0x23be70df,0
5363,0x55555556750e,0x23be70e0,0
5364,0x555555567525,0x23be70e1,0
5365,0x55555556750e,0x23be70e2,0
5366,0x555555567525,0x23be70e3,0
5367,0x55555556750e,0x23be70e4,0
5368,0x555555567525,0x23be70e5,0
5369,0x555555567525,0x23be70e6,0
5370,0x55555556750e,0x23be70e7,0
5371,0x555555567525,0x23be70e8,0
5372,0x55555556750e,0x23be70e9,0
5373,0x55555556750e,0x23be70ea,0
5374,0x555555567525,0x23be70eb,0
5375,0x55555556750e,0x23be70ec,0
5376,0x555555567525,0x23be70ed,0
5377,0x555555567525,0x23be70ee,0
5378,0x55555556750e,0x23be70ef,0
5379,0x555555567525,0x23be70f0,0
5380,0x55555556750e,0x23be70f1,0
5381,0x555555567525,0x23be70f2,0
5382,0x55555556750e,0x23be70f3,0
5383,0x55555556750e,0x23be70f4,0
5384,0x55555556750e,0x23be70f5,0
5385,0x55555556750e,0x23be70f6,0
5386,0x555555567525,0x23be70f7,0
5387,0x55555556750e,0x23be70f8,0
5388,0x55555556750e,0x23be70f9,0
5389,0x555555567525,0x23be70fa,0
5390,0x55555556750e,0x23be70fb,0
5391,0x55555556750e,0x23be70fc,0
5392,0x555555567525,0x23be70fd,0
5393,0x55555556750e,0x23be70fe,0
5394,0x55555556750e,0x23be70ff,0
5395,0x555555567525,0x2d89e80,0
5396,0x55555556750e,0x2d89e81,0
5397,0x55555556750e,0x2d89e82,0
5398,0x555555567525,0x2d89e83,0
5399,0x55555556750e,0x2d89e84,0
5400,0x555555567525,0x2d89e85,0
5401,0x55555556750e,0x2d89e86,0
5402,0x55555556750e,0x2d89e87,0
5403,0x555555567525,0x2d89e88,0
5404,0x55555556750e,0x2d89e89,0
5405,0x555555567525,0x2d89e8a,0
5406,0x55555556750e,0x2d89e8b,0
5407,0x55555556750e,0x2d89e8c,0
5408,0x555555567525,0x2d89e8d,0
5409,0x55555556750e,0x2d89e8e,0
5410,0x55555556750e,0x2d89e8f,0
5411,0x555555567525,0x2d89e90,0
5412,0x555555567525,0x2d89e91,0
5413,0x55555556750e,0x2d89e92,0
5414,0x555555567525,0x2d89e93,0
5415,0x55555556750e,0x2d89e94,0
5416,0x55555556750e,0x2d89e95,0
5417,0x55555556750e,0x2d89e96,0
5418,0x55555556750e,0x2d89e97,0
5419,0x555555567525,0x2d89e98,0
5420,0x555555567525,0x2d89e99,0
5421,0x55555556750e,0x2d89e9a,0
5422,0x555555567525,0x2d89e9b,0
5423,0x555555567525,0x2d89e9c,0
5424,0x555555567525,0x2d89e9d,0
5425,0x55555556750e,0x2d89e9e,0
5426,0x55555556750e,0x2d89e9f,0
5427,0x55555556750e,0x2d89ea0,0
5428,0x55555556750e,0x2d89ea1,0
5429,0x55555556750e,0x2d89ea2,0
5430,0x55555556750e,0x2d89ea3,0
5431,0x55555556750e,0x2d89ea4,0
5432,0x55555556750e,0x2d89ea5,0
5433,0x555555567525,0x2d89ea6,0
5434,0x555555567525,0x2d89ea7,0
5435,0x555555567525,0x2d89ea8,0
5436,0x55555556750e,0x2d89ea9,0
5437,0x55555556750e,0x2d89eaa,0
5438,0x55555556750e,0x2d89eab,0
5439,0x555555567525,0x2d89eac,0
5440,0x55555556750e,0x2d89ead,0
5441,0x555555567525,0x2d89eae,0
5442,0x555555567525,0x2d89eaf,0
5443,0x555555567525,0x2d89eb0,0
5444,0x55555556750e,0x2d89eb1,0
5445,0x555555567525,0x2d89eb2,0
5446,0x555555567525,0x2d89eb3,0
5447,0x55555556750e,0x2d89eb4,0
5448,0x55555556750e,0x2d89eb5,0
5449,0x55555556750e,0x2d89eb6,0
5450,0x55555556750e,0x2d89eb7,0
5451,0x55555556750e,0x2d89eb8,0
5452,0x55555556750e,0x2d89eb9,0
5453,0x55555556750e,0x2d89eba,0
5454,0x55555556750e,0x2d89ebb,0
5455,0x555555567525,0x2d89ebc,0
5456,0x555555567525,0x2d89ebd,0
5457,0x55555556750e,0x2d89ebe,0
5458,0x555555567525,0x2d89ebf,0
5459,0x555555567525,0xe5c2500,0
5460,0x555555567525,0xe5c2501,0
5461,0x55555556750e,0xe5c2502,0
5462,0x555555567525,0xe5c2503,0
5463,0x55555556750e,0xe5c2504,0
5464,0x55555556750e,0xe5c2505,0
5465,0x555555567525,0xe5c2506,0
5466,0x555555567525,0xe5c2507,0
5467,0x55555556750e,0xe5c2508,0
5468,0x55555556750e,0xe5c2509,0
5469,0x55555556750e,0xe5c250a,0
5470,0x555555567525,0xe5c250b,0
5471,0x555555567525,0xe5c250c,0
5472,0x555555567525,0xe5c250d,0
5473,0x555555567525,0xe5c250e,0
5474,0x555555567525,0xe5c250f,0
5475,0x55555556750e,0xe5c2510,0
5476,0x555555567525,0xe5c2511,0
5477,0x555555567525,0xe5c2512,0
5478,0x55555556750e,0xe5c2513,0
5479,0x55555556750e,0xe5c2514,0
5480,0x55555556750e,0xe5c2515,0
5481,0x555555567525,0xe5c2516,0
5482,0x55555556750e,0xe5c2517,0
5483,0x55555556750e,0xe5c2518,0
5484,0x55555556750e,0xe5c2519,0
5485,0x55555556750e,0xe5c251a,0
5486,0x55555556750e,0xe5c251b,0
5487,0x555555567525,0xe5c251c,0
5488,0x55555556750e,0xe5c251d,0
5489,0x55555556750e,0xe5c251e,0
5490,0x555555567525,0xe5c251f,0
5491,0x55555556750e,0xe5c2520,0
5492,0x55555556750e,0xe5c2521,0
5493,0x55555556750e,0xe5c2522,0
5494,0x55555556750e,0xe5c2523,0
5495,0x555555567525,0xe5c2524,0
5496,0x555555567525,0xe5c2525,0
5497,0x555555567525,0xe5c2526,0
5498,0x555555567525,0xe5c2527,0
5499,0x555555567525,0xe5c2528,0
5500,0x55555556750e,0xe5c2529,0
5501,0x555555567525,0xe5c252a,0
5502,0x55555556750e,0xe5c252b,0
5503,0x555555567525,0xe5c252c,0
5504,0x555555567525,0xe5c252d,0
5505,0x55555556750e,0xe5c252e,0
5506,0x555555567525,0xe5c252f,0
5507,0x55555556750e,0xe5c2530,0
5508,0x555555567525,0xe5c2531,0
5509,0x555555567525,0xe5c2532,0
5510,0x55555556750e,0xe5c2533,0
5511,0x55555556750e,0xe5c2534,0
5512,0x55555556750e,0xe5c2535,0
5513,0x555555567525,0xe5c2536,0
5514,0x55555556750e,0xe5c2537,0
5515,0x55555556750e,0xe5c2538,0
5516,0x555555567525,0xe5c2539,0
5517,0x55555556750e,0xe5c253a,0
5518,0x55555556750e,0xe5c253b,0
5519,0x555555567525,0xe5c253c,0
5520,0x555555567525,0xe5c253d,0
5521,0x55555556750e,0xe5c253e,0
5522,0x555555567525,0xe5c253f,0
5523,0x555555567525,0x20a287c0,0
5524,0x555555567525,0x20a287c1,0
5525,0x555555567525,0x20a287c2,0
5526,0x555555567525,0x20a287c3,0
5527,0x55555556750e,0x20a287c4,0
5528,0x555555567525,0x20a287c5,0
5529,0x555555567525,0x20a287c6,0
5530,0x555555567525,0x20a287c7,0
5531,0x55555556750e,0x20a287c8,0
5532,0x55555556750e,0x20a287c9,0
5533,0x55555556750e,0x20a287ca,0
5534,0x555555567525,0x20a287cb,0
5535,0x555555567525,0x20a287cc,0
5536,0x55555556750e,0x20a287cd,0
5537,0x55555556750e,0x20a287ce,0
5538,0x55555556750e,0x20a287cf,0
5539,0x555555567525,0x20a287d0,0
5540,0x555555567525,0x20a287d1,0
5541,0x55555556750e,0x20a287d2,0
5542,0x55555556750e,0x20a287d3,0
5543,0x55555556750e,0x20a287d4,0
5544,0x55555556750e,0x20a287d5,0
5545,0x555555567525,0x20a287d6,0
5546,0x555555567525,0x20a287d7,0
5547,0x555555567525,0x20a287d8,0
5548,0x55555556750e,0x20a287d9,0
5549,0x55555556750e,0x20a287da,0
5550,0x55555556750e,0x20a287db,0
5551,0x555555567525,0x20a287dc,0
5552,0x555555567525,0x20a287dd,0
5553,0x55555556750e,0x20a287de,0
5554,0x555555567525,0x20a287df,0
5555,0x55555556750e,0x20a287e0,0
5556,0x55555556750e,0x20a287e1,0
5557,0x55555556750e,0x20a287e2,0
5558,0x555555567525,0x20a287e3,0
5559,0x55555556750e,0x20a287e4,0
5560,0x55555556750e,0x20a287e5,0
5561,0x55555556750e,0x20a287e6,0
5562,0x55555556750e,0x20a287e7,0
5563,0x555555567525,0x20a287e8,0
5564,0x55555556750e,0x20a287e9,0
5565,0x555555567525,0x20a287ea,0
5566,0x55555556750e,0x20a287eb,0
5567,0x55555556750e,0x20a287ec,0
5568,0x55555556750e,0x20a287ed,0
5569,0x555555567525,0x20a287ee,0
5570,0x55555556750e,0x20a287ef,0
5571,0x55555556750e,0x20a287f0,0
5572,0x555555567525,0x20a287f1,0
5573,0x555555567525,0x20a287f2,0
5574,0x55555556750e,0x20a287f3,0
5575,0x55555556750e,0x20a287f4,0
5576,0x55555556750e,0x20a287f5,0
5577,0x55555556750e,0x20a287f6,0
5578,0x555555567525,0x20a287f7,0
5579,0x55555556750e,0x20a287f8,0
5580,0x55555556750e,0x20a287f9,0
5581,0x55555556750e,0x20a287fa,0
5582,0x555555567525,0x20a287fb,0
5583,0x55555556750e,0x20a287fc,0
5584,0x555555567525,0x20a287fd,0
5585,0x555555567525,0x20a287fe,0
5586,0x555555567525,0x20a287ff,0
5587,0x555555567525,0x34ef9640,0
5588,0x55555556750e,0x34ef9641,0
5589,0x555555567525,0x34ef9642,0
5590,0x55555556750e,0x34ef9643,0
5591,0x55555556750e,0x34ef9644,0
5592,0x55555556750e,0x34ef9645,0
5593,0x55555556750e,0x34ef9646,0
5594,0x55555556750e,0x34ef9647,0
5595,0x55555556750e,0x34ef9648,0
5596,0x55555556750e,0x34ef9649,0
5597,0x55555556750e,0x34ef964a,0
5598,0x555555567525,0x34ef964b,0
5599,0x55555556750e,0x34ef964c,0
5600,0x55555556750e,0x34ef964d,0
5601,0x55555556750e,0x34ef964e,0
5602,0x55555556750e,0x34ef964f,0
5603,0x55555556750e,0x34ef9650,0
5604,0x555555567525,0x34ef9651,0
5605,0x555555567525,0x34ef9652,0
5606,0x55555556750e,0x34ef9653,0
5607,0x555555567525,0x34ef9654,0
5608,0x55555556750e,0x34ef9655,0
5609,0x55555556750e,0x34ef9656,0
5610,0x555555567525,0x34ef9657,0
5611,0x555555567525,0x34ef9658,0
5612,0x555555567525,0x34ef9659,0
5613,0x55555556750e,0x34ef965a,0
5614,0x555555567525,0x34ef965b,0
5615,0x555555567525,0x34ef965c,0
5616,0x555555567525,0x34ef965d,0
5617,0x55555556750e,0x34ef965e,0
5618,0x55555556750e,0x34ef965f,0
5619,0x55555556750e,0x34ef9660,0
5620,0x55555556750e,0x34ef9661,0
5621,0x55555556750e,0x34ef9662,0
5622,0x55555556750e,0x34ef9663,0
5623,0x55555556750e,0x34ef9664,0
5624,0x55555556750e,0x34ef9665,0
5625,0x555555567525,0x34ef9666,0
5626,0x555555567525,0x34ef9667,0
5627,0x55555556750e,0x34ef9668,0
5628,0x55555556750e,0x34ef9669,0
5629,0x55555556750e,0x34ef966a,0
5630,0x555555567525,0x34ef966b,0
5631,0x55555556750e,0x34ef966c,0
5632,0x555555567525,0x34ef966d,0
5633,0x55555556750e,0x34ef966e,0
5634,0x55555556750e,0x34ef966f,0
5635,0x55555556750e,0x34ef9670,0
5636,0x55555556750e,0x34ef9671,0
5637,0x555555567525,0x34ef9672,0
5638,0x55555556750e,0x34ef9673,0
5639,0x55555556750e,0x34ef9674,0
5640,0x55555556750e,0x34ef9675,0
5641,0x55555556750e,0x34ef9676,0
5642,0x555555567525,0x34ef9677,0
5643,0x55555556750e,0x34ef9678,0
5644,0x555555567525,0x34ef9679,0
5645,0x55555556750e,0x34ef967a,0
5646,0x55555556750e,0x34ef967b,0
5647,0x555555567525,0x34ef967c,0
5648,0x55555556750e,0x34ef967d,0
5649,0x555555567525,0x34ef967e,0
5650,0x555555567525,0x34ef967f,0
5651,0x555555567525,0x38333800,0
5652,0x55555556750e,0x38333801,0
5653,0x555555567525,0x38333802,0
5654,0x55555556750e,0x38333803,0
5655,0x555555567525,0x38333804,0
5656,0x55555556750e,0x38333805,0
5657,0x555555567525,0x38333806,0
5658,0x55555556750e,0x38333807,0
5659,0x55555556750e,0x38333808,0
5660,0x555555567525,0x38333809,0
5661,0x55555556750e,0x3833380a,0
5662,0x55555556750e,0x3833380b,0
5663,0x555555567525,0x3833380c,0
5664,0x55555556750e,0x3833380d,0
5665,0x555555567525,0x3833380e,0
5666,0x55555556750e,0x3833380f,0
5667,0x55555556750e,0x38333810,0
5668,0x555555567525,0x38333811,0
5669,0x555555567525,0x38333812,0
5670,0x555555567525,0x38333813,0
5671,0x555555567525,0x38333814,0
5672,0x555555567525,0x38333815,0
5673,0x555555567525,0x38333816,0
5674,0x55555556750e,0x38333817,0
5675,0x555555567525,0x38333818,0
5676,0x55555556750e,0x38333819,0
5677,0x55555556750e,0x3833381a,0
5678,0x55555556750e,0x3833381b,0
5679,0x555555567525,0x3833381c,0
5680,0x555555567525,0x3833381d,0
5681,0x55555556750e,0x3833381e,0
5682,0x555555567525,0x3833381f,0
5683,0x55555556750e,0x38333820,0
5684,0x555555567525,0x38333821,0
5685,0x55555556750e,0x38333822,0
5686,0x55555556750e,0x38333823,0
5687,0x55555556750e,0x38333824,0
5688,0x55555556750e,0x38333825,0
5689,0x55555556750e,0x38333826,0
5690,0x555555567525,0x38333827,0
5691,0x555555567525,0x38333828,0
5692,0x55555556750e,0x38333829,0
5693,0x55555556750e,0x3833382a,0
5694,0x555555567525,0x3833382b,0
5695,0x55555556750e,0x3833382c,0
5696,0x555555567525,0x3833382d,0
5697,0x55555556750e,0x3833382e,0
5698,0x555555567525,0x3833382f,0
5699,0x55555556750e,0x38333830,0
5700,0x555555567525,0x38333831,0
5701,0x555555567525,0x38333832,0
5702,0x55555556750e,0x38333833,0
5703,0x555555567525,0x38333834,0
5704,0x55555556750e,0x38333835,0
5705,0x55555556750e,0x38333836,0
5706,0x55555556750e,0x38333837,0
5707,0x555555567525,0x38333838,0
5708,0x55555556750e,0x38333839,0
5709,0x55555556750e,0x3833383a,0
5710,0x55555556750e,0x3833383b,0
5711,0x55555556750e,0x3833383c,0
5712,0x55555556750e,0x3833383d,0
5713,0x55555556750e,0x3833383e,0
5714,0x555555567525,0x3833383f,0
5715,0x555555567525,0x27655c0,0
5716,0x55555556750e,0x27655c1,0
5717,0x55555556750e,0x27655c2,0
5718,0x555555567525,0x27655c3,0
5719,0x555555567525,0x27655c4,0
5720,0x55555556750e,0x27655c5,0
5721,0x555555567525,0x27655c6,0
5722,0x555555567525,0x27655c7,0
5723,0x555555567525,0x27655c8,0
5724,0x55555556750e,0x27655c9,0
5725,0x555555567525,0x27655ca,0
5726,0x55555556750e,0x27655cb,0
5727,0x555555567525,0x27655cc,0
5728,0x555555567525,0x27655cd,0
5729,0x55555556750e,0x27655ce,0
5730,0x55555556750e,0x27655cf,0
5731,0x555555567525,0x27655d0,0
5732,0x555555567525,0x27655d1,0
5733,0x555555567525,0x27655d2,0
5734,0x55555556750e,0x27655d3,0
5735,0x555555567525,0x27655d4,0
5736,0x55555556750e,0x27655d5,0
5737,0x555555567525,0x27655d6,0
5738,0x55555556750e,0x27655d7,0
5739,0x555555567525,0x27655d8,0
5740,0x55555556750e,0x27655d9,0
5741,0x555555567525,0x27655da,0
5742,0x55555556750e,0x27655db,0
5743,0x555555567525,0x27655dc,0
5744,0x55555556750e,0x27655dd,0
5745,0x55555556750e,0x27655de,0
5746,0x55555556750e,0x27655df,0
5747,0x555555567525,0x27655e0,0
5748,0x55555556750e,0x27655e1,0
5749,0x55555556750e,0x27655e2,0
5750,0x55555556750e,0x27655e3,0
5751,0x55555556750e,0x27655e4,0
5752,0x55555556750e,0x27655e5,0
5753,0x555555567525,0x27655e6,0
5754,0x55555556750e,0x27655e7,0
5755,0x555555567525,0x27655e8,0
5756,0x555555567525,0x27655e9,0
5757,0x555555567525,0x27655ea,0
5758,0x55555556750e,0x27655eb,0
5759,0x555555567525,0x27655ec,0
5760,0x555555567525,0x27655ed,0
5761,0x555555567525,0x27655ee,0
5762,0x55555556750e,0x27655ef,0
5763,0x555555567525,0x27655f0,0
5764,0x555555567525,0x27655f1,0
5765,0x555555567525,0x27655f2,0
5766,0x555555567525,0x27655f3,0
5767,0x555555567525,0x27655f4,0
5768,0x55555556750e,0x27655f5,0
5769,0x555555567525,0x27655f6,0
5770,0x555555567525,0x27655f7,0
5771,0x555555567525,0x27655f8,0
5772,0x55555556750e,0x27655f9,0
5773,0x555555567525,0x27655fa,0
5774,0x555555567525,0x27655fb,0
5775,0x555555567525,0x27655fc,0
5776,0x555555567525,0x27655fd,0
5777,0x55555556750e,0x27655fe,0
5778,0x55555556750e,0x27655ff,0
5779,0x555555567525,0x1d4279c0,0
5780,0x555555567525,0x1d4279c1,0
5781,0x55555556750e,0x1d4279c2,0
5782,0x555555567525,0x1d4279c3,0
5783,0x55555556750e,0x1d4279c4,0
5784,0x55555556750e,0x1d4279c5,0
5785,0x55555556750e,0x1d4279c6,0
5786,0x555555567525,0x1d4279c7,0
5787,0x555555567525,0x1d4279c8,0
5788,0x555555567525,0x1d4279c9,0
5789,0x555555567525,0x1d4279ca,0
5790,0x55555556750e,0x1d4279cb,0
5791,0x55555556750e,0x1d4279cc,0
5792,0x55555556750e,0x1d4279cd,0
5793,0x55555556750e,0x1d4279ce,0
5794,0x555555567525,0x1d4279cf,0
5795,0x555555567525,0x1d4279d0,0
5796,0x555555567525,0x1d4279d1,0
5797,0x555555567525,0x1d4279d2,0
5798,0x55555556750e,0x1d4279d3,0
5799,0x555555567525,0x1d4279d4,0
5800,0x555555567525,0x1d4279d5,0
5801,0x555555567525,0x1d4279d6,0
5802,0x55555556750e,0x1d4279d7,0
5803,0x555555567525,0x1d4279d8,0
5804,0x555555567525,0x1d4279d9,0
5805,0x555555567525,0x1d4279da,0
5806,0x55555556750e,0x1d4279db,0
5807,0x555555567525,0x1d4279dc,0
5808,0x555555567525,0x1d4279dd,0
5809,0x55555556750e,0x1d4279de,0
5810,0x555555567525,0x1d4279df,0
5811,0x55555556750e,0x1d4279e0,0
5812,0x555555567525,0x1d4279e1,0
5813,0x55555556750e,0x1d4279e2,0
5814,0x55555556750e,0x1d4279e3,0
5815,0x555555567525,0x1d4279e4,0
5816,0x555555567525,0x1d4279e5,0
5817,0x55555556750e,0x1d4279e6,0
5818,0x555555567525,0x1d4279e7,0
5819,0x555555567525,0x1d4279e8,0
5820,0x555555567525,0x1d4279e9,0
5821,0x555555567525,0x1d4279ea,0
5822,0x55555556750e,0x1d4279eb,0
5823,0x555555567525,0x1d4279ec,0
5824,0x55555556750e,0x1d4279ed,0
5825,0x55555556750e,0x1d4279ee,0
5826,0x55555556750e,0x1d4279ef,0
5827,0x55555556750e,0x1d4279f0,0
5828,0x55555556750e,0x1d4279f1,0
5829,0x555555567525,0x1d4279f2,0
5830,0x555555567525,0x1d4279f3,0
5831,0x55555556750e,0x1d4279f4,0
5832,0x55555556750e,0x1d4279f5,0
5833,0x55555556750e,0x1d4279f6,0
5834,0x55555556750e,0x1d4279f7,0
5835,0x55555556750e,0x1d4279f8,0
5836,0x55555556750e,0x1d4279f9,0
5837,0x55555556750e,0x1d4279fa,0
5838,0x55555556750e,0x1d4279fb,0
5839,0x555555567525,0x1d4279fc,0
5840,0x55555556750e,0x1d4279fd,0
5841,0x555555567525,0x1d4279fe,0
5842,0x55555556750e,0x1d4279ff,0
5843,0x555555567525,0x230eaf00,0
5844,0x555555567525,0x230eaf01,0
5845,0x55555556750e,0x230eaf02,0
5846,0x555555567525,0x230eaf03,0
5847,0x55555556750e,0x230eaf04,0
5848,0x555555567525,0x230eaf05,0
5849,0x555555567525,0x230eaf06,0
5850,0x555555567525,0x230eaf07,0
5851,0x555555567525,0x230eaf08,0
5852,0x555555567525,0x230eaf09,0
5853,0x55555556750e,0x230eaf0a,0
5854,0x555555567525,0x230eaf0b,0
5855,0x55555556750e,0x230eaf0c,0
5856,0x555555567525,0x230eaf0d,0
5857,0x55555556750e,0x230eaf0e,0
5858,0x55555556750e,0x230eaf0f,0
5859,0x55555556750e,0x230eaf10,0
5860,0x555555567525,0x230eaf11,0
5861,0x555555567525,0x230eaf12,0
5862,0x555555567525,0x230eaf13,0
5863,0x555555567525,0x230eaf14,0
5864,0x55555556750e,0x230eaf15,0
5865,0x55555556750e,0x230eaf16,0
5866,0x55555556750e,0x230eaf17,0
5867,0x555555567525,0x230eaf18,0
5868,0x555555567525,0x230eaf19,0
5869,0x55555556750e,0x230eaf1a,0
5870,0x555555567525,0x230eaf1b,0
5871,0x555555567525,0x230eaf1c,0
5872,0x55555556750e,0x230eaf1d,0
5873,0x555555567525,0x230eaf1e,0
5874,0x55555556750e,0x230eaf1f,0
5875,0x55555556750e,0x230eaf20,0
5876,0x55555556750e,0x230eaf21,0
5877,0x55555556750e,0x230eaf22,0
5878,0x55555556750e,0x230eaf23,0
5879,0x55555556750e,0x230eaf24,0
5880,0x55555556750e,0x230eaf25,0
5881,0x555555567525,0x230eaf26,0
5882,0x55555556750e,0x230eaf27,0
5883,0x55555556750e,0x230eaf28,0
5884,0x555555567525,0x230eaf29,0
5885,0x55555556750e,0x230eaf2a,0
5886,0x555555567525,0x230eaf2b,0
5887,0x55555556750e,0x230eaf2c,0
5888,0x555555567525,0x230eaf2d,0
5889,0x555555567525,0x230eaf2e,0
5890,0x55555556750e,0x230eaf2f,0
5891,0x55555556750e,0x230eaf30,0
5892,0x555555567525,0x230eaf31,0
5893,0x555555567525,0x230eaf32,0
5894,0x55555556750e,0x230eaf33,0
5895,0x555555567525,0x230eaf34,0
5896,0x55555556750e,0x230eaf35,0
5897,0x55555556750e,0x230eaf36,0
5898,0x55555556750e,0x230eaf37,0
5899,0x55555556750e,0x230eaf38,0
5900,0x555555567525,0x230eaf39,0
5901,0x55555556750e,0x230eaf3a,0
5902,0x555555567525,0x230eaf3b,0
5903,0x55555556750e,0x230eaf3c,0
5904,0x555555567525,0x230eaf3d,0
5905,0x555555567525,0x230eaf3e,0
5906,0x55555556750e,0x230eaf3f,0
5907,0x55555556750e,0x30402880,0
5908,0x555555567525,0x30402881,0
5909,0x55555556750e,0x30402882,0
5910,0x555555567525,0x30402883,0
5911,0x55555556750e,0x30402884,0
5912,0x555555567525,0x30402885,0
5913,0x55555556750e,0x30402886,0
5914,0x55555556750e,0x30402887,0
5915,0x555555567525,0x30402888,0
5916,0x55555556750e,0x30402889,0
5917,0x55555556750e,0x3040288a,0
5918,0x55555556750e,0x3040288b,0
5919,0x555555567525,0x3040288c,0
5920,0x55555556750e,0x3040288d,0
5921,0x555555567525,0x3040288e,0
5922,0x55555556750e,0x3040288f,0
5923,0x55555556750e,0x30402890,0
5924,0x555555567525,0x30402891,0
5925,0x555555567525,0x30402892,0
5926,0x55555556750e,0x30402893,0
5927,0x555555567525,0x30402894,0
5928,0x55555556750e,0x30402895,0
5929,0x55555556750e,0x30402896,0
5930,0x55555556750e,0x30402897,0
5931,0x55555556750e,0x30402898,0
5932,0x55555556750e,0x30402899,0
5933,0x555555567525,0x3040289a,0
5934,0x55555556750e,0x3040289b,0
5935,0x555555567525,0x3040289c,0
5936,0x55555556750e,0x3040289d,0
5937,0x555555567525,0x3040289e,0
5938,0x55555556750e,0x3040289f,0
5939,0x555555567525,0x304028a0,0
5940,0x55555556750e,0x304028a1,0
5941,0x55555556750e,0x304028a2,0
5942,0x55555556750e,0x304028a3,0
5943,0x55555556750e,0x304028a4,0
5944,0x555555567525,0x304028a5,0
5945,0x555555567525,0x304028a6,0
5946,0x555555567525,0x304028a7,0
5947,0x555555567525,0x304028a8,0
5948,0x55555556750e,0x304028a9,0
5949,0x555555567525,0x304028aa,0
5950,0x555555567525,0x304028ab,0
5951,0x55555556750e,0x304028ac,0
5952,0x55555556750e,0x304028ad,0
5953,0x55555556750e,0x304028ae,0
5954,0x555555567525,0x304028af,0
5955,0x55555556750e,0x304028b0,0
5956,0x555555567525,0x304028b1,0
5957,0x555555567525,0x304028b2,0
5958,0x55555556750e,0x304028b3,0
5959,0x555555567525,0x304028b4,0
5960,0x55555556750e,0x304028b5,0
5961,0x555555567525,0x304028b6,0
5962,0x55555556750e,0x304028b7,0
5963,0x55555556750e,0x304028b8,0
5964,0x55555556750e,0x304028b9,0
5965,0x55555556750e,0x304028ba,0
5966,0x55555556750e,0x304028bb,0
5967,0x555555567525,0x304028bc,0
5968,0x55555556750e,0x304028bd,0
5969,0x555555567525,0x304028be,0
5970,0x55555556750e,0x304028bf,0
5971,0x555555567525,0x1cf84940,0
5972,0x555555567525,0x1cf84941,0
5973,0x55555556750e,0x1cf84942,0
5974,0x555555567525,0x1cf84943,0
5975,0x55555556750e,0x1cf84944,0
5976,0x555555567525,0x1cf84945,0
5977,0x55555556750e,0x1cf84946,0
5978,0x555555567525,0x1cf84947,0
5979,0x55555556750e,0x1cf84948,0
5980,0x55555556750e,0x1cf84949,0
5981,0x55555556750e,0x1cf8494a,0
5982,0x55555556750e,0x1cf8494b,0
5983,0x55555556750e,0x1cf8494c,0
5984,0x555555567525,0x1cf8494d,0
5985,0x55555556750e,0x1cf8494e,0
5986,0x555555567525,0x1cf8494f,0
5987,0x55555556750e,0x1cf84950,0
5988,0x555555567525,0x1cf84951,0
5989,0x555555567525,0x1cf84952,0
5990,0x55555556750e,0x1cf84953,0
5991,0x55555556750e,0x1cf84954,0
5992,0x55555556750e,0x1cf84955,0
5993,0x555555567525,0x1cf84956,0
5994,0x555555567525,0x1cf84957,0
5995,0x55555556750e,0x1cf84958,0
5996,0x555555567525,0x1cf84959,0
5997,0x55555556750e,0x1cf8495a,0
5998,0x555555567525,0x1cf8495b,0
5999,0x555555567525,0x1cf8495c,0
6000,0x55555556750e,0x1cf8495d,0
6001,0x555555567525,0x1cf8495e,0
6002,0x55555556750e,0x1cf8495f,0
6003,0x55555556750e,0x1cf84960,0
6004,0x55555556750e,0x1cf84961,0
6005,0x555555567525,0x1cf84962,0
6006,0x55555556750e,0x1cf84963,0
6007,0x555555567525,0x1cf84964,0
6008,0x55555556750e,0x1cf84965,0
6009,0x555555567525,0x1cf84966,0
6010,0x55555556750e,0x1cf84967,0
6011,0x555555567525,0x1cf84968,0
6012,0x55555556750e,0x1cf84969,0
6013,0x55555556750e,0x1cf8496a,0
6014,0x55555556750e,0x1cf8496b,0
6015,0x55555556750e,0x1cf8496c,0
6016,0x55555556750e,0x1cf8496d,0
6017,0x555555567525,0x1cf8496e,0
6018,0x55555556750e,0x1cf8496f,0
6019,0x555555567525,0x1cf84970,0
6020,0x555555567525,0x1cf84971,0
6021,0x555555567525,0x1cf84972,0
6022,0x555555567525,0x1cf84973,0
6023,0x555555567525,0x1cf84974,0
6024,0x55555556750e,0x1cf84975,0
6025,0x555555567525,0x1cf84976,0
6026,0x55555556750e,0x1cf84977,0
6027,0x555555567525,0x1cf84978,0
6028,0x55555556750e,0x1cf84979,0
6029,0x555555567525,0x1cf8497a,0
6030,0x55555556750e,0x1cf8497b,0
6031,0x55555556750e,0x1cf8497c,0
6032,0x555555567525,0x1cf8497d,0
6033,0x555555567525,0x1cf8497e,0
6034,0x55555556750e,0x1cf8497f,0
6035,0x555555567525,0x18e7fc0,0
6036,0x555555567525,0x18e7fc1,0
6037,0x555555567525,0x18e7fc2,0
6038,0x555555567525,0x18e7fc3,0
6039,0x55555556750e,0x18e7fc4,0
6040,0x555555567525,0x18e7fc5,0
6041,0x55555556750e,0x18e7fc6,0
6042,0x555555567525,0x18e7fc7,0
6043,0x555555567525,0x18e7fc8,0
6044,0x55555556750e,0x18e7fc9,0
6045,0x555555567525,0x18e7fca,0
6046,0x555555567525,0x18e7fcb,0
6047,0x555555567525,0x18e7fcc,0
6048,0x55555556750e,0x18e7fcd,0
6049,0x555555567525,0x18e7fce,0
6050,0x55555556750e,0x18e7fcf,0
6051,0x555555567525,0x18e7fd0,0
6052,0x555555567525,0x18e7fd1,0
6053,0x555555567525,0x18e7fd2,0
6054,0x55555556750e,0x18e7fd3,0
6055,0x555555567525,0x18e7fd4,0
6056,0x555555567525,0x18e7fd5,0
6057,0x555555567525,0x18e7fd6,0
6058,0x55555556750e,0x18e7fd7,0
6059,0x555555567525,0x18e7fd8,0
6060,0x55555556750e,0x18e7fd9,0
6061,0x55555556750e,0x18e7fda,0
6062,0x55555556750e,0x18e7fdb,0
6063,0x555555567525,0x18e7fdc,0
6064,0x555555567525,0x18e7fdd,0
6065,0x55555556750e,0x18e7fde,0
6066,0x55555556750e,0x18e7fdf,0
6067,0x555555567525,0x18e7fe0,0
6068,0x55555556750e,0x18e7fe1,0
6069,0x55555556750e,0x18e7fe2,0
6070,0x555555567525,0x18e7fe3,0
6071,0x55555556750e,0x18e7fe4,0
6072,0x55555556750e,0x18e7fe5,0
6073,0x555555567525,0x18e7fe6,0
6074,0x55555556750e,0x18e7fe7,0
6075,0x555555567525,0x18e7fe8,0
6076,0x55555556750e,0x18e7fe9,0
6077,0x55555556750e,0x18e7fea,0
6078,0x55555556750e,0x18e7feb,0
6079,0x55555556750e,0x18e7fec,0
6080,0x55555556750e,0x18e7fed,0
6081,0x55555556750e,0x18e7fee,0
6082,0x555555567525,0x18e7fef,0
6083,0x55555556750e,0x18e7ff0,0
6084,0x555555567525,0x18e7ff1,0
6085,0x55555556750e,0x18e7ff2,0
6086,0x555555567525,0x18e7ff3,0
6087,0x555555567525,0x18e7ff4,0
6088,0x55555556750e,0x18e7ff5,0
6089,0x55555556750e,0x18e7ff6,0
6090,0x55555556750e,0x18e7ff7,0
6091,0x55555556750e,0x18e7ff8,0
6092,0x55555556750e,0x18e7ff9,0
6093,0x555555567525,0x18e7ffa,0
6094,0x55555556750e,0x18e7ffb,0
6095,0x555555567525,0x18e7ffc,0
6096,0x555555567525,0x18e7ffd,0
6097,0x55555556750e,0x18e7ffe,0
6098,0x555555567525,0x18e7fff,0
6099,0x55555556750e,0x91c3d40,0
6100,0x555555567525,0x91c3d41,0
6101,0x55555556750e,0x91c3d42,0
6102,0x555555567525,0x91c3d43,0
6103,0x555555567525,0x91c3d44,0
6104,0x55555556750e,0x91c3d45,0
6105,0x555555567525,0x91c3d46,0
6106,0x55555556750e,0x91c3d47,0
6107,0x555555567525,0x91c3d48,0
6108,0x555555567525,0x91c3d49,0
6109,0x55555556750e,0x91c3d4a,0
6110,0x555555567525,0x91c3d4b,0
6111,0x55555556750e,0x91c3d4c,0
6112,0x555555567525,0x91c3d4d,0
6113,0x55555556750e,0x91c3d4e,0
6114,0x555555567525,0x91c3d4f,0
6115,0x55555556750e,0x91c3d50,0
6116,0x55555556750e,0x91c3d51,0
6117,0x55555556750e,0x91c3d52,0
6118,0x555555567525,0x91c3d53,0
6119,0x55555556750e,0x91c3d54,0
6120,0x555555567525,0x91c3d55,0
6121,0x55555556750e,0x91c3d56,0
6122,0x55555556750e,0x91c3d57,0
6123,0x555555567525,0x91c3d58,0
6124,0x55555556750e,0x91c3d59,0
6125,0x555555567525,0x91c3d5a,0
6126,0x55555556750e,0x91c3d5b,0
6127,0x555555567525,0x91c3d5c,0
6128,0x555555567525,0x91c3d5d,0
6129,0x55555556750e,0x91c3d5e,0
6130,0x55555556750e,0x91c3d5f,0
6131,0x55555556750e,0x91c3d60,0
6132,0x55555556750e,0x91c3d61,0
6133,0x55555556750e,0x91c3d62,0
6134,0x55555556750e,0x91c3d63,0
6135,0x555555567525,0x91c3d64,0
6136,0x55555556750e,0x91c3d65,0
6137,0x555555567525,0x91c3d66,0
6138,0x55555556750e,0x91c3d67,0
6139,0x555555567525,0x91c3d68,0
6140,0x55555556750e,0x91c3d69,0
6141,0x555555567525,0x91c3d6a,0
6142,0x55555556750e,0x91c3d6b,0
6143,0x55555556750e,0x91c3d6c,0
6144,0x55555556750e,0x91c3d6d,0
6145,0x555555567525,0x91c3d6e,0
6146,0x55555556750e,0x91c3d6f,0
6147,0x55555556750e,0x91c3d70,0
6148,0x555555567525,0x91c3d71,0
6149,0x555555567525,0x91c3d72,0
6150,0x55555556750e,0x91c3d73,0
6151,0x55555556750e,0x91c3d74,0
6152,0x55555556750e,0x91c3d75,0
6153,0x555555567525,0x91c3d76,0
6154,0x55555556750e,0x91c3d77,0
6155,0x555555567525,0x91c3d78,0
6156,0x55555556750e,0x91c3d79,0
6157,0x555555567525,0x91c3d7a,0
6158,0x555555567525,0x91c3d7b,0
6159,0x555555567525,0x91c3d7c,0
6160,0x55555556750e,0x91c3d7d,0
6161,0x55555556750e,0x91c3d7e,0
6162,0x55555556750e,0x91c3d7f,0
6163,0x555555567525,0x1b82ec40,0
6164,0x55555556750e,0x1b82ec41,0
6165,0x55555556750e,0x1b82ec42,0
6166,0x555555567525,0x1b82ec43,0
6167,0x55555556750e,0x1b82ec44,0
6168,0x555555567525,0x1b82ec45,0
6169,0x555555567525,0x1b82ec46,0
6170,0x55555556750e,0x1b82ec47,0
6171,0x55555556750e,0x1b82ec48,0
6172,0x55555556750e,0x1b82ec49,0
6173,0x55555556750e,0x1b82ec4a,0
6174,0x55555556750e,0x1b82ec4b,0
6175,0x555555567525,0x1b82ec4c,0
6176,0x55555556750e,0x1b82ec4d,0
6177,0x55555556750e,0x1b82ec4e,0
6178,0x55555556750e,0x1b82ec4f,0
6179,0x55555556750e,0x1b82ec50,0
6180,0x555555567525,0x1b82ec51,0
6181,0x55555556750e,0x1b82ec52,0
6182,0x555555567525,0x1b82ec53,0
6183,0x55555556750e,0x1b82ec54,0
6184,0x555555567525,0x1b82ec55,0
6185,0x55555556750e,0x1b82ec56,0
6186,0x55555556750e,0x1b82ec57,0
6187,0x55555556750e,0x1b82ec58,0
6188,0x55555556750e,0x1b82ec59,0
6189,0x555555567525,0x1b82ec5a,0
6190,0x55555556750e,0x1b82ec5b,0
6191,0x555555567525,0x1b82ec5c,0
6192,0x55555556750e,0x1b82ec5d,0
6193,0x555555567525,0x1b82ec5e,0
6194,0x55555556750e,0x1b82ec5f,0
6195,0x55555556750e,0x1b82ec60,0
6196,0x55555556750e,0x1b82ec61,0
6197,0x555555567525,0x1b82ec62,0
6198,0x55555556750e,0x1b82ec63,0
6199,0x55555556750e,0x1b82ec64,0
6200,0x55555556750e,0x1b82ec65,0
6201,0x55555556750e,0x1b82ec66,0
6202,0x555555567525,0x1b82ec67,0
6203,0x555555567525,0x1b82ec68,0
6204,0x55555556750e,0x1b82ec69,0
6205,0x555555567525,0x1b82ec6a,0
6206,0x555555567525,0x1b82ec6b,0
6207,0x55555556750e,0x1b82ec6c,0
6208,0x55555556750e,0x1b82ec6d,0
6209,0x55555556750e,0x1b82ec6e,0
6210,0x555555567525,0x1b82ec6f,0
6211,0x55555556750e,0x1b82ec70,0
6212,0x555555567525,0x1b82ec71,0
6213,0x555555567525,0x1b82ec72,0
6214,0x55555556750e,0x1b82ec73,0
6215,0x555555567525,0x1b82ec74,0
6216,0x55555556750e,0x1b82ec75,0
6217,0x55555556750e,0x1b82ec76,0
6218,0x55555556750e,0x1b82ec77,0
6219,0x55555556750e,0x1b82ec78,0
6220,0x555555567525,0x1b82ec79,0
6221,0x55555556750e,0x1b82ec7a,0
6222,0x55555556750e,0x1b82ec7b,0
6223,0x555555567525,0x1b82ec7c,0
6224,0x55555556750e,0x1b82ec7d,0
6225,0x555555567525,0x1b82ec7e,0
6226,0x55555556750e,0x1b82ec7f,0
6227,0x555555567525,0x3c91780,0
6228,0x55555556750e,0x3c91781,0
6229,0x55555556750e,0x3c91782,0
6230,0x555555567525,0x3c91783,0
6231,0x55555556750e,0x3c91784,0
6232,0x55555556750e,0x3c91785,0
6233,0x55555556750e,0x3c91786,0
6234,0x55555556750e,0x3c91787,0
6235,0x55555556750e,0x3c91788,0
6236,0x55555556750e,0x3c91789,0
6237,0x55555556750e,0x3c9178a,0
6238,0x555555567525,0x3c9178b,0
6239,0x555555567525,0x3c9178c,0
6240,0x555555567525,0x3c9178d,0
6241,0x555555567525,0x3c9178e,0
6242,0x555555567525,0x3c9178f,0
6243,0x55555556750e,0x3c91790,0
6244,0x555555567525,0x3c91791,0
6245,0x555555567525,0x3c91792,0
6246,0x55555556750e,0x3c91793,0
6247,0x55555556750e,0x3c91794,0
6248,0x55555556750e,0x3c91795,0
6249,0x55555556750e,0x3c91796,0
6250,0x55555556750e,0x3c91797,0
6251,0x555555567525,0x3c91798,0
6252,0x55555556750e,0x3c91799,0
6253,0x555555567525,0x3c9179a,0
6254,0x555555567525,0x3c9179b,0
6255,0x55555556750e,0x3c9179c,0
6256,0x555555567525,0x3c9179d,0
6257,0x55555556750e,0x3c9179e,0
6258,0x555555567525,0x3c9179f,0
6259,0x55555556750e,0x3c917a0,0
6260,0x55555556750e,0x3c917a1,0
6261,0x55555556750e,0x3c917a2,0
6262,0x55555556750e,0x3c917a3,0
6263,0x55555556750e,0x3c917a4,0
6264,0x555555567525,0x3c917a5,0
6265,0x55555556750e,0x3c917a6,0
6266,0x555555567525,0x3c917a7,0
6267,0x55555556750e,0x3c917a8,0
6268,0x55555556750e,0x3c917a9,0
6269,0x55555556750e,0x3c917aa,0
6270,0x555555567525,0x3c917ab,0
6271,0x55555556750e,0x3c917ac,0
6272,0x55555556750e,0x3c917ad,0
6273,0x555555567525,0x3c917ae,0
6274,0x55555556750e,0x3c917af,0
6275,0x55555556750e,0x3c917b0,0
6276,0x555555567525,0x3c917b1,0
6277,0x55555556750e,0x3c917b2,0
6278,0x55555556750e,0x3c917b3,0
6279,0x55555556750e,0x3c917b4,0
6280,0x55555556750e,0x3c917b5,0
6281,0x55555556750e,0x3c917b6,0
6282,0x55555556750e,0x3c917b7,0
6283,0x55555556750e,0x3c917b8,0
6284,0x555555567525,0x3c917b9,0
6285,0x555555567525,0x3c917ba,0
6286,0x55555556750e,0x3c917bb,0
6287,0x555555567525,0x3c917bc,0
6288,0x555555567525,0x3c917bd,0
6289,0x55555556750e,0x3c917be,0
6290,0x555555567525,0x3c917bf,0
6291,0x555555567525,0x17e7d280,0
6292,0x555555567525,0x17e7d281,0
6293,0x55555556750e,0x17e7d282,0
6294,0x555555567525,0x17e7d283,0
6295,0x55555556750e,0x17e7d284,0
6296,0x55555556750e,0x17e7d285,0
6297,0x555555567525,0x17e7d286,0
6298,0x555555567525,0x17e7d287,0
6299,0x55555556750e,0x17e7d288,0
6300,0x555555567525,0x17e7d289,0
6301,0x555555567525,0x17e7d28a,0
6302,0x555555567525,0x17e7d28b,0
6303,0x55555556750e,0x17e7d28c,0
6304,0x555555567525,0x17e7d28d,0
6305,0x55555556750e,0x17e7d28e,0
6306,0x555555567525,0x17e7d28f,0
6307,0x555555567525,0x17e7d290,0
6308,0x555555567525,0x17e7d291,0
6309,0x55555556750e,0x17e7d292,0
6310,0x55555556750e,0x17e7d293,0
6311,0x55555556750e,0x17e7d294,0
6312,0x555555567525,0x17e7d295,0
6313,0x555555567525,0x17e7d296,0
6314,0x55555556750e,0x17e7d297,0
6315,0x555555567525,0x17e7d298,0
6316,0x55555556750e,0x17e7d299,0
6317,0x55555556750e,0x17e7d29a,0
6318,0x55555556750e,0x17e7d29b,0
6319,0x555555567525,0x17e7d29c,0
6320,0x555555567525,0x17e7d29d,0
6321,0x55555556750e,0x17e7d29e,0
6322,0x555555567525,0x17e7d29f,0
6323,0x55555556750e,0x17e7d2a0,0
6324,0x55555556750e,0x17e7d2a1,0
6325,0x55555556750e,0x17e7d2a2,0
6326,0x555555567525,0x17e7d2a3,0
6327,0x555555567525,0x17e7d2a4,0
6328,0x555555567525,0x17e7d2a5,0
6329,0x55555556750e,0x17e7d2a6,0
6330,0x555555567525,0x17e7d2a7,0
6331,0x55555556750e,0x17e7d2a8,0
6332,0x55555556750e,0x17e7d2a9,0
6333,0x55555556750e,0x17e7d2aa,0
6334,0x55555556750e,0x17e7d2ab,0
6335,0x555555567525,0x17e7d2ac,0
6336,0x55555556750e,0x17e7d2ad,0
6337,0x555555567525,0x17e7d2ae,0
6338,0x55555556750e,0x17e7d2af,0
6339,0x55555556750e,0x17e7d2b0,0
6340,0x555555567525,0x17e7d2b1,0
6341,0x555555567525,0x17e7d2b2,0
6342,0x55555556750e,0x17e7d2b3,0
6343,0x555555567525,0x17e7d2b4,0
6344,0x55555556750e,0x17e7d2b5,0
6345,0x55555556750e,0x17e7d2b6,0
6346,0x55555556750e,0x17e7d2b7,0
6347,0x555555567525,0x17e7d2b8,0
6348,0x55555556750e,0x17e7d2b9,0
6349,0x555555567525,0x17e7d2ba,0
6350,0x55555556750e,0x17e7d2bb,0
6351,0x555555567525,0x17e7d2bc,0
6352,0x555555567525,0x17e7d2bd,0
6353,0x55555556750e,0x17e7d2be,0
6354,0x55555556750e,0x17e7d2bf,0
6355,0x555555567525,0x15a63780,0
6356,0x55555556750e,0x15a63781,0
6357,0x55555556750e,0x15a63782,0
6358,0x555555567525,0x15a63783,0
6359,0x555555567525,0x15a63784,0
6360,0x55555556750e,0x15a63785,0
6361,0x555555567525,0x15a63786,0
6362,0x555555567525,0x15a63787,0
6363,0x555555567525,0x15a63788,0
6364,0x55555556750e,0x15a63789,0
6365,0x555555567525,0x15a6378a,0
6366,0x55555556750e,0x15a6378b,0
6367,0x55555556750e,0x15a6378c,0
6368,0x55555556750e,0x15a6378d,0
6369,0x55555556750e,0x15a6378e,0
6370,0x55555556750e,0x15a6378f,0
6371,0x55555556750e,0x15a63790,0
6372,0x555555567525,0x15a63791,0
6373,0x555555567525,0x15a63792,0
6374,0x55555556750e,0x15a63793,0
6375,0x55555556750e,0x15a63794,0
6376,0x555555567525,0x15a63795,0
6377,0x55555556750e,0x15a63796,0
6378,0x55555556750e,0x15a63797,0
6379,0x55555556750e,0x15a63798,0
6380,0x555555567525,0x15a63799,0
6381,0x55555556750e,0x15a6379a,0
6382,0x555555567525,0x15a6379b,0
6383,0x555555567525,0x15a6379c,0
6384,0x55555556750e,0x15a6379d,0
6385,0x55555556750e,0x15a6379e,0
6386,0x55555556750e,0x15a6379f,0
6387,0x55555556750e,0x15a637a0,0
6388,0x555555567525,0x15a637a1,0
6389,0x55555556750e,0x15a637a2,0
6390,0x55555556750e,0x15a637a3,0
6391,0x55555556750e,0x15a637a4,0
6392,0x55555556750e,0x15a637a5,0
6393,0x555555567525,0x15a637a6,0
6394,0x555555567525,0x15a637a7,0
6395,0x55555556750e,0x15a637a8,0
6396,0x55555556750e,0x15a637a9,0
6397,0x555555567525,0x15a637aa,0
6398,0x555555567525,0x15a637ab,0
6399,0x555555567525,0x15a637ac,0
6400,0x55555556750e,0x15a637ad,0
6401,0x555555567525,0x15a637ae,0
6402,0x55555556750e,0x15a637af,0
6403,0x555555567525,0x15a637b0,0
6404,0x55555556750e,0x15a637b1,0
6405,0x555555567525,0x15a637b2,0
6406,0x55555556750e,0x15a637b3,0
6407,0x55555556750e,0x15a637b4,0
6408,0x55555556750e,0x15a637b5,0
6409,0x55555556750e,0x15a637b6,0
6410,0x55555556750e,0x15a637b7,0
6411,0x55555556750e,0x15a637b8,0
6412,0x55555556750e,0x15a637b9,0
6413,0x555555567525,0x15a637ba,0
6414,0x55555556750e,0x15a637bb,0
6415,0x555555567525,0x15a637bc,0
6416,0x55555556750e,0x15a637bd,0
6417,0x555555567525,0x15a637be,0
6418,0x555555567525,0x15a637bf,0
6419,0x55555556750e,0x1d0c6d40,0
6420,0x555555567525,0x1d0c6d41,0
6421,0x555555567525,0x1d0c6d42,0
6422,0x555555567525,0x1d0c6d43,0
6423,0x55555556750e,0x1d0c6d44,0
6424,0x55555556750e,0x1d0c6d45,0
6425,0x55555556750e,0x1d0c6d46,0
6426,0x55555556750e,0x1d0c6d47,0
6427,0x555555567525,0x1d0c6d48,0
6428,0x55555556750e,0x1d0c6d49,0
6429,0x555555567525,0x1d0c6d4a,0
6430,0x55555556750e,0x1d0c6d4b,0
6431,0x555555567525,0x1d0c6d4c,0
6432,0x55555556750e,0x1d0c6d4d,0
6433,0x55555556750e,0x1d0c6d4e,0
6434,0x55555556750e,0x1d0c6d4f,0
6435,0x555555567525,0x1d0c6d50,0
6436,0x555555567525,0x1d0c6d51,0
6437,0x55555556750e,0x1d0c6d52,0
6438,0x555555567525,0x1d0c6d53,0
6439,0x55555556750e,0x1d0c6d54,0
6440,0x55555556750e,0x1d0c6d55,0
6441,0x55555556750e,0x1d0c6d56,0
6442,0x55555556750e,0x1d0c6d57,0
6443,0x55555556750e,0x1d0c6d58,0
6444,0x55555556750e,0x1d0c6d59,0
6445,0x555555567525,0x1d0c6d5a,0
6446,0x55555556750e,0x1d0c6d5b,0
6447,0x555555567525,0x1d0c6d5c,0
6448,0x555555567525,0x1d0c6d5d,0
6449,0x55555556750e,0x1d0c6d5e,0
6450,0x555555567525,0x1d0c6d5f,0
6451,0x55555556750e,0x1d0c6d60,0
6452,0x55555556750e,0x1d0c6d61,0
6453,0x55555556750e,0x1d0c6d62,0
6454,0x55555556750e,0x1d0c6d63,0
6455,0x55555556750e,0x1d0c6d64,0
6456,0x55555556750e,0x1d0c6d65,0
6457,0x555555567525,0x1d0c6d66,0
6458,0x555555567525,0x1d0c6d67,0
6459,0x555555567525,0x1d0c6d68,0
6460,0x55555556750e,0x1d0c6d69,0
6461,0x555555567525,0x1d0c6d6a,0
6462,0x55555556750e,0x1d0c6d6b,0
6463,0x55555556750e,0x1d0c6d6c,0
6464,0x555555567525,0x1d0c6d6d,0
6465,0x55555556750e,0x1d0c6d6e,0
6466,0x55555556750e,0x1d0c6d6f,0
6467,0x555555567525,0x1d0c6d70,0
6468,0x55555556750e,0x1d0c6d71,0
6469,0x555555567525,0x1d0c6d72,0
6470,0x55555556750e,0x1d0c6d73,0
6471,0x555555567525,0x1d0c6d74,0
6472,0x555555567525,0x1d0c6d75,0
6473,0x55555556750e,0x1d0c6d76,0
6474,0x555555567525,0x1d0c6d77,0
6475,0x55555556750e,0x1d0c6d78,0
6476,0x555555567525,0x1d0c6d79,0
6477,0x55555556750e,0x1d0c6d7a,0
6478,0x555555567525,0x1d0c6d7b,0
6479,0x555555567525,0x1d0c6d7c,0
6480,0x555555567525,0x1d0c6d7d,0
6481,0x555555567525,0x1d0c6d7e,0
6482,0x555555567525,0x1d0c6d7f,0
6483,0x555555567525,0x1c8a8d80,0
6484,0x555555567525,0x1c8a8d81,0
6485,0x555555567525,0x1c8a8d82,0
6486,0x555555567525,0x1c8a8d83,0
6487,0x555555567525,0x1c8a8d84,0
6488,0x555555567525,0x1c8a8d85,0
6489,0x55555556750e,0x1c8a8d86,0
6490,0x555555567525,0x1c8a8d87,0
6491,0x55555556750e,0x1c8a8d88,0
6492,0x55555556750e,0x1c8a8d89,0
6493,0x55555556750e,0x1c8a8d8a,0
6494,0x55555556750e,0x1c8a8d8b,0
6495,0x555555567525,0x1c8a8d8c,0
6496,0x55555556750e,0x1c8a8d8d,0
6497,0x555555567525,0x1c8a8d8e,0
6498,0x55555556750e,0x1c8a8d8f,0
6499,0x55555556750e,0x1c8a8d90,0
6500,0x555555567525,0x1c8a8d91,0
6501,0x55555556750e,0x1c8a8d92,0
6502,0x55555556750e,0x1c8a8d93,0
6503,0x555555567525,0x1c8a8d94,0
6504,0x55555556750e,0x1c8a8d95,0
6505,0x555555567525,0x1c8a8d96,0
6506,0x55555556750e,0x1c8a8d97,0
6507,0x55555556750e,0x1c8a8d98,0
6508,0x55555556750e,0x1c8a8d99,0
6509,0x55555556750e,0x1c8a8d9a,0
6510,0x55555556750e,0x1c8a8d9b,0
6511,0x555555567525,0x1c8a8d9c,0
6512,0x55555556750e,0x1c8a8d9d,0
6513,0x55555556750e,0x1c8a8d9e,0
6514,0x55555556750e,0x1c8a8d9f,0
6515,0x55555556750e,0x1c8a8da0,0
6516,0x55555556750e,0x1c8a8da1,0
6517,0x555555567525,0x1c8a8da2,0
6518,0x55555556750e,0x1c8a8da3,0
6519,0x555555567525,0x1c8a8da4,0
6520,0x55555556750e,0x1c8a8da5,0
6521,0x555555567525,0x1c8a8da6,0
6522,0x55555556750e,0x1c8a8da7,0
6523,0x555555567525,0x1c8a8da8,0
6524,0x55555556750e,0x1c8a8da9,0
6525,0x55555556750e,0x1c8a8daa,0
6526,0x55555556750e,0x1c8a8dab,0
6527,0x555555567525,0x1c8a8dac,0
6528,0x555555567525,0x1c8a8dad,0
6529,0x55555556750e,0x1c8a8dae,0
6530,0x555555567525,0x1c8a8daf,0
6531,0x55555556750e,0x1c8a8db0,0
6532,0x555555567525,0x1c8a8db1,0
6533,0x55555556750e,0x1c8a8db2,0
6534,0x555555567525,0x1c8a8db3,0
6535,0x55555556750e,0x1c8a8db4,0
6536,0x555555567525,0x1c8a8db5,0
6537,0x55555556750e,0x1c8a8db6,0
6538,0x555555567525,0x1c8a8db7,0
6539,0x55555556750e,0x1c8a8db8,0
6540,0x55555556750e,0x1c8a8db9,0
6541,0x55555556750e,0x1c8a8dba,0
6542,0x55555556750e,0x1c8a8dbb,0
6543,0x555555567525,0x1c8a8dbc,0
6544,0x555555567525,0x1c8a8dbd,0
6545,0x55555556750e,0x1c8a8dbe,0
6546,0x555555567525,0x1c8a8dbf,0
6547,0x555555567525,0xd3ea7c0,0
6548,0x555555567525,0xd3ea7c1,0
6549,0x55555556750e,0xd3ea7c2,0
6550,0x555555567525,0xd3ea7c3,0
6551,0x55555556750e,0xd3ea7c4,0
6552,0x55555556750e,0xd3ea7c5,0
6553,0x55555556750e,0xd3ea7c6,0
6554,0x55555556750e,0xd3ea7c7,0
6555,0x55555556750e,0xd3ea7c8,0
6556,0x55555556750e,0xd3ea7c9,0
6557,0x555555567525,0xd3ea7ca,0
6558,0x55555556750e,0xd3ea7cb,0
6559,0x555555567525,0xd3ea7cc,0
6560,0x555555567525,0xd3ea7cd,0
6561,0x555555567525,0xd3ea7ce,0
6562,0x55555556750e,0xd3ea7cf,0
6563,0x555555567525,0xd3ea7d0,0
6564,0x555555567525,0xd3ea7d1,0
6565,0x55555556750e,0xd3ea7d2,0
6566,0x55555556750e,0xd3ea7d3,0
6567,0x55555556750e,0xd3ea7d4,0
6568,0x55555556750e,0xd3ea7d5,0
6569,0x555555567525,0xd3ea7d6,0
6570,0x55555556750e,0xd3ea7d7,0
6571,0x555555567525,0xd3ea7d8,0
6572,0x55555556750e,0xd3ea7d9,0
6573,0x55555556750e,0xd3ea7da,0
6574,0x55555556750e,0xd3ea7db,0
6575,0x555555567525,0xd3ea7dc,0
6576,0x555555567525,0xd3ea7dd,0
6577,0x55555556750e,0xd3ea7de,0
6578,0x555555567525,0xd3ea7df,0
6579,0x55555556750e,0xd3ea7e0,0
6580,0x555555567525,0xd3ea7e1,0
6581,0x55555556750e,0xd3ea7e2,0
6582,0x55555556750e,0xd3ea7e3,0
6583,0x55555556750e,0xd3ea7e4,0
6584,0x55555556750e,0xd3ea7e5,0
6585,0x555555567525,0xd3ea7e6,0
6586,0x55555556750e,0xd3ea7e7,0
6587,0x55555556750e,0xd3ea7e8,0
6588,0x55555556750e,0xd3ea7e9,0
6589,0x55555556750e,0xd3ea7ea,0
6590,0x55555556750e,0xd3ea7eb,0
6591,0x555555567525,0xd3ea7ec,0
6592,0x55555556750e,0xd3ea7ed,0
6593,0x555555567525,0xd3ea7ee,0
6594,0x555555567525,0xd3ea7ef,0
6595,0x555555567525,0xd3ea7f0,0
6596,0x55555556750e,0xd3ea7f1,0
6597,0x555555567525,0xd3ea7f2,0
6598,0x555555567525,0xd3ea7f3,0
6599,0x55555556750e,0xd3ea7f4,0
6600,0x55555556750e,0xd3ea7f5,0
6601,0x555555567525,0xd3ea7f6,0
6602,0x55555556750e,0xd3ea7f7,0
6603,0x55555556750e,0xd3ea7f8,0
6604,0x55555556750e,0xd3ea7f9,0
6605,0x55555556750e,0xd3ea7fa,0
6606,0x55555556750e,0xd3ea7fb,0
6607,0x555555567525,0xd3ea7fc,0
6608,0x555555567525,0xd3ea7fd,0
6609,0x555555567525,0xd3ea7fe,0
6610,0x555555567525,0xd3ea7ff,0
6611,0x55555556750e,0x1e72fc80,0
6612,0x555555567525,0x1e72fc81,0
6613,0x55555556750e,0x1e72fc82,0
6614,0x555555567525,0x1e72fc83,0
6615,0x55555556750e,0x1e72fc84,0
6616,0x555555567525,0x1e72fc85,0
6617,0x55555556750e,0x1e72fc86,0
6618,0x55555556750e,0x1e72fc87,0
6619,0x55555556750e,0x1e72fc88,0
6620,0x55555556750e,0x1e72fc89,0
6621,0x55555556750e,0x1e72fc8a,0
6622,0x55555556750e,0x1e72fc8b,0
6623,0x55555556750e,0x1e72fc8c,0
6624,0x555555567525,0x1e72fc8d,0
6625,0x55555556750e,0x1e72fc8e,0
6626,0x55555556750e,0x1e72fc8f,0
6627,0x555555567525,0x1e72fc90,0
6628,0x555555567525,0x1e72fc91,0
6629,0x555555567525,0x1e72fc92,0
6630,0x55555556750e,0x1e72fc93,0
6631,0x555555567525,0x1e72fc94,0
6632,0x55555556750e,0x1e72fc95,0
6633,0x55555556750e,0x1e72fc96,0
6634,0x555555567525,0x1e72fc97,0
6635,0x555555567525,0x1e72fc98,0
6636,0x55555556750e,0x1e72fc99,0
6637,0x555555567525,0x1e72fc9a,0
6638,0x55555556750e,0x1e72fc9b,0
6639,0x55555556750e,0x1e72fc9c,0
6640,0x55555556750e,0x1e72fc9d,0
6641,0x55555556750e,0x1e72fc9e,0
6642,0x55555556750e,0x1e72fc9f,0
6643,0x55555556750e,0x1e72fca0,0
6644,0x55555556750e,0x1e72fca1,0
6645,0x55555556750e,0x1e72fca2,0
6646,0x555555567525,0x1e72fca3,0
6647,0x55555556750e,0x1e72fca4,0
6648,0x555555567525,0x1e72fca5,0
6649,0x55555556750e,0x1e72fca6,0
6650,0x55555556750e,0x1e72fca7,0
6651,0x55555556750e,0x1e72fca8,0
6652,0x555555567525,0x1e72fca9,0
6653,0x55555556750e,0x1e72fcaa,0
6654,0x55555556750e,0x1e72fcab,0
6655,0x555555567525,0x1e72fcac,0
6656,0x55555556750e,0x1e72fcad,0
6657,0x55555556750e,0x1e72fcae,0
6658,0x555555567525,0x1e72fcaf,0
6659,0x55555556750e,0x1e72fcb0,0
6660,0x555555567525,0x1e72fcb1,0
6661,0x55555556750e,0x1e72fcb2,0
6662,0x555555567525,0x1e72fcb3,0
6663,0x55555556750e,0x1e72fcb4,0
6664,0x55555556750e,0x1e72fcb5,0
6665,0x55555556750e,0x1e72fcb6,0
6666,0x555555567525,0x1e72fcb7,0
6667,0x55555556750e,0x1e72fcb8,0
6668,0x555555567525,0x1e72fcb9,0
6669,0x555555567525,0x1e72fcba,0
6670,0x55555556750e,0x1e72fcbb,0
6671,0x555555567525,0x1e72fcbc,0
6672,0x55555556750e,0x1e72fcbd,0
6673,0x55555556750e,0x1e72fcbe,0
6674,0x55555556750e,0x1e72fcbf,0
6675,0x555555567525,0x367e5a80,0
6676,0x555555567525,0x367e5a81,0
6677,0x55555556750e,0x367e5a82,0
6678,0x555555567525,0x367e5a83,0
6679,0x55555556750e,0x367e5a84,0
6680,0x555555567525,0x367e5a85,0
6681,0x555555567525,0x367e5a86,0
6682,0x555555567525,0x367e5a87,0
6683,0x55555556750e,0x367e5a88,0
6684,0x55555556750e,0x367e5a89,0
6685,0x555555567525,0x367e5a8a,0
6686,0x55555556750e,0x367e5a8b,0
6687,0x555555567525,0x367e5a8c,0
6688,0x55555556750e,0x367e5a8d,0
6689,0x555555567525,0x367e5a8e,0
6690,0x55555556750e,0x367e5a8f,0
6691,0x55555556750e,0x367e5a90,0
6692,0x555555567525,0x367e5a91,0
6693,0x55555556750e,0x367e5a92,0
6694,0x555555567525,0x367e5a93,0
6695,0x555555567525,0x367e5a94,0
6696,0x555555567525,0x367e5a95,0
6697,0x55555556750e,0x367e5a96,0
6698,0x555555567525,0x367e5a97,0
6699,0x555555567525,0x367e5a98,0
6700,0x55555556750e,0x367e5a99,0
6701,0x555555567525,0x367e5a9a,0
6702,0x55555556750e,0x367e5a9b,0
6703,0x55555556750e,0x367e5a9c,0
6704,0x555555567525,0x367e5a9d,0
6705,0x555555567525,0x367e5a9e,0
6706,0x55555556750e,0x367e5a9f,0
6707,0x55555556750e,0x367e5aa0,0
6708,0x555555567525,0x367e5aa1,0
6709,0x555555567525,0x367e5aa2,0
6710,0x555555567525,0x367e5aa3,0
6711,0x555555567525,0x367e5aa4,0
6712,0x555555567525,0x367e5aa5,0
6713,0x55555556750e,0x367e5aa6,0
6714,0x555555567525,0x367e5aa7,0
6715,0x555555567525,0x367e5aa8,0
6716,0x55555556750e,0x367e5aa9,0
6717,0x555555567525,0x367e5aaa,0
6718,0x55555556750e,0x367e5aab,0
6719,0x555555567525,0x367e5aac,0
6720,0x555555567525,0x367e5aad,0
6721,0x55555556750e,0x367e5aae,0
6722,0x555555567525,0x367e5aaf,0
6723,0x55555556750e,0x367e5ab0,0
6724,0x555555567525,0x367e5ab1,0
6725,0x555555567525,0x367e5ab2,0
6726,0x55555556750e,0x367e5ab3,0
6727,0x555555567525,0x367e5ab4,0
6728,0x55555556750e,0x367e5ab5,0
6729,0x55555556750e,0x367e5ab6,0
6730,0x55555556750e,0x367e5ab7,0
6731,0x555555567525,0x367e5ab8,0
6732,0x55555556750e,0x367e5ab9,0
6733,0x555555567525,0x367e5aba,0
6734,0x55555556750e,0x367e5abb,0
6735,0x555555567525,0x367e5abc,0
6736,0x555555567525,0x367e5abd,0
6737,0x55555556750e,0x367e5abe,0
6738,0x55555556750e,0x367e5abf,0
6739,0x555555567525,0x14bcd40,0
6740,0x55555556750e,0x14bcd41,0
6741,0x555555567525,0x14bcd42,0
6742,0x55555556750e,0x14bcd43,0
6743,0x555555567525,0x14bcd44,0
6744,0x55555556750e,0x14bcd45,0
6745,0x555555567525,0x14bcd46,0
6746,0x55555556750e,0x14bcd47,0
6747,0x555555567525,0x14bcd48,0
6748,0x55555556750e,0x14bcd49,0
6749,0x555555567525,0x14bcd4a,0
6750,0x55555556750e,0x14bcd4b,0
6751,0x55555556750e,0x14bcd4c,0
6752,0x55555556750e,0x14bcd4d,0
6753,0x555555567525,0x14bcd4e,0
6754,0x55555556750e,0x14bcd4f,0
6755,0x55555556750e,0x14bcd50,0
6756,0x555555567525,0x14bcd51,0
6757,0x555555567525,0x14bcd52,0
6758,0x55555556750e,0x14bcd53,0
6759,0x555555567525,0x14bcd54,0
6760,0x55555556750e,0x14bcd55,0
6761,0x555555567525,0x14bcd56,0
6762,0x55555556750e,0x14bcd57,0
6763,0x55555556750e,0x14bcd58,0
6764,0x55555556750e,0x14bcd59,0
6765,0x55555556750e,0x14bcd5a,0
6766,0x55555556750e,0x14bcd5b,0
6767,0x555555567525,0x14bcd5c,0
6768,0x55555556750e,0x14bcd5d,0
6769,0x55555556750e,0x14bcd5e,0
6770,0x55555556750e,0x14bcd5f,0
6771,0x55555556750e,0x14bcd60,0
6772,0x555555567525,0x14bcd61,0
6773,0x55555556750e,0x14bcd62,0
6774,0x55555556750e,0x14bcd63,0
6775,0x55555556750e,0x14bcd64,0
6776,0x55555556750e,0x14bcd65,0
6777,0x555555567525,0x14bcd66,0
6778,0x55555556750e,0x14bcd67,0
6779,0x555555567525,0x14bcd68,0
6780,0x55555556750e,0x14bcd69,0
6781,0x55555556750e,0x14bcd6a,0
6782,0x55555556750e,0x14bcd6b,0
6783,0x55555556750e,0x14bcd6c,0
6784,0x55555556750e,0x14bcd6d,0
6785,0x55555556750e,0x14bcd6e,0
6786,0x555555567525,0x14bcd6f,0
6787,0x555555567525,0x14bcd70,0
6788,0x555555567525,0x14bcd71,0
6789,0x55555556750e,0x14bcd72,0
6790,0x555555567525,0x14bcd73,0
6791,0x55555556750e,0x14bcd74,0
6792,0x55555556750e,0x14bcd75,0
6793,0x55555556750e,0x14bcd76,0
6794,0x55555556750e,0x14bcd77,0
6795,0x55555556750e,0x14bcd78,0
6796,0x55555556750e,0x14bcd79,0
6797,0x555555567525,0x14bcd7a,0
6798,0x55555556750e,0x14bcd7b,0
6799,0x555555567525,0x14bcd7c,0
6800,0x555555567525,0x14bcd7d,0
6801,0x55555556750e,0x14bcd7e,0
6802,0x555555567525,0x14bcd7f,0
6803,0x55555556750e,0x1350e4c0,0
6804,0x555555567525,0x1350e4c1,0
6805,0x55555556750e,0x1350e4c2,0
6806,0x55555556750e,0x1350e4c3,0
6807,0x555555567525,0x1350e4c4,0
6808,0x55555556750e,0x1350e4c5,0
6809,0x555555567525,0x1350e4c6,0
6810,0x555555567525,0x1350e4c7,0
6811,0x555555567525,0x1350e4c8,0
6812,0x55555556750e,0x1350e4c9,0
6813,0x555555567525,0x1350e4ca,0
6814,0x55555556750e,0x1350e4cb,0
6815,0x555555567525,0x1350e4cc,0
6816,0x55555556750e,0x1350e4cd,0
6817,0x55555556750e,0x1350e4ce,0
6818,0x555555567525,0x1350e4cf,0
6819,0x55555556750e,0x1350e4d0,0
6820,0x555555567525,0x1350e4d1,0
6821,0x55555556750e,0x1350e4d2,0
6822,0x55555556750e,0x1350e4d3,0
6823,0x55555556750e,0x1350e4d4,0
6824,0x55555556750e,0x1350e4d5,0
6825,0x55555556750e,0x1350e4d6,0
6826,0x555555567525,0x1350e4d7,0
6827,0x55555556750e,0x1350e4d8,0
6828,0x55555556750e,0x1350e4d9,0
6829,0x55555556750e,0x1350e4da,0
6830,0x55555556750e,0x1350e4db,0
6831,0x555555567525,0x1350e4dc,0
6832,0x555555567525,0x1350e4dd,0
6833,0x55555556750e,0x1350e4de,0
6834,0x555555567525,0x1350e4df,0
6835,0x55555556750e,0x1350e4e0,0
6836,0x55555556750e,0x1350e4e1,0
6837,0x55555556750e,0x1350e4e2,0
6838,0x55555556750e,0x1350e4e3,0
6839,0x555555567525,0x1350e4e4,0
6840,0x55555556750e,0x1350e4e5,0
6841,0x55555556750e,0x1350e4e6,0
6842,0x555555567525,0x1350e4e7,0
6843,0x55555556750e,0x1350e4e8,0
6844,0x555555567525,0x1350e4e9,0
6845,0x55555556750e,0x1350e4ea,0
6846,0x555555567525,0x1350e4eb,0
6847,0x555555567525,0x1350e4ec,0
6848,0x555555567525,0x1350e4ed,0
6849,0x55555556750e,0x1350e4ee,0
6850,0x555555567525,0x1350e4ef,0
6851,0x55555556750e,0x1350e4f0,0
6852,0x555555567525,0x1350e4f1,0
6853,0x55555556750e,0x1350e4f2,0
6854,0x555555567525,0x1350e4f3,0
6855,0x55555556750e,0x1350e4f4,0
6856,0x55555556750e,0x1350e4f5,0
6857,0x55555556750e,0x1350e4f6,0
6858,0x55555556750e,0x1350e4f7,0
6859,0x555555567525,0x1350e4f8,0
6860,0x55555556750e,0x1350e4f9,0
6861,0x555555567525,0x1350e4fa,0
6862,0x55555556750e,0x1350e4fb,0
6863,0x55555556750e,0x1350e4fc,0
6864,0x55555556750e,0x1350e4fd,0
6865,0x555555567525,0x1350e4fe,0
6866,0x55555556750e,0x1350e4ff,0
6867,0x555555567525,0x3a5c3980,0
6868,0x555555567525,0x3a5c3981,0
6869,0x55555556750e,0x3a5c3982,0
6870,0x555555567525,0x3a5c3983,0
6871,0x55555556750e,0x3a5c3984,0
6872,0x55555556750e,0x3a5c3985,0
6873,0x555555567525,0x3a5c3986,0
6874,0x555555567525,0x3a5c3987,0
6875,0x55555556750e,0x3a5c3988,0
6876,0x55555556750e,0x3a5c3989,0
6877,0x55555556750e,0x3a5c398a,0
6878,0x55555556750e,0x3a5c398b,0
6879,0x55555556750e,0x3a5c398c,0
6880,0x55555556750e,0x3a5c398d,0
6881,0x555555567525,0x3a5c398e,0
6882,0x55555556750e,0x3a5c398f,0
6883,0x55555556750e,0x3a5c3990,0
6884,0x555555567525,0x3a5c3991,0
6885,0x555555567525,0x3a5c3992,0
6886,0x555555567525,0x3a5c3993,0
6887,0x555555567525,0x3a5c3994,0
6888,0x55555556750e,0x3a5c3995,0
6889,0x55555556750e,0x3a5c3996,0
6890,0x55555556750e,0x3a5c3997,0
6891,0x555555567525,0x3a5c3998,0
6892,0x55555556750e,0x3a5c3999,0
6893,0x555555567525,0x3a5c399a,0
6894,0x55555556750e,0x3a5c399b,0
6895,0x555555567525,0x3a5c399c,0
6896,0x555555567525,0x3a5c399d,0
6897,0x55555556750e,0x3a5c399e,0
6898,0x555555567525,0x3a5c399f,0
6899,0x55555556750e,0x3a5c39a0,0
6900,0x55555556750e,0x3a5c39a1,0
6901,0x55555556750e,0x3a5c39a2,0
6902,0x55555556750e,0x3a5c39a3,0
6903,0x555555567525,0x3a5c39a4,0
6904,0x55555556750e,0x3a5c39a5,0
6905,0x555555567525,0x3a5c39a6,0
6906,0x55555556750e,0x3a5c39a7,0
6907,0x555555567525,0x3a5c39a8,0
6908,0x55555556750e,0x3a5c39a9,0
6909,0x555555567525,0x3a5c39aa,0
6910,0x55555556750e,0x3a5c39ab,0
6911,0x55555556750e,0x3a5c39ac,0
6912,0x55555556750e,0x3a5c39ad,0
6913,0x55555556750e,0x3a5c39ae,0
6914,0x55555556750e,0x3a5c39af,0
6915,0x55555556750e,0x3a5c39b0,0
6916,0x55555556750e,0x3a5c39b1,0
6917,0x55555556750e,0x3a5c39b2,0
6918,0x55555556750e,0x3a5c39b3,0
6919,0x555555567525,0x3a5c39b4,0
6920,0x555555567525,0x3a5c39b5,0
6921,0x555555567525,0x3a5c39b6,0
6922,0x55555556750e,0x3a5c39b7,0
6923,0x555555567525,0x3a5c39b8,0
6924,0x55555556750e,0x3a5c39b9,0
6925,0x555555567525,0x3a5c39ba,0
6926,0x55555556750e,0x3a5c39bb,0
6927,0x555555567525,0x3a5c39bc,0
6928,0x555555567525,0x3a5c39bd,0
6929,0x55555556750e,0x3a5c39be,0
6930,0x555555567525,0x3a5c39bf,0
6931,0x55555556750e,0x2073f500,0
6932,0x55555556750e,0x2073f501,0
6933,0x55555556750e,0x2073f502,0
6934,0x555555567525,0x2073f503,0
6935,0x55555556750e,0x2073f504,0
6936,0x555555567525,0x2073f505,0
6937,0x555555567525,0x2073f506,0
6938,0x555555567525,0x2073f507,0
6939,0x55555556750e,0x2073f508,0
6940,0x555555567525,0x2073f509,0
6941,0x55555556750e,0x2073f50a,0
6942,0x55555556750e,0x2073f50b,0
6943,0x55555556750e,0x2073f50c,0
6944,0x55555556750e,0x2073f50d,0
6945,0x55555556750e,0x2073f50e,0
6946,0x555555567525,0x2073f50f,0
6947,0x55555556750e,0x2073f510,0
6948,0x555555567525,0x2073f511,0
6949,0x555555567525,0x2073f512,0
6950,0x55555556750e,0x2073f513,0
6951,0x55555556750e,0x2073f514,0
6952,0x55555556750e,0x2073f515,0
6953,0x55555556750e,0x2073f516,0
6954,0x555555567525,0x2073f517,0
6955,0x55555556750e,0x2073f518,0
6956,0x555555567525,0x2073f519,0
6957,0x55555556750e,0x2073f51a,0
6958,0x555555567525,0x2073f51b,0
6959,0x555555567525,0x2073f51c,0
6960,0x555555567525,0x2073f51d,0
6961,0x555555567525,0x2073f51e,0
6962,0x55555556750e,0x2073f51f,0
6963,0x555555567525,0x2073f520,0
6964,0x55555556750e,0x2073f521,0
6965,0x55555556750e,0x2073f522,0
6966,0x55555556750e,0x2073f523,0
6967,0x55555556750e,0x2073f524,0
6968,0x555555567525,0x2073f525,0
6969,0x555555567525,0x2073f526,0
6970,0x555555567525,0x2073f527,0
6971,0x555555567525,0x2073f528,0
6972,0x55555556750e,0x2073f529,0
6973,0x555555567525,0x2073f52a,0
6974,0x555555567525,0x2073f52b,0
6975,0x555555567525,0x2073f52c,0
6976,0x55555556750e,0x2073f52d,0
6977,0x555555567525,0x2073f52e,0
6978,0x55555556750e,0x2073f52f,0
6979,0x55555556750e,0x2073f530,0
6980,0x55555556750e,0x2073f531,0
6981,0x55555556750e,0x2073f532,0
6982,0x555555567525,0x2073f533,0
6983,0x555555567525,0x2073f534,0
6984,0x55555556750e,0x2073f535,0
6985,0x555555567525,0x2073f536,0
6986,0x55555556750e,0x2073f537,0
6987,0x555555567525,0x2073f538,0
6988,0x55555556750e,0x2073f539,0
6989,0x55555556750e,0x2073f53a,0
6990,0x55555556750e,0x2073f53b,0
6991,0x55555556750e,0x2073f53c,0
6992,0x55555556750e,0x2073f53d,0
6993,0x555555567525,0x2073f53e,0
6994,0x55555556750e,0x2073f53f,0
6995,0x555555567525,0x9b75180,0
6996,0x55555556750e,0x9b75181,0
6997,0x55555556750e,0x9b75182,0
6998,0x555555567525,0x9b75183,0
6999,0x55555556750e,0x9b75184,0
7000,0x55555556750e,0x9b75185,0
7001,0x555555567525,0x9b75186,0
7002,0x555555567525,0x9b75187,0
7003,0x55555556750e,0x9b75188,0
7004,0x555555567525,0x9b75189,0
7005,0x55555556750e,0x9b7518a,0
7006,0x555555567525,0x9b7518b,0
7007,0x55555556750e,0x9b7518c,0
7008,0x55555556750e,0x9b7518d,0
7009,0x555555567525,0x9b7518e,0
7010,0x55555556750e,0x9b7518f,0
7011,0x555555567525,0x9b75190,0
7012,0x555555567525,0x9b75191,0
7013,0x555555567525,0x9b75192,0
7014,0x55555556750e,0x9b75193,0
7015,0x555555567525,0x9b75194,0
7016,0x55555556750e,0x9b75195,0
7017,0x555555567525,0x9b75196,0
7018,0x55555556750e,0x9b75197,0
7019,0x555555567525,0x9b75198,0
7020,0x55555556750e,0x9b75199,0
7021,0x555555567525,0x9b7519a,0
7022,0x555555567525,0x9b7519b,0
7023,0x555555567525,0x9b7519c,0
7024,0x55555556750e,0x9b7519d,0
7025,0x55555556750e,0x9b7519e,0
7026,0x555555567525,0x9b7519f,0
7027,0x555555567525,0x9b751a0,0
7028,0x55555556750e,0x9b751a1,0
7029,0x555555567525,0x9b751a2,0
7030,0x55555556750e,0x9b751a3,0
7031,0x55555556750e,0x9b751a4,0
7032,0x555555567525,0x9b751a5,0
7033,0x55555556750e,0x9b751a6,0
7034,0x555555567525,0x9b751a7,0
7035,0x55555556750e,0x9b751a8,0
7036,0x555555567525,0x9b751a9,0
7037,0x55555556750e,0x9b751aa,0
7038,0x555555567525,0x9b751ab,0
7039,0x55555556750e,0x9b751ac,0
7040,0x555555567525,0x9b751ad,0
7041,0x55555556750e,0x9b751ae,0
7042,0x555555567525,0x9b751af,0
7043,0x55555556750e,0x9b751b0,0
7044,0x555555567525,0x9b751b1,0
7045,0x555555567525,0x9b751b2,0
7046,0x55555556750e,0x9b751b3,0
7047,0x555555567525,0x9b751b4,0
7048,0x555555567525,0x9b751b5,0
7049,0x555555567525,0x9b751b6,0
7050,0x55555556750e,0x9b751b7,0
7051,0x55555556750e,0x9b751b8,0
7052,0x55555556750e,0x9b751b9,0
7053,0x55555556750e,0x9b751ba,0
7054,0x555555567525,0x9b751bb,0
7055,0x555555567525,0x9b751bc,0
7056,0x555555567525,0x9b751bd,0
7057,0x55555556750e,0x9b751be,0
7058,0x555555567525,0x9b751bf,0
7059,0x555555567525,0x3c18340,0
7060,0x555555567525,0x3c18341,0
7061,0x55555556750e,0x3c18342,0
7062,0x55555556750e,0x3c18343,0
7063,0x55555556750e,0x3c18344,0
7064,0x555555567525,0x3c18345,0
7065,0x55555556750e,0x3c18346,0
7066,0x555555567525,0x3c18347,0
7067,0x555555567525,0x3c18348,0
7068,0x55555556750e,0x3c18349,0
7069,0x55555556750e,0x3c1834a,0
7070,0x555555567525,0x3c1834b,0
7071,0x55555556750e,0x3c1834c,0
7072,0x55555556750e,0x3c1834d,0
7073,0x555555567525,0x3c1834e,0
7074,0x55555556750e,0x3c1834f,0
7075,0x555555567525,0x3c18350,0
7076,0x555555567525,0x3c18351,0
7077,0x55555556750e,0x3c18352,0
7078,0x55555556750e,0x3c18353,0
7079,0x55555556750e,0x3c18354,0
7080,0x555555567525,0x3c18355,0
7081,0x55555556750e,0x3c18356,0
7082,0x555555567525,0x3c18357,0
7083,0x555555567525,0x3c18358,0
7084,0x55555556750e,0x3c18359,0
7085,0x555555567525,0x3c1835a,0
7086,0x55555556750e,0x3c1835b,0
7087,0x555555567525,0x3c1835c,0
7088,0x55555556750e,0x3c1835d,0
7089,0x555555567525,0x3c1835e,0
7090,0x55555556750e,0x3c1835f,0
7091,0x55555556750e,0x3c18360,0
7092,0x555555567525,0x3c18361,0
7093,0x555555567525,0x3c18362,0
7094,0x555555567525,0x3c18363,0
7095,0x55555556750e,0x3c18364,0
7096,0x555555567525,0x3c18365,0
7097,0x555555567525,0x3c18366,0
7098,0x555555567525,0x3c18367,0
7099,0x55555556750e,0x3c18368,0
7100,0x55555556750e,0x3c18369,0
7101,0x55555556750e,0x3c1836a,0
7102,0x555555567525,0x3c1836b,0
7103,0x55555556750e,0x3c1836c,0
7104,0x555555567525,0x3c1836d,0
7105,0x555555567525,0x3c1836e,0
7106,0x55555556750e,0x3c1836f,0
7107,0x55555556750e,0x3c18370,0
7108,0x555555567525,0x3c18371,0
7109,0x55555556750e,0x3c18372,0
7110,0x55555556750e,0x3c18373,0
7111,0x55555556750e,0x3c18374,0
7112,0x55555556750e,0x3c18375,0
7113,0x555555567525,0x3c18376,0
7114,0x555555567525,0x3c18377,0
7115,0x55555556750e,0x3c18378,0
7116,0x555555567525,0x3c18379,0
7117,0x55555556750e,0x3c1837a,0
7118,0x55555556750e,0x3c1837b,0
7119,0x555555567525,0x3c1837c,0
7120,0x55555556750e,0x3c1837d,0
7121,0x555555567525,0x3c1837e,0
7122,0x55555556750e,0x3c1837f,0
7123,0x55555556750e,0x1ec96180,0
7124,0x55555556750e,0x1ec96181,0
7125,0x555555567525,0x1ec96182,0
7126,0x555555567525,0x1ec96183,0
7127,0x555555567525,0x1ec96184,0
7128,0x55555556750e,0x1ec96185,0
7129,0x555555567525,0x1ec96186,0
7130,0x555555567525,0x1ec96187,0
7131,0x55555556750e,0x1ec96188,0
7132,0x555555567525,0x1ec96189,0
7133,0x55555556750e,0x1ec9618a,0
7134,0x555555567525,0x1ec9618b,0
7135,0x555555567525,0x1ec9618c,0
7136,0x555555567525,0x1ec9618d,0
7137,0x55555556750e,0x1ec9618e,0
7138,0x555555567525,0x1ec9618f,0
7139,0x55555556750e,0x1ec96190,0
7140,0x555555567525,0x1ec96191,0
7141,0x555555567525,0x1ec96192,0
7142,0x55555556750e,0x1ec96193,0
7143,0x55555556750e,0x1ec96194,0
7144,0x555555567525,0x1ec96195,0
7145,0x555555567525,0x1ec96196,0
7146,0x55555556750e,0x1ec96197,0
7147,0x555555567525,0x1ec96198,0
7148,0x55555556750e,0x1ec96199,0
7149,0x55555556750e,0x1ec9619a,0
7150,0x55555556750e,0x1ec9619b,0
7151,0x55555556750e,0x1ec9619c,0
7152,0x555555567525,0x1ec9619d,0
7153,0x555555567525,0x1ec9619e,0
7154,0x55555556750e,0x1ec9619f,0
7155,0x55555556750e,0x1ec961a0,0
7156,0x55555556750e,0x1ec961a1,0
7157,0x555555567525,0x1ec961a2,0
7158,0x55555556750e,0x1ec961a3,0
7159,0x55555556750e,0x1ec961a4,0
7160,0x555555567525,0x1ec961a5,0
7161,0x55555556750e,0x1ec961a6,0
7162,0x555555567525,0x1ec961a7,0
7163,0x55555556750e,0x1ec961a8,0
7164,0x55555556750e,0x1ec961a9,0
7165,0x55555556750e,0x1ec961aa,0
7166,0x555555567525,0x1ec961ab,0
7167,0x55555556750e,0x1ec961ac,0
7168,0x555555567525,0x1ec961ad,0
7169,0x55555556750e,0x1ec961ae,0
7170,0x55555556750e,0x1ec961af,0
7171,0x55555556750e,0x1ec961b0,0
7172,0x555555567525,0x1ec961b1,0
7173,0x555555567525,0x1ec961b2,0
7174,0x55555556750e,0x1ec961b3,0
7175,0x555555567525,0x1ec961b4,0
7176,0x55555556750e,0x1ec961b5,0
7177,0x555555567525,0x1ec961b6,0
7178,0x55555556750e,0x1ec961b7,0
7179,0x55555556750e,0x1ec961b8,0
7180,0x55555556750e,0x1ec961b9,0
7181,0x55555556750e,0x1ec961ba,0
7182,0x555555567525,0x1ec961bb,0
7183,0x55555556750e,0x1ec961bc,0
7184,0x555555567525,0x1ec961bd,0
7185,0x555555567525,0x1ec961be,0
7186,0x55555556750e,0x1ec961bf,0
7187,0x55555556750e,0x24948d80,0
7188,0x555555567525,0x24948d81,0
7189,0x55555556750e,0x24948d82,0
7190,0x555555567525,0x24948d83,0
7191,0x55555556750e,0x24948d84,0
7192,0x555555567525,0x24948d85,0
7193,0x55555556750e,0x24948d86,0
7194,0x55555556750e,0x24948d87,0
7195,0x55555556750e,0x24948d88,0
7196,0x55555556750e,0x24948d89,0
7197,0x555555567525,0x24948d8a,0
7198,0x55555556750e,0x24948d8b,0
7199,0x55555556750e,0x24948d8c,0
7200,0x55555556750e,0x24948d8d,0
7201,0x555555567525,0x24948d8e,0
7202,0x55555556750e,0x24948d8f,0
7203,0x555555567525,0x24948d90,0
7204,0x55555556750e,0x24948d91,0
7205,0x555555567525,0x24948d92,0
7206,0x555555567525,0x24948d93,0
7207,0x55555556750e,0x24948d94,0
7208,0x555555567525,0x24948d95,0
7209,0x55555556750e,0x24948d96,0
7210,0x55555556750e,0x24948d97,0
7211,0x55555556750e,0x24948d98,0
7212,0x55555556750e,0x24948d99,0
7213,0x55555556750e,0x24948d9a,0
7214,0x55555556750e,0x24948d9b,0
7215,0x555555567525,0x24948d9c,0
7216,0x555555567525,0x24948d9d,0
7217,0x55555556750e,0x24948d9e,0
7218,0x555555567525,0x24948d9f,0
7219,0x55555556750e,0x24948da0,0
7220,0x555555567525,0x24948da1,0
7221,0x55555556750e,0x24948da2,0
7222,0x55555556750e,0x24948da3,0
7223,0x55555556750e,0x24948da4,0
7224,0x55555556750e,0x24948da5,0
7225,0x55555556750e,0x24948da6,0
7226,0x55555556750e,0x24948da7,0
7227,0x555555567525,0x24948da8,0
7228,0x55555556750e,0x24948da9,0
7229,0x555555567525,0x24948daa,0
7230,0x55555556750e,0x24948dab,0
7231,0x55555556750e,0x24948dac,0
7232,0x55555556750e,0x24948dad,0
7233,0x555555567525,0x24948dae,0
7234,0x555555567525,0x24948daf,0
7235,0x555555567525,0x24948db0,0
7236,0x55555556750e,0x24948db1,0
7237,0x555555567525,0x24948db2,0
7238,0x555555567525,0x24948db3,0
7239,0x55555556750e,0x24948db4,0
7240,0x55555556750e,0x24948db5,0
7241,0x555555567525,0x24948db6,0
7242,0x55555556750e,0x24948db7,0
7243,0x555555567525,0x24948db8,0
7244,0x55555556750e,0x24948db9,0
7245,0x555555567525,0x24948dba,0
7246,0x55555556750e,0x24948dbb,0
7247,0x555555567525,0x24948dbc,0
7248,0x55555556750e,0x24948dbd,0
7249,0x55555556750e,0x24948dbe,0
7250,0x55555556750e,0x24948dbf,0
7251,0x555555567525,0x44357c0,0
7252,0x55555556750e,0x44357c1,0
7253,0x55555556750e,0x44357c2,0
7254,0x55555556750e,0x44357c3,0
7255,0x55555556750e,0x44357c4,0
7256,0x55555556750e,0x44357c5,0
7257,0x555555567525,0x44357c6,0
7258,0x55555556750e,0x44357c7,0
7259,0x555555567525,0x44357c8,0
7260,0x55555556750e,0x44357c9,0
7261,0x555555567525,0x44357ca,0
7262,0x55555556750e,0x44357cb,0
7263,0x555555567525,0x44357cc,0
7264,0x555555567525,0x44357cd,0
7265,0x55555556750e,0x44357ce,0
7266,0x555555567525,0x44357cf,0
7267,0x55555556750e,0x44357d0,0
7268,0x555555567525,0x44357d1,0
7269,0x55555556750e,0x44357d2,0
7270,0x55555556750e,0x44357d3,0
7271,0x555555567525,0x44357d4,0
7272,0x55555556750e,0x44357d5,0
7273,0x555555567525,0x44357d6,0
7274,0x555555567525,0x44357d7,0
7275,0x555555567525,0x44357d8,0
7276,0x55555556750e,0x44357d9,0
7277,0x555555567525,0x44357da,0
7278,0x55555556750e,0x44357db,0
7279,0x555555567525,0x44357dc,0
7280,0x55555556750e,0x44357dd,0
7281,0x55555556750e,0x44357de,0
7282,0x55555556750e,0x44357df,0
7283,0x55555556750e,0x44357e0,0
7284,0x55555556750e,0x44357e1,0
7285,0x55555556750e,0x44357e2,0
7286,0x555555567525,0x44357e3,0
7287,0x55555556750e,0x44357e4,0
7288,0x555555567525,0x44357e5,0
7289,0x55555556750e,0x44357e6,0
7290,0x555555567525,0x44357e7,0
7291,0x555555567525,0x44357e8,0
7292,0x55555556750e,0x44357e9,0
7293,0x555555567525,0x44357ea,0
7294,0x55555556750e,0x44357eb,0
7295,0x555555567525,0x44357ec,0
7296,0x55555556750e,0x44357ed,0
7297,0x55555556750e,0x44357ee,0
7298,0x55555556750e,0x44357ef,0
7299,0x55555556750e,0x44357f0,0
7300,0x555555567525,0x44357f1,0
7301,0x55555556750e,0x44357f2,0
7302,0x55555556750e,0x44357f3,0
7303,0x55555556750e,0x44357f4,0
7304,0x555555567525,0x44357f5,0
7305,0x55555556750e,0x44357f6,0
7306,0x555555567525,0x44357f7,0
7307,0x55555556750e,0x44357f8,0
7308,0x55555556750e,0x44357f9,0
7309,0x55555556750e,0x44357fa,0
7310,0x555555567525,0x44357fb,0
7311,0x555555567525,0x44357fc,0
7312,0x55555556750e,0x44357fd,0
7313,0x555555567525,0x44357fe,0
7314,0x55555556750e,0x44357ff,0
7315,0x555555567525,0x1657b800,0
7316,0x555555567525,0x1657b801,0
7317,0x55555556750e,0x1657b802,0
7318,0x555555567525,0x1657b803,0
7319,0x55555556750e,0x1657b804,0
7320,0x55555556750e,0x1657b805,0
7321,0x55555556750e,0x1657b806,0
7322,0x55555556750e,0x1657b807,0
7323,0x555555567525,0x1657b808,0
7324,0x55555556750e,0x1657b809,0
7325,0x55555556750e,0x1657b80a,0
7326,0x555555567525,0x1657b80b,0
7327,0x55555556750e,0x1657b80c,0
7328,0x555555567525,0x1657b80d,0
7329,0x555555567525,0x1657b80e,0
7330,0x555555567525,0x1657b80f,0
7331,0x55555556750e,0x1657b810,0
7332,0x555555567525,0x1657b811,0
7333,0x555555567525,0x1657b812,0
7334,0x55555556750e,0x1657b813,0
7335,0x555555567525,0x1657b814,0
7336,0x55555556750e,0x1657b815,0
7337,0x55555556750e,0x1657b816,0
7338,0x555555567525,0x1657b817,0
7339,0x55555556750e,0x1657b818,0
7340,0x555555567525,0x1657b819,0
7341,0x555555567525,0x1657b81a,0
7342,0x55555556750e,0x1657b81b,0
7343,0x555555567525,0x1657b81c,0
7344,0x555555567525,0x1657b81d,0
7345,0x55555556750e,0x1657b81e,0
7346,0x555555567525,0x1657b81f,0
7347,0x55555556750e,0x1657b820,0
7348,0x55555556750e,0x1657b821,0
7349,0x55555556750e,0x1657b822,0
7350,0x555555567525,0x1657b823,0
7351,0x55555556750e,0x1657b824,0
7352,0x555555567525,0x1657b825,0
7353,0x55555556750e,0x1657b826,0
7354,0x555555567525,0x1657b827,0
7355,0x55555556750e,0x1657b828,0
7356,0x55555556750e,0x1657b829,0
7357,0x555555567525,0x1657b82a,0
7358,0x555555567525,0x1657b82b,0
7359,0x55555556750e,0x1657b82c,0
7360,0x555555567525,0x1657b82d,0
7361,0x55555556750e,0x1657b82e,0
7362,0x55555556750e,0x1657b82f,0
7363,0x55555556750e,0x1657b830,0
7364,0x555555567525,0x1657b831,0
7365,0x555555567525,0x1657b832,0
7366,0x55555556750e,0x1657b833,0
7367,0x555555567525,0x1657b834,0
7368,0x555555567525,0x1657b835,0
7369,0x55555556750e,0x1657b836,0
7370,0x55555556750e,0x1657b837,0
7371,0x55555556750e,0x1657b838,0
7372,0x55555556750e,0x1657b839,0
7373,0x55555556750e,0x1657b83a,0
7374,0x555555567525,0x1657b83b,0
7375,0x555555567525,0x1657b83c,0
7376,0x555555567525,0x1657b83d,0
7377,0x55555556750e,0x1657b83e,0
7378,0x55555556750e,0x1657b83f,0
7379,0x555555567525,0x1f509380,0
7380,0x55555556750e,0x1f509381,0
7381,0x555555567525,0x1f509382,0
7382,0x555555567525,0x1f509383,0
7383,0x55555556750e,0x1f509384,0
7384,0x555555567525,0x1f509385,0
7385,0x55555556750e,0x1f509386,0
7386,0x555555567525,0x1f509387,0
7387,0x55555556750e,0x1f509388,0
7388,0x555555567525,0x1f509389,0
7389,0x55555556750e,0x1f50938a,0
7390,0x55555556750e,0x1f50938b,0
7391,0x55555556750e,0x1f50938c,0
7392,0x555555567525,0x1f50938d,0
7393,0x55555556750e,0x1f50938e,0
7394,0x55555556750e,0x1f50938f,0
7395,0x55555556750e,0x1f509390,0
7396,0x555555567525,0x1f509391,0
7397,0x555555567525,0x1f509392,0
7398,0x555555567525,0x1f509393,0
7399,0x555555567525,0x1f509394,0
7400,0x55555556750e,0x1f509395,0
7401,0x555555567525,0x1f509396,0
7402,0x55555556750e,0x1f509397,0
7403,0x55555556750e,0x1f509398,0
7404,0x555555567525,0x1f509399,0
7405,0x55555556750e,0x1f50939a,0
7406,0x55555556750e,0x1f50939b,0
7407,0x55555556750e,0x1f50939c,0
7408,0x555555567525,0x1f50939d,0
7409,0x555555567525,0x1f50939e,0
7410,0x55555556750e,0x1f50939f,0
7411,0x55555556750e,0x1f5093a0,0
7412,0x55555556750e,0x1f5093a1,0
7413,0x55555556750e,0x1f5093a2,0
7414,0x55555556750e,0x1f5093a3,0
7415,0x555555567525,0x1f5093a4,0
7416,0x55555556750e,0x1f5093a5,0
7417,0x555555567525,0x1f5093a6,0
7418,0x555555567525,0x1f5093a7,0
7419,0x555555567525,0x1f5093a8,0
7420,0x55555556750e,0x1f5093a9,0
7421,0x555555567525,0x1f5093aa,0
7422,0x55555556750e,0x1f5093ab,0
7423,0x555555567525,0x1f5093ac,0
7424,0x55555556750e,0x1f5093ad,0
7425,0x555555567525,0x1f5093ae,0
7426,0x55555556750e,0x1f5093af,0
7427,0x555555567525,0x1f5093b0,0
7428,0x555555567525,0x1f5093b1,0
7429,0x555555567525,0x1f5093b2,0
7430,0x55555556750e,0x1f5093b3,0
7431,0x555555567525,0x1f5093b4,0
7432,0x555555567525,0x1f5093b5,0
7433,0x55555556750e,0x1f5093b6,0
7434,0x555555567525,0x1f5093b7,0
7435,0x55555556750e,0x1f5093b8,0
7436,0x555555567525,0x1f5093b9,0
7437,0x55555556750e,0x1f5093ba,0
7438,0x55555556750e,0x1f5093bb,0
7439,0x555555567525,0x1f5093bc,0
7440,0x55555556750e,0x1f5093bd,0
7441,0x555555567525,0x1f5093be,0
7442,0x555555567525,0x1f5093bf,0
7443,0x55555556750e,0x2250c3c0,0
7444,0x555555567525,0x2250c3c1,0
7445,0x55555556750e,0x2250c3c2,0
7446,0x555555567525,0x2250c3c3,0
7447,0x55555556750e,0x2250c3c4,0
7448,0x555555567525,0x2250c3c5,0
7449,0x555555567525,0x2250c3c6,0
7450,0x55555556750e,0x2250c3c7,0
7451,0x555555567525,0x2250c3c8,0
7452,0x555555567525,0x2250c3c9,0
7453,0x555555567525,0x2250c3ca,0
7454,0x55555556750e,0x2250c3cb,0
7455,0x555555567525,0x2250c3cc,0
7456,0x55555556750e,0x2250c3cd,0
7457,0x555555567525,0x2250c3ce,0
7458,0x55555556750e,0x2250c3cf,0
7459,0x55555556750e,0x2250c3d0,0
7460,0x55555556750e,0x2250c3d1,0
7461,0x555555567525,0x2250c3d2,0
7462,0x55555556750e,0x2250c3d3,0
7463,0x55555556750e,0x2250c3d4,0
7464,0x55555556750e,0x2250c3d5,0
7465,0x555555567525,0x2250c3d6,0
7466,0x555555567525,0x2250c3d7,0
7467,0x55555556750e,0x2250c3d8,0
7468,0x555555567525,0x2250c3d9,0
7469,0x55555556750e,0x2250c3da,0
7470,0x55555556750e,0x2250c3db,0
7471,0x555555567525,0x2250c3dc,0
7472,0x555555567525,0x2250c3dd,0
7473,0x555555567525,0x2250c3de,0
7474,0x555555567525,0x2250c3df,0
7475,0x55555556750e,0x2250c3e0,0
7476,0x555555567525,0x2250c3e1,0
7477,0x55555556750e,0x2250c3e2,0
7478,0x555555567525,0x2250c3e3,0
7479,0x55555556750e,0x2250c3e4,0
7480,0x555555567525,0x2250c3e5,0
7481,0x55555556750e,0x2250c3e6,0
7482,0x555555567525,0x2250c3e7,0
7483,0x555555567525,0x2250c3e8,0
7484,0x55555556750e,0x2250c3e9,0
7485,0x55555556750e,0x2250c3ea,0
7486,0x555555567525,0x2250c3eb,0
7487,0x55555556750e,0x2250c3ec,0
7488,0x55555556750e,0x2250c3ed,0
7489,0x555555567525,0x2250c3ee,0
7490,0x55555556750e,0x2250c3ef,0
7491,0x555555567525,0x2250c3f0,0
7492,0x555555567525,0x2250c3f1,0
7493,0x55555556750e,0x2250c3f2,0
7494,0x55555556750e,0x2250c3f3,0
7495,0x555555567525,0x2250c3f4,0
7496,0x55555556750e,0x2250c3f5,0
7497,0x555555567525,0x2250c3f6,0
7498,0x555555567525,0x2250c3f7,0
7499,0x55555556750e,0x2250c3f8,0
7500,0x555555567525,0x2250c3f9,0
7501,0x55555556750e,0x2250c3fa,0
7502,0x555555567525,0x2250c3fb,0
7503,0x555555567525,0x2250c3fc,0
7504,0x55555556750e,0x2250c3fd,0
7505,0x55555556750e,0x2250c3fe,0
7506,0x55555556750e,0x2250c3ff,0
7507,0x555555567525,0xe7e8c0,0
7508,0x555555567525,0xe7e8c1,0
7509,0x55555556750e,0xe7e8c2,0
7510,0x55555556750e,0xe7e8c3,0
7511,0x55555556750e,0xe7e8c4,0
7512,0x55555556750e,0xe7e8c5,0
7513,0x555555567525,0xe7e8c6,0
7514,0x55555556750e,0xe7e8c7,0
7515,0x55555556750e,0xe7e8c8,0
7516,0x55555556750e,0xe7e8c9,0
7517,0x55555556750e,0xe7e8ca,0
7518,0x55555556750e,0xe7e8cb,0
7519,0x55555556750e,0xe7e8cc,0
7520,0x55555556750e,0xe7e8cd,0
7521,0x55555556750e,0xe7e8ce,0
7522,0x55555556750e,0xe7e8cf,0
7523,0x55555556750e,0xe7e8d0,0
7524,0x55555556750e,0xe7e8d1,0
7525,0x555555567525,0xe7e8d2,0
7526,0x555555567525,0xe7e8d3,0
7527,0x555555567525,0xe7e8d4,0
7528,0x555555567525,0xe7e8d5,0
7529,0x55555556750e,0xe7e8d6,0
7530,0x555555567525,0xe7e8d7,0
7531,0x55555556750e,0xe7e8d8,0
7532,0x555555567525,0xe7e8d9,0
7533,0x55555556750e,0xe7e8da,0
7534,0x555555567525,0xe7e8db,0
7535,0x555555567525,0xe7e8dc,0
7536,0x55555556750e,0xe7e8dd,0
7537,0x555555567525,0xe7e8de,0
7538,0x55555556750e,0xe7e8df,0
7539,0x55555556750e,0xe7e8e0,0
7540,0x55555556750e,0xe7e8e1,0
7541,0x55555556750e,0xe7e8e2,0
7542,0x555555567525,0xe7e8e3,0
7543,0x55555556750e,0xe7e8e4,0
7544,0x55555556750e,0xe7e8e5,0
7545,0x55555556750e,0xe7e8e6,0
7546,0x55555556750e,0xe7e8e7,0
7547,0x55555556750e,0xe7e8e8,0
7548,0x55555556750e,0xe7e8e9,0
7549,0x555555567525,0xe7e8ea,0
7550,0x55555556750e,0xe7e8eb,0
7551,0x555555567525,0xe7e8ec,0
7552,0x55555556750e,0xe7e8ed,0
7553,0x555555567525,0xe7e8ee,0
7554,0x55555556750e,0xe7e8ef,0
7555,0x555555567525,0xe7e8f0,0
7556,0x555555567525,0xe7e8f1,0
7557,0x55555556750e,0xe7e8f2,0
7558,0x55555556750e,0xe7e8f3,0
7559,0x55555556750e,0xe7e8f4,0
7560,0x55555556750e,0xe7e8f5,0
7561,0x55555556750e,0xe7e8f6,0
7562,0x555555567525,0xe7e8f7,0
7563,0x55555556750e,0xe7e8f8,0
7564,0x55555556750e,0xe7e8f9,0
7565,0x555555567525,0xe7e8fa,0
7566,0x55555556750e,0xe7e8fb,0
7567,0x555555567525,0xe7e8fc,0
7568,0x55555556750e,0xe7e8fd,0
7569,0x55555556750e,0xe7e8fe,0
7570,0x55555556750e,0xe7e8ff,0
7571,0x555555567525,0x34912b80,0
7572,0x555555567525,0x34912b81,0
7573,0x555555567525,0x34912b82,0
7574,0x555555567525,0x34912b83,0
7575,0x55555556750e,0x34912b84,0
7576,0x555555567525,0x34912b85,0
7577,0x55555556750e,0x34912b86,0
7578,0x55555556750e,0x34912b87,0
7579,0x555555567525,0x34912b88,0
7580,0x555555567525,0x34912b89,0
7581,0x555555567525,0x34912b8a,0
7582,0x55555556750e,0x34912b8b,0
7583,0x555555567525,0x34912b8c,0
7584,0x55555556750e,0x34912b8d,0
7585,0x55555556750e,0x34912b8e,0
7586,0x55555556750e,0x34912b8f,0
7587,0x555555567525,0x34912b90,0
7588,0x55555556750e,0x34912b91,0
7589,0x555555567525,0x34912b92,0
7590,0x555555567525,0x34912b93,0
7591,0x55555556750e,0x34912b94,0
7592,0x555555567525,0x34912b95,0
7593,0x55555556750e,0x34912b96,0
7594,0x555555567525,0x34912b97,0
7595,0x55555556750e,0x34912b98,0
7596,0x55555556750e,0x34912b99,0
7597,0x55555556750e,0x34912b9a,0
7598,0x55555556750e,0x34912b9b,0
7599,0x55555556750e,0x34912b9c,0
7600,0x555555567525,0x34912b9d,0
7601,0x55555556750e,0x34912b9e,0
7602,0x55555556750e,0x34912b9f,0
7603,0x55555556750e,0x34912ba0,0
7604,0x55555556750e,0x34912ba1,0
7605,0x55555556750e,0x34912ba2,0
7606,0x555555567525,0x34912ba3,0
7607,0x55555556750e,0x34912ba4,0
7608,0x55555556750e,0x34912ba5,0
7609,0x555555567525,0x34912ba6,0
7610,0x55555556750e,0x34912ba7,0
7611,0x555555567525,0x34912ba8,0
7612,0x55555556750e,0x34912ba9,0
7613,0x55555556750e,0x34912baa,0
7614,0x555555567525,0x34912bab,0
7615,0x55555556750e,0x34912bac,0
7616,0x55555556750e,0x34912bad,0
7617,0x55555556750e,0x34912bae,0
7618,0x555555567525,0x34912baf,0
7619,0x55555556750e,0x34912bb0,0
7620,0x555555567525,0x34912bb1,0
7621,0x55555556750e,0x34912bb2,0
7622,0x555555567525,0x34912bb3,0
7623,0x555555567525,0x34912bb4,0
7624,0x55555556750e,0x34912bb5,0
7625,0x555555567525,0x34912bb6,0
7626,0x55555556750e,0x34912bb7,0
7627,0x55555556750e,0x34912bb8,0
7628,0x55555556750e,0x34912bb9,0
7629,0x555555567525,0x34912bba,0
7630,0x55555556750e,0x34912bbb,0
7631,0x55555556750e,0x34912bbc,0
7632,0x55555556750e,0x34912bbd,0
7633,0x555555567525,0x34912bbe,0
7634,0x55555556750e,0x34912bbf,0
7635,0x555555567525,0x2f6bea00,0
7636,0x555555567525,0x2f6bea01,0
7637,0x55555556750e,0x2f6bea02,0
7638,0x555555567525,0x2f6bea03,0
7639,0x55555556750e,0x2f6bea04,0
7640,0x555555567525,0x2f6bea05,0
7641,0x555555567525,0x2f6bea06,0
7642,0x555555567525,0x2f6bea07,0
7643,0x55555556750e,0x2f6bea08,0
7644,0x55555556750e,0x2f6bea09,0
7645,0x55555556750e,0x2f6bea0a,0
7646,0x55555556750e,0x2f6bea0b,0
7647,0x55555556750e,0x2f6bea0c,0
7648,0x55555556750e,0x2f6bea0d,0
7649,0x55555556750e,0x2f6bea0e,0
7650,0x555555567525,0x2f6bea0f,0
7651,0x55555556750e,0x2f6bea10,0
7652,0x555555567525,0x2f6bea11,0
7653,0x555555567525,0x2f6bea12,0
7654,0x555555567525,0x2f6bea13,0
7655,0x555555567525,0x2f6bea14,0
7656,0x55555556750e,0x2f6bea15,0
7657,0x55555556750e,0x2f6bea16,0
7658,0x55555556750e,0x2f6bea17,0
7659,0x55555556750e,0x2f6bea18,0
7660,0x55555556750e,0x2f6bea19,0
7661,0x55555556750e,0x2f6bea1a,0
7662,0x55555556750e,0x2f6bea1b,0
7663,0x55555556750e,0x2f6bea1c,0
7664,0x55555556750e,0x2f6bea1d,0
7665,0x555555567525,0x2f6bea1e,0
7666,0x55555556750e,0x2f6bea1f,0
7667,0x55555556750e,0x2f6bea20,0
7668,0x555555567525,0x2f6bea21,0
7669,0x55555556750e,0x2f6bea22,0
7670,0x555555567525,0x2f6bea23,0
7671,0x55555556750e,0x2f6bea24,0
7672,0x555555567525,0x2f6bea25,0
7673,0x555555567525,0x2f6bea26,0
7674,0x55555556750e,0x2f6bea27,0
7675,0x55555556750e,0x2f6bea28,0
7676,0x55555556750e,0x2f6bea29,0
7677,0x55555556750e,0x2f6bea2a,0
7678,0x555555567525,0x2f6bea2b,0
7679,0x55555556750e,0x2f6bea2c,0
7680,0x555555567525,0x2f6bea2d,0
7681,0x555555567525,0x2f6bea2e,0
7682,0x55555556750e,0x2f6bea2f,0
7683,0x55555556750e,0x2f6bea30,0
7684,0x555555567525,0x2f6bea31,0
7685,0x55555556750e,0x2f6bea32,0
7686,0x55555556750e,0x2f6bea33,0
7687,0x55555556750e,0x2f6bea34,0
7688,0x555555567525,0x2f6bea35,0
7689,0x55555556750e,0x2f6bea36,0
7690,0x555555567525,0x2f6bea37,0
7691,0x55555556750e,0x2f6bea38,0
7692,0x55555556750e,0x2f6bea39,0
7693,0x55555556750e,0x2f6bea3a,0
7694,0x555555567525,0x2f6bea3b,0
7695,0x555555567525,0x2f6bea3c,0
7696,0x555555567525,0x2f6bea3d,0
7697,0x55555556750e,0x2f6bea3e,0
7698,0x555555567525,0x2f6bea3f,0
7699,0x55555556750e,0x11a8a40,0
7700,0x555555567525,0x11a8a41,0
7701,0x55555556750e,0x11a8a42,0
7702,0x55555556750e,0x11a8a43,0
7703,0x55555556750e,0x11a8a44,0
7704,0x555555567525,0x11a8a45,0
7705,0x55555556750e,0x11a8a46,0
7706,0x555555567525,0x11a8a47,0
7707,0x55555556750e,0x11a8a48,0
7708,0x55555556750e,0x11a8a49,0
7709,0x555555567525,0x11a8a4a,0
7710,0x55555556750e,0x11a8a4b,0
7711,0x55555556750e,0x11a8a4c,0
7712,0x555555567525,0x11a8a4d,0
7713,0x55555556750e,0x11a8a4e,0
7714,0x55555556750e,0x11a8a4f,0
7715,0x555555567525,0x11a8a50,0
7716,0x555555567525,0x11a8a51,0
7717,0x55555556750e,0x11a8a52,0
7718,0x555555567525,0x11a8a53,0
7719,0x55555556750e,0x11a8a54,0
7720,0x55555556750e,0x11a8a55,0
7721,0x55555556750e,0x11a8a56,0
7722,0x555555567525,0x11a8a57,0
7723,0x555555567525,0x11a8a58,0
7724,0x55555556750e,0x11a8a59,0
7725,0x555555567525,0x11a8a5a,0
7726,0x55555556750e,0x11a8a5b,0
7727,0x555555567525,0x11a8a5c,0
7728,0x55555556750e,0x11a8a5d,0
7729,0x555555567525,0x11a8a5e,0
7730,0x55555556750e,0x11a8a5f,0
7731,0x555555567525,0x11a8a60,0
7732,0x55555556750e,0x11a8a61,0
7733,0x555555567525,0x11a8a62,0
7734,0x55555556750e,0x11a8a63,0
7735,0x55555556750e,0x11a8a64,0
7736,0x55555556750e,0x11a8a65,0
7737,0x55555556750e,0x11a8a66,0
7738,0x555555567525,0x11a8a67,0
7739,0x555555567525,0x11a8a68,0
7740,0x55555556750e,0x11a8a69,0
7741,0x55555556750e,0x11a8a6a,0
7742,0x55555556750e,0x11a8a6b,0
7743,0x555555567525,0x11a8a6c,0
7744,0x55555556750e,0x11a8a6d,0
7745,0x555555567525,0x11a8a6e,0
7746,0x55555556750e,0x11a8a6f,0
7747,0x55555556750e,0x11a8a70,0
7748,0x555555567525,0x11a8a71,0
7749,0x555555567525,0x11a8a72,0
7750,0x555555567525,0x11a8a73,0
7751,0x555555567525,0x11a8a74,0
7752,0x55555556750e,0x11a8a75,0
7753,0x555555567525,0x11a8a76,0
7754,0x55555556750e,0x11a8a77,0
7755,0x55555556750e,0x11a8a78,0
7756,0x55555556750e,0x11a8a79,0
7757,0x55555556750e,0x11a8a7a,0
7758,0x55555556750e,0x11a8a7b,0
7759,0x55555556750e,0x11a8a7c,0
7760,0x555555567525,0x11a8a7d,0
7761,0x555555567525,0x11a8a7e,0
7762,0x55555556750e,0x11a8a7f,0
7763,0x55555556750e,0x127592c0,0
7764,0x55555556750e,0x127592c1,0
7765,0x55555556750e,0x127592c2,0
7766,0x555555567525,0x127592c3,0
7767,0x55555556750e,0x127592c4,0
7768,0x555555567525,0x127592c5,0
7769,0x555555567525,0x127592c6,0
7770,0x55555556750e,0x127592c7,0
7771,0x55555556750e,0x127592c8,0
7772,0x55555556750e,0x127592c9,0
7773,0x555555567525,0x127592ca,0
7774,0x55555556750e,0x127592cb,0
7775,0x555555567525,0x127592cc,0
7776,0x55555556750e,0x127592cd,0
7777,0x55555556750e,0x127592ce,0
7778,0x55555556750e,0x127592cf,0
7779,0x55555556750e,0x127592d0,0
7780,0x55555556750e,0x127592d1,0
7781,0x55555556750e,0x127592d2,0
7782,0x55555556750e,0x127592d3,0
7783,0x555555567525,0x127592d4,0
7784,0x55555556750e,0x127592d5,0
7785,0x55555556750e,0x127592d6,0
7786,0x55555556750e,0x127592d7,0
7787,0x55555556750e,0x127592d8,0
7788,0x55555556750e,0x127592d9,0
7789,0x55555556750e,0x127592da,0
7790,0x55555556750e,0x127592db,0
7791,0x555555567525,0x127592dc,0
7792,0x555555567525,0x127592dd,0
7793,0x55555556750e,0x127592de,0
7794,0x555555567525,0x127592df,0
7795,0x55555556750e,0x127592e0,0
7796,0x555555567525,0x127592e1,0
7797,0x55555556750e,0x127592e2,0
7798,0x55555556750e,0x127592e3,0
7799,0x55555556750e,0x127592e4,0
7800,0x55555556750e,0x127592e5,0
7801,0x555555567525,0x127592e6,0
7802,0x555555567525,0x127592e7,0
7803,0x55555556750e,0x127592e8,0
7804,0x55555556750e,0x127592e9,0
7805,0x555555567525,0x127592ea,0
7806,0x55555556750e,0x127592eb,0
7807,0x55555556750e,0x127592ec,0
7808,0x555555567525,0x127592ed,0
7809,0x55555556750e,0x127592ee,0
7810,0x55555556750e,0x127592ef,0
7811,0x55555556750e,0x127592f0,0
7812,0x555555567525,0x127592f1,0
7813,0x555555567525,0x127592f2,0
7814,0x55555556750e,0x127592f3,0
7815,0x555555567525,0x127592f4,0
7816,0x55555556750e,0x127592f5,0
7817,0x55555556750e,0x127592f6,0
7818,0x555555567525,0x127592f7,0
7819,0x55555556750e,0x127592f8,0
7820,0x55555556750e,0x127592f9,0
7821,0x55555556750e,0x127592fa,0
7822,0x55555556750e,0x127592fb,0
7823,0x555555567525,0x127592fc,0
7824,0x555555567525,0x127592fd,0
7825,0x55555556750e,0x127592fe,0
7826,0x555555567525,0x127592ff,0
7827,0x55555556750e,0xef94180,0
7828,0x555555567525,0xef94181,0
7829,0x55555556750e,0xef94182,0
7830,0x555555567525,0xef94183,0
7831,0x55555556750e,0xef94184,0
7832,0x55555556750e,0xef94185,0
7833,0x555555567525,0xef94186,0
7834,0x55555556750e,0xef94187,0
7835,0x555555567525,0xef94188,0
7836,0x55555556750e,0xef94189,0
7837,0x555555567525,0xef9418a,0
7838,0x55555556750e,0xef9418b,0
7839,0x55555556750e,0xef9418c,0
7840,0x55555556750e,0xef9418d,0
7841,0x55555556750e,0xef9418e,0
7842,0x55555556750e,0xef9418f,0
7843,0x55555556750e,0xef94190,0
7844,0x555555567525,0xef94191,0
7845,0x555555567525,0xef94192,0
7846,0x55555556750e,0xef94193,0
7847,0x55555556750e,0xef94194,0
7848,0x55555556750e,0xef94195,0
7849,0x55555556750e,0xef94196,0
7850,0x55555556750e,0xef94197,0
7851,0x55555556750e,0xef94198,0
7852,0x55555556750e,0xef94199,0
7853,0x555555567525,0xef9419a,0
7854,0x555555567525,0xef9419b,0
7855,0x55555556750e,0xef9419c,0
7856,0x555555567525,0xef9419d,0
7857,0x555555567525,0xef9419e,0
7858,0x55555556750e,0xef9419f,0
7859,0x55555556750e,0xef941a0,0
7860,0x555555567525,0xef941a1,0
7861,0x55555556750e,0xef941a2,0
7862,0x555555567525,0xef941a3,0
7863,0x55555556750e,0xef941a4,0
7864,0x555555567525,0xef941a5,0
7865,0x55555556750e,0xef941a6,0
7866,0x555555567525,0xef941a7,0
7867,0x55555556750e,0xef941a8,0
7868,0x555555567525,0xef941a9,0
7869,0x55555556750e,0xef941aa,0
7870,0x555555567525,0xef941ab,0
7871,0x55555556750e,0xef941ac,0
7872,0x55555556750e,0xef941ad,0
7873,0x55555556750e,0xef941ae,0
7874,0x55555556750e,0xef941af,0
7875,0x555555567525,0xef941b0,0
7876,0x55555556750e,0xef941b1,0
7877,0x555555567525,0xef941b2,0
7878,0x555555567525,0xef941b3,0
7879,0x55555556750e,0xef941b4,0
7880,0x555555567525,0xef941b5,0
7881,0x55555556750e,0xef941b6,0
7882,0x55555556750e,0xef941b7,0
7883,0x55555556750e,0xef941b8,0
7884,0x55555556750e,0xef941b9,0
7885,0x55555556750e,0xef941ba,0
7886,0x55555556750e,0xef941bb,0
7887,0x555555567525,0xef941bc,0
7888,0x55555556750e,0xef941bd,0
7889,0x55555556750e,0xef941be,0
7890,0x55555556750e,0xef941bf,0
7891,0x555555567525,0xc8fe580,0
7892,0x55555556750e,0xc8fe581,0
7893,0x55555556750e,0xc8fe582,0
7894,0x55555556750e,0xc8fe583,0
7895,0x555555567525,0xc8fe584,0
7896,0x55555556750e,0xc8fe585,0
7897,0x555555567525,0xc8fe586,0
7898,0x555555567525,0xc8fe587,0
7899,0x555555567525,0xc8fe588,0
7900,0x55555556750e,0xc8fe589,0
7901,0x555555567525,0xc8fe58a,0
7902,0x55555556750e,0xc8fe58b,0
7903,0x55555556750e,0xc8fe58c,0
7904,0x55555556750e,0xc8fe58d,0
7905,0x555555567525,0xc8fe58e,0
7906,0x555555567525,0xc8fe58f,0
7907,0x55555556750e,0xc8fe590,0
7908,0x555555567525,0xc8fe591,0
7909,0x555555567525,0xc8fe592,0
7910,0x555555567525,0xc8fe593,0
7911,0x555555567525,0xc8fe594,0
7912,0x55555556750e,0xc8fe595,0
7913,0x555555567525,0xc8fe596,0
7914,0x55555556750e,0xc8fe597,0
7915,0x555555567525,0xc8fe598,0
7916,0x55555556750e,0xc8fe599,0
7917,0x55555556750e,0xc8fe59a,0
7918,0x55555556750e,0xc8fe59b,0
7919,0x55555556750e,0xc8fe59c,0
7920,0x55555556750e,0xc8fe59d,0
7921,0x55555556750e,0xc8fe59e,0
7922,0x555555567525,0xc8fe59f,0
7923,0x555555567525,0xc8fe5a0,0
7924,0x55555556750e,0xc8fe5a1,0
7925,0x555555567525,0xc8fe5a2,0
7926,0x555555567525,0xc8fe5a3,0
7927,0x55555556750e,0xc8fe5a4,0
7928,0x55555556750e,0xc8fe5a5,0
7929,0x555555567525,0xc8fe5a6,0
7930,0x55555556750e,0xc8fe5a7,0
7931,0x55555556750e,0xc8fe5a8,0
7932,0x555555567525,0xc8fe5a9,0
7933,0x555555567525,0xc8fe5aa,0
7934,0x555555567525,0xc8fe5ab,0
7935,0x55555556750e,0xc8fe5ac,0
7936,0x555555567525,0xc8fe5ad,0
7937,0x55555556750e,0xc8fe5ae,0
7938,0x555555567525,0xc8fe5af,0
7939,0x55555556750e,0xc8fe5b0,0
7940,0x555555567525,0xc8fe5b1,0
7941,0x555555567525,0xc8fe5b2,0
7942,0x55555556750e,0xc8fe5b3,0
7943,0x555555567525,0xc8fe5b4,0
7944,0x55555556750e,0xc8fe5b5,0
7945,0x555555567525,0xc8fe5b6,0
7946,0x55555556750e,0xc8fe5b7,0
7947,0x55555556750e,0xc8fe5b8,0
7948,0x55555556750e,0xc8fe5b9,0
7949,0x55555556750e,0xc8fe5ba,0
7950,0x555555567525,0xc8fe5bb,0
7951,0x55555556750e,0xc8fe5bc,0
7952,0x555555567525,0xc8fe5bd,0
7953,0x55555556750e,0xc8fe5be,0
7954,0x555555567525,0xc8fe5bf,0
7955,0x55555556750e,0x32ee2900,0
7956,0x555555567525,0x32ee2901,0
7957,0x55555556750e,0x32ee2902,0
7958,0x555555567525,0x32ee2903,0
7959,0x55555556750e,0x32ee2904,0
7960,0x555555567525,0x32ee2905,0
7961,0x555555567525,0x32ee2906,0
7962,0x55555556750e,0x32ee2907,0
7963,0x555555567525,0x32ee2908,0
7964,0x55555556750e,0x32ee2909,0
7965,0x55555556750e,0x32ee290a,0
7966,0x55555556750e,0x32ee290b,0
7967,0x55555556750e,0x32ee290c,0
7968,0x555555567525,0x32ee290d,0
7969,0x55555556750e,0x32ee290e,0
7970,0x555555567525,0x32ee290f,0
7971,0x55555556750e,0x32ee2910,0
7972,0x555555567525,0x32ee2911,0
7973,0x555555567525,0x32ee2912,0
7974,0x55555556750e,0x32ee2913,0
7975,0x555555567525,0x32ee2914,0
7976,0x55555556750e,0x32ee2915,0
7977,0x555555567525,0x32ee2916,0
7978,0x55555556750e,0x32ee2917,0
7979,0x55555556750e,0x32ee2918,0
7980,0x55555556750e,0x32ee2919,0
7981,0x555555567525,0x32ee291a,0
7982,0x55555556750e,0x32ee291b,0
7983,0x555555567525,0x32ee291c,0
7984,0x55555556750e,0x32ee291d,0
7985,0x555555567525,0x32ee291e,0
7986,0x55555556750e,0x32ee291f,0
7987,0x555555567525,0x32ee2920,0
7988,0x55555556750e,0x32ee2921,0
7989,0x55555556750e,0x32ee2922,0
7990,0x555555567525,0x32ee2923,0
7991,0x55555556750e,0x32ee2924,0
7992,0x55555556750e,0x32ee2925,0
7993,0x55555556750e,0x32ee2926,0
7994,0x55555556750e,0x32ee2927,0
7995,0x555555567525,0x32ee2928,0
7996,0x55555556750e,0x32ee2929,0
7997,0x55555556750e,0x32ee292a,0
7998,0x55555556750e,0x32ee292b,0
7999,0x55555556750e,0x32ee292c,0
8000,0x55555556750e,0x32ee292d,0
8001,0x55555556750e,0x32ee292e,0
8002,0x555555567525,0x32ee292f,0
8003,0x55555556750e,0x32ee2930,0
8004,0x555555567525,0x32ee2931,0
8005,0x555555567525,0x32ee2932,0
8006,0x55555556750e,0x32ee2933,0
8007,0x55555556750e,0x32ee2934,0
8008,0x555555567525,0x32ee2935,0
8009,0x55555556750e,0x32ee2936,0
8010,0x55555556750e,0x32ee2937,0
8011,0x55555556750e,0x32ee2938,0
8012,0x555555567525,0x32ee2939,0
8013,0x55555556750e,0x32ee293a,0
8014,0x55555556750e,0x32ee293b,0
8015,0x555555567525,0x32ee293c,0
8016,0x55555556750e,0x32ee293d,0
8017,0x55555556750e,0x32ee293e,0
8018,0x55555556750e,0x32ee293f,0
8019,0x555555567525,0x10cc5680,0
8020,0x555555567525,0x10cc5681,0
8021,0x55555556750e,0x10cc5682,0
8022,0x555555567525,0x10cc5683,0
8023,0x55555556750e,0x10cc5684,0
8024,0x555555567525,0x10cc5685,0
8025,0x55555556750e,0x10cc5686,0
8026,0x555555567525,0x10cc5687,0
8027,0x555555567525,0x10cc5688,0
8028,0x555555567525,0x10cc5689,0
8029,0x55555556750e,0x10cc568a,0
8030,0x555555567525,0x10cc568b,0
8031,0x55555556750e,0x10cc568c,0
8032,0x555555567525,0x10cc568d,0
8033,0x55555556750e,0x10cc568e,0
8034,0x55555556750e,0x10cc568f,0
8035,0x55555556750e,0x10cc5690,0
8036,0x555555567525,0x10cc5691,0
8037,0x555555567525,0x10cc5692,0
8038,0x55555556750e,0x10cc5693,0
8039,0x555555567525,0x10cc5694,0
8040,0x555555567525,0x10cc5695,0
8041,0x555555567525,0x10cc5696,0
8042,0x55555556750e,0x10cc5697,0
8043,0x555555567525,0x10cc5698,0
8044,0x55555556750e,0x10cc5699,0
8045,0x555555567525,0x10cc569a,0
8046,0x55555556750e,0x10cc569b,0
8047,0x555555567525,0x10cc569c,0
8048,0x555555567525,0x10cc569d,0
8049,0x55555556750e,0x10cc569e,0
8050,0x55555556750e,0x10cc569f,0
8051,0x55555556750e,0x10cc56a0,0
8052,0x55555556750e,0x10cc56a1,0
8053,0x55555556750e,0x10cc56a2,0
8054,0x55555556750e,0x10cc56a3,0
8055,0x55555556750e,0x10cc56a4,0
8056,0x555555567525,0x10cc56a5,0
8057,0x555555567525,0x10cc56a6,0
8058,0x55555556750e,0x10cc56a7,0
8059,0x555555567525,0x10cc56a8,0
8060,0x55555556750e,0x10cc56a9,0
8061,0x55555556750e,0x10cc56aa,0
8062,0x55555556750e,0x10cc56ab,0
8063,0x55555556750e,0x10cc56ac,0
8064,0x55555556750e,0x10cc56ad,0
8065,0x55555556750e,0x10cc56ae,0
8066,0x55555556750e,0x10cc56af,0
8067,0x55555556750e,0x10cc56b0,0
8068,0x555555567525,0x10cc56b1,0
8069,0x555555567525,0x10cc56b2,0
8070,0x55555556750e,0x10cc56b3,0
8071,0x555555567525,0x10cc56b4,0
8072,0x555555567525,0x10cc56b5,0
8073,0x555555567525,0x10cc56b6,0
8074,0x55555556750e,0x10cc56b7,0
8075,0x555555567525,0x10cc56b8,0
8076,0x55555556750e,0x10cc56b9,0
8077,0x555555567525,0x10cc56ba,0
8078,0x55555556750e,0x10cc56bb,0
8079,0x555555567525,0x10cc56bc,0
8080,0x555555567525,0x10cc56bd,0
8081,0x55555556750e,0x10cc56be,0
8082,0x55555556750e,0x10cc56bf,0
8083,0x555555567525,0x223854c0,0
8084,0x555555567525,0x223854c1,0
8085,0x55555556750e,0x223854c2,0
8086,0x55555556750e,0x223854c3,0
8087,0x555555567525,0x223854c4,0
8088,0x555555567525,0x223854c5,0
8089,0x555555567525,0x223854c6,0
8090,0x55555556750e,0x223854c7,0
8091,0x555555567525,0x223854c8,0
8092,0x55555556750e,0x223854c9,0
8093,0x55555556750e,0x223854ca,0
8094,0x555555567525,0x223854cb,0
8095,0x55555556750e,0x223854cc,0
8096,0x555555567525,0x223854cd,0
8097,0x555555567525,0x223854ce,0
8098,0x555555567525,0x223854cf,0
8099,0x55555556750e,0x223854d0,0
8100,0x555555567525,0x223854d1,0
8101,0x55555556750e,0x223854d2,0
8102,0x555555567525,0x223854d3,0
8103,0x555555567525,0x223854d4,0
8104,0x55555556750e,0x223854d5,0
8105,0x555555567525,0x223854d6,0
8106,0x55555556750e,0x223854d7,0
8107,0x55555556750e,0x223854d8,0
8108,0x555555567525,0x223854d9,0
8109,0x55555556750e,0x223854da,0
8110,0x55555556750e,0x223854db,0
8111,0x55555556750e,0x223854dc,0
8112,0x55555556750e,0x223854dd,0
8113,0x555555567525,0x223854de,0
8114,0x55555556750e,0x223854df,0
8115,0x555555567525,0x223854e0,0
8116,0x555555567525,0x223854e1,0
8117,0x55555556750e,0x223854e2,0
8118,0x555555567525,0x223854e3,0
8119,0x55555556750e,0x223854e4,0
8120,0x55555556750e,0x223854e5,0
8121,0x55555556750e,0x223854e6,0
8122,0x555555567525,0x223854e7,0
8123,0x55555556750e,0x223854e8,0
8124,0x55555556750e,0x223854e9,0
8125,0x55555556750e,0x223854ea,0
8126,0x555555567525,0x223854eb,0
8127,0x55555556750e,0x223854ec,0
8128,0x555555567525,0x223854ed,0
8129,0x55555556750e,0x223854ee,0
8130,0x55555556750e,0x223854ef,0
8131,0x555555567525,0x223854f0,0
8132,0x555555567525,0x223854f1,0
8133,0x55555556750e,0x223854f2,0
8134,0x555555567525,0x223854f3,0
8135,0x55555556750e,0x223854f4,0
8136,0x55555556750e,0x223854f5,0
8137,0x55555556750e,0x223854f6,0
8138,0x555555567525,0x223854f7,0
8139,0x55555556750e,0x223854f8,0
8140,0x555555567525,0x223854f9,0
8141,0x55555556750e,0x223854fa,0
8142,0x555555567525,0x223854fb,0
8143,0x555555567525,0x223854fc,0
8144,0x555555567525,0x223854fd,0
8145,0x55555556750e,0x223854fe,0
8146,0x555555567525,0x223854ff,0
8147,0x55555556750e,0x13f80040,0
8148,0x555555567525,0x13f80041,0
8149,0x55555556750e,0x13f80042,0
8150,0x555555567525,0x13f80043,0
8151,0x55555556750e,0x13f80044,0
8152,0x55555556750e,0x13f80045,0
8153,0x555555567525,0x13f80046,0
8154,0x55555556750e,0x13f80047,0
8155,0x555555567525,0x13f80048,0
8156,0x555555567525,0x13f80049,0
8157,0x55555556750e,0x13f8004a,0
8158,0x555555567525,0x13f8004b,0
8159,0x555555567525,0x13f8004c,0
8160,0x555555567525,0x13f8004d,0
8161,0x55555556750e,0x13f8004e,0
8162,0x55555556750e,0x13f8004f,0
8163,0x55555556750e,0x13f80050,0
8164,0x555555567525,0x13f80051,0
8165,0x555555567525,0x13f80052,0
8166,0x55555556750e,0x13f80053,0
8167,0x55555556750e,0x13f80054,0
8168,0x55555556750e,0x13f80055,0
8169,0x555555567525,0x13f80056,0
8170,0x55555556750e,0x13f80057,0
8171,0x555555567525,0x13f80058,0
8172,0x555555567525,0x13f80059,0
8173,0x55555556750e,0x13f8005a,0
8174,0x555555567525,0x13f8005b,0
8175,0x555555567525,0x13f8005c,0
8176,0x55555556750e,0x13f8005d,0
8177,0x555555567525,0x13f8005e,0
8178,0x55555556750e,0x13f8005f,0
8179,0x55555556750e,0x13f80060,0
8180,0x55555556750e,0x13f80061,0
8181,0x555555567525,0x13f80062,0
8182,0x55555556750e,0x13f80063,0
8183,0x555555567525,0x13f80064,0
8184,0x55555556750e,0x13f80065,0
8185,0x555555567525,0x13f80066,0
8186,0x555555567525,0x13f80067,0
8187,0x555555567525,0x13f80068,0
8188,0x55555556750e,0x13f80069,0
8189,0x555555567525,0x13f8006a,0
8190,0x55555556750e,0x13f8006b,0
8191,0x55555556750e,0x13f8006c,0
8192,0x555555567525,0x13f8006d,0
8193,0x55555556750e,0x13f8006e,0
8194,0x55555556750e,0x13f8006f,0
8195,0x55555556750e,0x13f80070,0
8196,0x555555567525,0x13f80071,0
8197,0x55555556750e,0x13f80072,0
8198,0x55555556750e,0x13f80073,0
8199,0x55555556750e,0x13f80074,0
8200,0x555555567525,0x13f80075,0
8201,0x55555556750e,0x13f80076,0
8202,0x55555556750e,0x13f80077,0
8203,0x55555556750e,0x13f80078,0
8204,0x55555556750e,0x13f80079,0
8205,0x555555567525,0x13f8007a,0
8206,0x55555556750e,0x13f8007b,0
8207,0x555555567525,0x13f8007c,0
8208,0x55555556750e,0x13f8007d,0
8209,0x55555556750e,0x13f8007e,0
8210,0x55555556750e,0x13f8007f,0
8211,0x555555567525,0x3ca2c540,0
8212,0x55555556750e,0x3ca2c541,0
8213,0x55555556750e,0x3ca2c542,0
8214,0x555555567525,0x3ca2c543,0
8215,0x55555556750e,0x3ca2c544,0
8216,0x55555556750e,0x3ca2c545,0
8217,0x555555567525,0x3ca2c546,0
8218,0x55555556750e,0x3ca2c547,0
8219,0x55555556750e,0x3ca2c548,0
8220,0x55555556750e,0x3ca2c549,0
8221,0x55555556750e,0x3ca2c54a,0
8222,0x55555556750e,0x3ca2c54b,0
8223,0x55555556750e,0x3ca2c54c,0
8224,0x555555567525,0x3ca2c54d,0
8225,0x55555556750e,0x3ca2c54e,0
8226,0x555555567525,0x3ca2c54f,0
8227,0x55555556750e,0x3ca2c550,0
8228,0x555555567525,0x3ca2c551,0
8229,0x55555556750e,0x3ca2c552,0
8230,0x55555556750e,0x3ca2c553,0
8231,0x55555556750e,0x3ca2c554,0
8232,0x55555556750e,0x3ca2c555,0
8233,0x55555556750e,0x3ca2c556,0
8234,0x55555556750e,0x3ca2c557,0
8235,0x55555556750e,0x3ca2c558,0
8236,0x55555556750e,0x3ca2c559,0
8237,0x55555556750e,0x3ca2c55a,0
8238,0x55555556750e,0x3ca2c55b,0
8239,0x555555567525,0x3ca2c55c,0
8240,0x55555556750e,0x3ca2c55d,0
8241,0x555555567525,0x3ca2c55e,0
8242,0x55555556750e,0x3ca2c55f,0
8243,0x555555567525,0x3ca2c560,0
8244,0x55555556750e,0x3ca2c561,0
8245,0x555555567525,0x3ca2c562,0
8246,0x55555556750e,0x3ca2c563,0
8247,0x55555556750e,0x3ca2c564,0
8248,0x55555556750e,0x3ca2c565,0
8249,0x55555556750e,0x3ca2c566,0
8250,0x555555567525,0x3ca2c567,0
8251,0x555555567525,0x3ca2c568,0
8252,0x55555556750e,0x3ca2c569,0
8253,0x555555567525,0x3ca2c56a,0
8254,0x555555567525,0x3ca2c56b,0
8255,0x555555567525,0x3ca2c56c,0
8256,0x555555567525,0x3ca2c56d,0
8257,0x55555556750e,0x3ca2c56e,0
8258,0x555555567525,0x3ca2c56f,0
8259,0x55555556750e,0x3ca2c570,0
8260,0x555555567525,0x3ca2c571,0
8261,0x555555567525,0x3ca2c572,0
8262,0x55555556750e,0x3ca2c573,0
8263,0x55555556750e,0x3ca2c574,0
8264,0x555555567525,0x3ca2c575,0
8265,0x55555556750e,0x3ca2c576,0
8266,0x555555567525,0x3ca2c577,0
8267,0x555555567525,0x3ca2c578,0
8268,0x555555567525,0x3ca2c579,0
8269,0x55555556750e,0x3ca2c57a,0
8270,0x555555567525,0x3ca2c57b,0
8271,0x555555567525,0x3ca2c57c,0
8272,0x555555567525,0x3ca2c57d,0
8273,0x555555567525,0x3ca2c57e,0
8274,0x55555556750e,0x3ca2c57f,0
8275,0x555555567525,0xda048c0,0
8276,0x55555556750e,0xda048c1,0
8277,0x55555556750e,0xda048c2,0
8278,0x55555556750e,0xda048c3,0
8279,0x55555556750e,0xda048c4,0
8280,0x55555556750e,0xda048c5,0
8281,0x55555556750e,0xda048c6,0
8282,0x55555556750e,0xda048c7,0
8283,0x555555567525,0xda048c8,0
8284,0x55555556750e,0xda048c9,0
8285,0x55555556750e,0xda048ca,0
8286,0x55555556750e,0xda048cb,0
8287,0x555555567525,0xda048cc,0
8288,0x55555556750e,0xda048cd,0
8289,0x55555556750e,0xda048ce,0
8290,0x55555556750e,0xda048cf,0
8291,0x555555567525,0xda048d0,0
8292,0x555555567525,0xda048d1,0
8293,0x55555556750e,0xda048d2,0
8294,0x555555567525,0xda048d3,0
8295,0x55555556750e,0xda048d4,0
8296,0x55555556750e,0xda048d5,0
8297,0x55555556750e,0xda048d6,0
8298,0x55555556750e,0xda048d7,0
8299,0x55555556750e,0xda048d8,0
8300,0x555555567525,0xda048d9,0
8301,0x55555556750e,0xda048da,0
8302,0x55555556750e,0xda048db,0
8303,0x555555567525,0xda048dc,0
8304,0x55555556750e,0xda048dd,0
8305,0x555555567525,0xda048de,0
8306,0x555555567525,0xda048df,0
8307,0x555555567525,0xda048e0,0
8308,0x55555556750e,0xda048e1,0
8309,0x555555567525,0xda048e2,0
8310,0x55555556750e,0xda048e3,0
8311,0x555555567525,0xda048e4,0
8312,0x55555556750e,0xda048e5,0
8313,0x555555567525,0xda048e6,0
8314,0x555555567525,0xda048e7,0
8315,0x555555567525,0xda048e8,0
8316,0x55555556750e,0xda048e9,0
8317,0x555555567525,0xda048ea,0
8318,0x55555556750e,0xda048eb,0
8319,0x555555567525,0xda048ec,0
8320,0x55555556750e,0xda048ed,0
8321,0x555555567525,0xda048ee,0
8322,0x55555556750e,0xda048ef,0
8323,0x55555556750e,0xda048f0,0
8324,0x555555567525,0xda048f1,0
8325,0x55555556750e,0xda048f2,0
8326,0x55555556750e,0xda048f3,0
8327,0x55555556750e,0xda048f4,0
8328,0x55555556750e,0xda048f5,0
8329,0x55555556750e,0xda048f6,0
8330,0x55555556750e,0xda048f7,0
8331,0x55555556750e,0xda048f8,0
8332,0x55555556750e,0xda048f9,0
8333,0x55555556750e,0xda048fa,0
8334,0x55555556750e,0xda048fb,0
8335,0x555555567525,0xda048fc,0
8336,0x555555567525,0xda048fd,0
8337,0x55555556750e,0xda048fe,0
8338,0x55555556750e,0xda048ff,0
8339,0x555555567525,0x3ccce00,0
8340,0x555555567525,0x3ccce01,0
8341,0x555555567525,0x3ccce02,0
8342,0x555555567525,0x3ccce03,0
8343,0x55555556750e,0x3ccce04,0
8344,0x555555567525,0x3ccce05,0
8345,0x555555567525,0x3ccce06,0
8346,0x555555567525,0x3ccce07,0
8347,0x555555567525,0x3ccce08,0
8348,0x55555556750e,0x3ccce09,0
8349,0x555555567525,0x3ccce0a,0
8350,0x555555567525,0x3ccce0b,0
8351,0x55555556750e,0x3ccce0c,0
8352,0x555555567525,0x3ccce0d,0
8353,0x55555556750e,0x3ccce0e,0
8354,0x555555567525,0x3ccce0f,0
8355,0x55555556750e,0x3ccce10,0
8356,0x55555556750e,0x3ccce11,0
8357,0x55555556750e,0x3ccce12,0
8358,0x55555556750e,0x3ccce13,0
8359,0x55555556750e,0x3ccce14,0
8360,0x555555567525,0x3ccce15,0
8361,0x555555567525,0x3ccce16,0
8362,0x55555556750e,0x3ccce17,0
8363,0x555555567525,0x3ccce18,0
8364,0x555555567525,0x3ccce19,0
8365,0x555555567525,0x3ccce1a,0
8366,0x55555556750e,0x3ccce1b,0
8367,0x555555567525,0x3ccce1c,0
8368,0x555555567525,0x3ccce1d,0
8369,0x55555556750e,0x3ccce1e,0
8370,0x555555567525,0x3ccce1f,0
8371,0x555555567525,0x3ccce20,0
8372,0x55555556750e,0x3ccce21,0
8373,0x555555567525,0x3ccce22,0
8374,0x555555567525,0x3ccce23,0
8375,0x555555567525,0x3ccce24,0
8376,0x55555556750e,0x3ccce25,0
8377,0x555555567525,0x3ccce26,0
8378,0x555555567525,0x3ccce27,0
8379,0x555555567525,0x3ccce28,0
8380,0x55555556750e,0x3ccce29,0
8381,0x55555556750e,0x3ccce2a,0
8382,0x55555556750e,0x3ccce2b,0
8383,0x555555567525,0x3ccce2c,0
8384,0x55555556750e,0x3ccce2d,0
8385,0x555555567525,0x3ccce2e,0
8386,0x55555556750e,0x3ccce2f,0
8387,0x55555556750e,0x3ccce30,0
8388,0x555555567525,0x3ccce31,0
8389,0x555555567525,0x3ccce32,0
8390,0x55555556750e,0x3ccce33,0
8391,0x555555567525,0x3ccce34,0
8392,0x55555556750e,0x3ccce35,0
8393,0x555555567525,0x3ccce36,0
8394,0x55555556750e,0x3ccce37,0
8395,0x55555556750e,0x3ccce38,0
8396,0x55555556750e,0x3ccce39,0
8397,0x55555556750e,0x3ccce3a,0
8398,0x555555567525,0x3ccce3b,0
8399,0x555555567525,0x3ccce3c,0
8400,0x55555556750e,0x3ccce3d,0
8401,0x555555567525,0x3ccce3e,0
8402,0x555555567525,0x3ccce3f,0
8403,0x555555567525,0x268e8c80,0
8404,0x55555556750e,0x268e8c81,0
8405,0x555555567525,0x268e8c82,0
8406,0x55555556750e,0x268e8c83,0
8407,0x555555567525,0x268e8c84,0
8408,0x55555556750e,0x268e8c85,0
8409,0x555555567525,0x268e8c86,0
8410,0x555555567525,0x268e8c87,0
8411,0x55555556750e,0x268e8c88,0
8412,0x55555556750e,0x268e8c89,0
8413,0x555555567525,0x268e8c8a,0
8414,0x55555556750e,0x268e8c8b,0
8415,0x555555567525,0x268e8c8c,0
8416,0x55555556750e,0x268e8c8d,0
8417,0x555555567525,0x268e8c8e,0
8418,0x555555567525,0x268e8c8f,0
8419,0x555555567525,0x268e8c90,0
8420,0x55555556750e,0x268e8c91,0
8421,0x555555567525,0x268e8c92,0
8422,0x555555567525,0x268e8c93,0
8423,0x55555556750e,0x268e8c94,0
8424,0x55555556750e,0x268e8c95,0
8425,0x555555567525,0x268e8c96,0
8426,0x555555567525,0x268e8c97,0
8427,0x55555556750e,0x268e8c98,0
8428,0x55555556750e,0x268e8c99,0
8429,0x555555567525,0x268e8c9a,0
8430,0x55555556750e,0x268e8c9b,0
8431,0x555555567525,0x268e8c9c,0
8432,0x55555556750e,0x268e8c9d,0
8433,0x55555556750e,0x268e8c9e,0
8434,0x55555556750e,0x268e8c9f,0
8435,0x55555556750e,0x268e8ca0,0
8436,0x55555556750e,0x268e8ca1,0
8437,0x55555556750e,0x268e8ca2,0
8438,0x55555556750e,0x268e8ca3,0
8439,0x555555567525,0x268e8ca4,0
8440,0x555555567525,0x268e8ca5,0
8441,0x55555556750e,0x268e8ca6,0
8442,0x55555556750e,0x268e8ca7,0
8443,0x555555567525,0x268e8ca8,0
8444,0x55555556750e,0x268e8ca9,0
8445,0x55555556750e,0x268e8caa,0
8446,0x555555567525,0x268e8cab,0
8447,0x55555556750e,0x268e8cac,0
8448,0x555555567525,0x268e8cad,0
8449,0x55555556750e,0x268e8cae,0
8450,0x555555567525,0x268e8caf,0
8451,0x55555556750e,0x268e8cb0,0
8452,0x555555567525,0x268e8cb1,0
8453,0x55555556750e,0x268e8cb2,0
8454,0x555555567525,0x268e8cb3,0
8455,0x55555556750e,0x268e8cb4,0
8456,0x555555567525,0x268e8cb5,0
8457,0x55555556750e,0x268e8cb6,0
8458,0x55555556750e,0x268e8cb7,0
8459,0x555555567525,0x268e8cb8,0
8460,0x55555556750e,0x268e8cb9,0
8461,0x55555556750e,0x268e8cba,0
8462,0x55555556750e,0x268e8cbb,0
8463,0x55555556750e,0x268e8cbc,0
8464,0x555555567525,0x268e8cbd,0
8465,0x555555567525,0x268e8cbe,0
8466,0x55555556750e,0x268e8cbf,0
8467,0x555555567525,0x1456d100,0
8468,0x555555567525,0x1456d101,0
8469,0x55555556750e,0x1456d102,0
8470,0x55555556750e,0x1456d103,0
8471,0x55555556750e,0x1456d104,0
8472,0x555555567525,0x1456d105,0
8473,0x555555567525,0x1456d106,0
8474,0x555555567525,0x1456d107,0
8475,0x555555567525,0x1456d108,0
8476,0x55555556750e,0x1456d109,0
8477,0x555555567525,0x1456d10a,0
8478,0x55555556750e,0x1456d10b,0
8479,0x55555556750e,0x1456d10c,0
8480,0x55555556750e,0x1456d10d,0
8481,0x55555556750e,0x1456d10e,0
8482,0x55555556750e,0x1456d10f,0
8483,0x55555556750e,0x1456d110,0
8484,0x555555567525,0x1456d111,0
8485,0x55555556750e,0x1456d112,0
8486,0x55555556750e,0x1456d113,0
8487,0x555555567525,0x1456d114,0
8488,0x555555567525,0x1456d115,0
8489,0x555555567525,0x1456d116,0
8490,0x55555556750e,0x1456d117,0
8491,0x55555556750e,0x1456d118,0
8492,0x55555556750e,0x1456d119,0
8493,0x55555556750e,0x1456d11a,0
8494,0x55555556750e,0x1456d11b,0
8495,0x555555567525,0x1456d11c,0
8496,0x555555567525,0x1456d11d,0
8497,0x55555556750e,0x1456d11e,0
8498,0x55555556750e,0x1456d11f,0
8499,0x555555567525,0x1456d120,0
8500,0x55555556750e,0x1456d121,0
8501,0x55555556750e,0x1456d122,0
8502,0x555555567525,0x1456d123,0
8503,0x55555556750e,0x1456d124,0
8504,0x555555567525,0x1456d125,0
8505,0x55555556750e,0x1456d126,0
8506,0x555555567525,0x1456d127,0
8507,0x555555567525,0x1456d128,0
8508,0x55555556750e,0x1456d129,0
8509,0x555555567525,0x1456d12a,0
8510,0x55555556750e,0x1456d12b,0
8511,0x555555567525,0x1456d12c,0
8512,0x55555556750e,0x1456d12d,0
8513,0x55555556750e,0x1456d12e,0
8514,0x55555556750e,0x1456d12f,0
8515,0x555555567525,0x1456d130,0
8516,0x555555567525,0x1456d131,0
8517,0x55555556750e,0x1456d132,0
8518,0x555555567525,0x1456d133,0
8519,0x55555556750e,0x1456d134,0
8520,0x55555556750e,0x1456d135,0
8521,0x55555556750e,0x1456d136,0
8522,0x555555567525,0x1456d137,0
8523,0x55555556750e,0x1456d138,0
8524,0x55555556750e,0x1456d139,0
8525,0x55555556750e,0x1456d13a,0
8526,0x555555567525,0x1456d13b,0
8527,0x55555556750e,0x1456d13c,0
8528,0x555555567525,0x1456d13d,0
8529,0x555555567525,0x1456d13e,0
8530,0x55555556750e,0x1456d13f,0
8531,0x555555567525,0x23efd340,0
8532,0x55555556750e,0x23efd341,0
8533,0x555555567525,0x23efd342,0
8534,0x55555556750e,0x23efd343,0
8535,0x555555567525,0x23efd344,0
8536,0x55555556750e,0x23efd345,0
8537,0x55555556750e,0x23efd346,0
8538,0x55555556750e,0x23efd347,0
8539,0x55555556750e,0x23efd348,0
8540,0x55555556750e,0x23efd349,0
8541,0x555555567525,0x23efd34a,0
8542,0x55555556750e,0x23efd34b,0
8543,0x55555556750e,0x23efd34c,0
8544,0x555555567525,0x23efd34d,0
8545,0x55555556750e,0x23efd34e,0
8546,0x55555556750e,0x23efd34f,0
8547,0x55555556750e,0x23efd350,0
8548,0x555555567525,0x23efd351,0
8549,0x55555556750e,0x23efd352,0
8550,0x555555567525,0x23efd353,0
8551,0x55555556750e,0x23efd354,0
8552,0x555555567525,0x23efd355,0
8553,0x55555556750e,0x23efd356,0
8554,0x55555556750e,0x23efd357,0
8555,0x55555556750e,0x23efd358,0
8556,0x55555556750e,0x23efd359,0
8557,0x55555556750e,0x23efd35a,0
8558,0x55555556750e,0x23efd35b,0
8559,0x555555567525,0x23efd35c,0
8560,0x55555556750e,0x23efd35d,0
8561,0x555555567525,0x23efd35e,0
8562,0x55555556750e,0x23efd35f,0
8563,0x55555556750e,0x23efd360,0
8564,0x55555556750e,0x23efd361,0
8565,0x555555567525,0x23efd362,0
8566,0x55555556750e,0x23efd363,0
8567,0x55555556750e,0x23efd364,0
8568,0x555555567525,0x23efd365,0
8569,0x55555556750e,0x23efd366,0
8570,0x55555556750e,0x23efd367,0
8571,0x555555567525,0x23efd368,0
8572,0x55555556750e,0x23efd369,0
8573,0x55555556750e,0x23efd36a,0
8574,0x555555567525,0x23efd36b,0
8575,0x55555556750e,0x23efd36c,0
8576,0x55555556750e,0x23efd36d,0
8577,0x555555567525,0x23efd36e,0
8578,0x55555556750e,0x23efd36f,0
8579,0x555555567525,0x23efd370,0
8580,0x55555556750e,0x23efd371,0
8581,0x555555567525,0x23efd372,0
8582,0x555555567525,0x23efd373,0
8583,0x55555556750e,0x23efd374,0
8584,0x555555567525,0x23efd375,0
8585,0x55555556750e,0x23efd376,0
8586,0x555555567525,0x23efd377,0
8587,0x55555556750e,0x23efd378,0
8588,0x55555556750e,0x23efd379,0
8589,0x555555567525,0x23efd37a,0
8590,0x55555556750e,0x23efd37b,0
8591,0x555555567525,0x23efd37c,0
8592,0x555555567525,0x23efd37d,0
8593,0x555555567525,0x23efd37e,0
8594,0x555555567525,0x23efd37f,0
8595,0x555555567525,0x1cd84c80,0
8596,0x555555567525,0x1cd84c81,0
8597,0x55555556750e,0x1cd84c82,0
8598,0x55555556750e,0x1cd84c83,0
8599,0x55555556750e,0x1cd84c84,0
8600,0x55555556750e,0x1cd84c85,0
8601,0x555555567525,0x1cd84c86,0
8602,0x55555556750e,0x1cd84c87,0
8603,0x555555567525,0x1cd84c88,0
8604,0x55555556750e,0x1cd84c89,0
8605,0x555555567525,0x1cd84c8a,0
8606,0x55555556750e,0x1cd84c8b,0
8607,0x55555556750e,0x1cd84c8c,0
8608,0x55555556750e,0x1cd84c8d,0
8609,0x55555556750e,0x1cd84c8e,0
8610,0x55555556750e,0x1cd84c8f,0
8611,0x55555556750e,0x1cd84c90,0
8612,0x555555567525,0x1cd84c91,0
8613,0x555555567525,0x1cd84c92,0
8614,0x55555556750e,0x1cd84c93,0
8615,0x555555567525,0x1cd84c94,0
8616,0x55555556750e,0x1cd84c95,0
8617,0x55555556750e,0x1cd84c96,0
8618,0x555555567525,0x1cd84c97,0
8619,0x55555556750e,0x1cd84c98,0
8620,0x55555556750e,0x1cd84c99,0
8621,0x55555556750e,0x1cd84c9a,0
8622,0x55555556750e,0x1cd84c9b,0
8623,0x555555567525,0x1cd84c9c,0
8624,0x555555567525,0x1cd84c9d,0
8625,0x55555556750e,0x1cd84c9e,0
8626,0x555555567525,0x1cd84c9f,0
8627,0x55555556750e,0x1cd84ca0,0
8628,0x55555556750e,0x1cd84ca1,0
8629,0x555555567525,0x1cd84ca2,0
8630,0x55555556750e,0x1cd84ca3,0
8631,0x555555567525,0x1cd84ca4,0
8632,0x55555556750e,0x1cd84ca5,0
8633,0x555555567525,0x1cd84ca6,0
8634,0x555555567525,0x1cd84ca7,0
8635,0x555555567525,0x1cd84ca8,0
8636,0x55555556750e,0x1cd84ca9,0
8637,0x555555567525,0x1cd84caa,0
8638,0x55555556750e,0x1cd84cab,0
8639,0x55555556750e,0x1cd84cac,0
8640,0x55555556750e,0x1cd84cad,0
8641,0x55555556750e,0x1cd84cae,0
8642,0x55555556750e,0x1cd84caf,0
8643,0x55555556750e,0x1cd84cb0,0
8644,0x555555567525,0x1cd84cb1,0
8645,0x55555556750e,0x1cd84cb2,0
8646,0x55555556750e,0x1cd84cb3,0
8647,0x555555567525,0x1cd84cb4,0
8648,0x55555556750e,0x1cd84cb5,0
8649,0x55555556750e,0x1cd84cb6,0
8650,0x55555556750e,0x1cd84cb7,0
8651,0x55555556750e,0x1cd84cb8,0
8652,0x55555556750e,0x1cd84cb9,0
8653,0x55555556750e,0x1cd84cba,0
8654,0x555555567525,0x1cd84cbb,0
8655,0x555555567525,0x1cd84cbc,0
8656,0x555555567525,0x1cd84cbd,0
8657,0x55555556750e,0x1cd84cbe,0
8658,0x55555556750e,0x1cd84cbf,0
8659,0x555555567525,0x2ee07d00,0
8660,0x55555556750e,0x2ee07d01,0
8661,0x555555567525,0x2ee07d02,0
8662,0x555555567525,0x2ee07d03,0
8663,0x55555556750e,0x2ee07d04,0
8664,0x555555567525,0x2ee07d05,0
8665,0x555555567525,0x2ee07d06,0
8666,0x55555556750e,0x2ee07d07,0
8667,0x555555567525,0x2ee07d08,0
8668,0x55555556750e,0x2ee07d09,0
8669,0x55555556750e,0x2ee07d0a,0
8670,0x555555567525,0x2ee07d0b,0
8671,0x555555567525,0x2ee07d0c,0
8672,0x55555556750e,0x2ee07d0d,0
8673,0x555555567525,0x2ee07d0e,0
8674,0x555555567525,0x2ee07d0f,0
8675,0x555555567525,0x2ee07d10,0
8676,0x55555556750e,0x2ee07d11,0
8677,0x555555567525,0x2ee07d12,0
8678,0x555555567525,0x2ee07d13,0
8679,0x55555556750e,0x2ee07d14,0
8680,0x55555556750e,0x2ee07d15,0
8681,0x55555556750e,0x2ee07d16,0
8682,0x555555567525,0x2ee07d17,0
8683,0x55555556750e,0x2ee07d18,0
8684,0x55555556750e,0x2ee07d19,0
8685,0x55555556750e,0x2ee07d1a,0
8686,0x555555567525,0x2ee07d1b,0
8687,0x555555567525,0x2ee07d1c,0
8688,0x555555567525,0x2ee07d1d,0
8689,0x55555556750e,0x2ee07d1e,0
8690,0x555555567525,0x2ee07d1f,0
8691,0x55555556750e,0x2ee07d20,0
8692,0x555555567525,0x2ee07d21,0
8693,0x55555556750e,0x2ee07d22,0
8694,0x55555556750e,0x2ee07d23,0
8695,0x55555556750e,0x2ee07d24,0
8696,0x555555567525,0x2ee07d25,0
8697,0x555555567525,0x2ee07d26,0
8698,0x55555556750e,0x2ee07d27,0
8699,0x555555567525,0x2ee07d28,0
8700,0x55555556750e,0x2ee07d29,0
8701,0x55555556750e,0x2ee07d2a,0
8702,0x555555567525,0x2ee07d2b,0
8703,0x55555556750e,0x2ee07d2c,0
8704,0x555555567525,0x2ee07d2d,0
8705,0x55555556750e,0x2ee07d2e,0
8706,0x55555556750e,0x2ee07d2f,0
8707,0x55555556750e,0x2ee07d30,0
8708,0x555555567525,0x2ee07d31,0
8709,0x555555567525,0x2ee07d32,0
8710,0x55555556750e,0x2ee07d33,0
8711,0x555555567525,0x2ee07d34,0
8712,0x55555556750e,0x2ee07d35,0
8713,0x55555556750e,0x2ee07d36,0
8714,0x555555567525,0x2ee07d37,0
8715,0x555555567525,0x2ee07d38,0
8716,0x55555556750e,0x2ee07d39,0
8717,0x555555567525,0x2ee07d3a,0
8718,0x55555556750e,0x2ee07d3b,0
8719,0x555555567525,0x2ee07d3c,0
8720,0x55555556750e,0x2ee07d3d,0
8721,0x555555567525,0x2ee07d3e,0
8722,0x55555556750e,0x2ee07d3f,0
8723,0x55555556750e,0x280756c0,0
8724,0x555555567525,0x280756c1,0
8725,0x55555556750e,0x280756c2,0
8726,0x555555567525,0x280756c3,0
8727,0x55555556750e,0x280756c4,0
8728,0x555555567525,0x280756c5,0
8729,0x55555556750e,0x280756c6,0
8730,0x555555567525,0x280756c7,0
8731,0x555555567525,0x280756c8,0
8732,0x55555556750e,0x280756c9,0
8733,0x555555567525,0x280756ca,0
8734,0x55555556750e,0x280756cb,0
8735,0x555555567525,0x280756cc,0
8736,0x55555556750e,0x280756cd,0
8737,0x55555556750e,0x280756ce,0
8738,0x555555567525,0x280756cf,0
8739,0x55555556750e,0x280756d0,0
8740,0x555555567525,0x280756d1,0
8741,0x555555567525,0x280756d2,0
8742,0x55555556750e,0x280756d3,0
8743,0x555555567525,0x280756d4,0
8744,0x55555556750e,0x280756d5,0
8745,0x555555567525,0x280756d6,0
8746,0x55555556750e,0x280756d7,0
8747,0x55555556750e,0x280756d8,0
8748,0x55555556750e,0x280756d9,0
8749,0x55555556750e,0x280756da,0
8750,0x55555556750e,0x280756db,0
8751,0x555555567525,0x280756dc,0
8752,0x55555556750e,0x280756dd,0
8753,0x55555556750e,0x280756de,0
8754,0x555555567525,0x280756df,0
8755,0x55555556750e,0x280756e0,0
8756,0x555555567525,0x280756e1,0
8757,0x55555556750e,0x280756e2,0
8758,0x55555556750e,0x280756e3,0
8759,0x55555556750e,0x280756e4,0
8760,0x55555556750e,0x280756e5,0
8761,0x55555556750e,0x280756e6,0
8762,0x555555567525,0x280756e7,0
8763,0x555555567525,0x280756e8,0
8764,0x55555556750e,0x280756e9,0
8765,0x55555556750e,0x280756ea,0
8766,0x555555567525,0x280756eb,0
8767,0x55555556750e,0x280756ec,0
8768,0x555555567525,0x280756ed,0
8769,0x55555556750e,0x280756ee,0
8770,0x55555556750e,0x280756ef,0
8771,0x55555556750e,0x280756f0,0
8772,0x555555567525,0x280756f1,0
8773,0x555555567525,0x280756f2,0
8774,0x555555567525,0x280756f3,0
8775,0x555555567525,0x280756f4,0
8776,0x55555556750e,0x280756f5,0
8777,0x555555567525,0x280756f6,0
8778,0x555555567525,0x280756f7,0
8779,0x55555556750e,0x280756f8,0
8780,0x55555556750e,0x280756f9,0
8781,0x555555567525,0x280756fa,0
8782,0x55555556750e,0x280756fb,0
8783,0x555555567525,0x280756fc,0
8784,0x555555567525,0x280756fd,0
8785,0x55555556750e,0x280756fe,0
8786,0x55555556750e,0x280756ff,0
8787,0x555555567525,0x2c672740,0
8788,0x55555556750e,0x2c672741,0
8789,0x555555567525,0x2c672742,0
8790,0x55555556750e,0x2c672743,0
8791,0x555555567525,0x2c672744,0
8792,0x555555567525,0x2c672745,0
8793,0x55555556750e,0x2c672746,0
8794,0x555555567525,0x2c672747,0
8795,0x55555556750e,0x2c672748,0
8796,0x55555556750e,0x2c672749,0
8797,0x55555556750e,0x2c67274a,0
8798,0x55555556750e,0x2c67274b,0
8799,0x555555567525,0x2c67274c,0
8800,0x55555556750e,0x2c67274d,0
8801,0x555555567525,0x2c67274e,0
8802,0x55555556750e,0x2c67274f,0
8803,0x55555556750e,0x2c672750,0
8804,0x555555567525,0x2c672751,0
8805,0x55555556750e,0x2c672752,0
8806,0x555555567525,0x2c672753,0
8807,0x55555556750e,0x2c672754,0
8808,0x555555567525,0x2c672755,0
8809,0x55555556750e,0x2c672756,0
8810,0x555555567525,0x2c672757,0
8811,0x555555567525,0x2c672758,0
8812,0x55555556750e,0x2c672759,0
8813,0x555555567525,0x2c67275a,0
8814,0x55555556750e,0x2c67275b,0
8815,0x55555556750e,0x2c67275c,0
8816,0x555555567525,0x2c67275d,0
8817,0x55555556750e,0x2c67275e,0
8818,0x555555567525,0x2c67275f,0
8819,0x55555556750e,0x2c672760,0
8820,0x55555556750e,0x2c672761,0
8821,0x55555556750e,0x2c672762,0
8822,0x55555556750e,0x2c672763,0
8823,0x55555556750e,0x2c672764,0
8824,0x55555556750e,0x2c672765,0
8825,0x55555556750e,0x2c672766,0
8826,0x555555567525,0x2c672767,0
8827,0x55555556750e,0x2c672768,0
8828,0x55555556750e,0x2c672769,0
8829,0x55555556750e,0x2c67276a,0
8830,0x555555567525,0x2c67276b,0
8831,0x55555556750e,0x2c67276c,0
8832,0x55555556750e,0x2c67276d,0
8833,0x555555567525,0x2c67276e,0
8834,0x555555567525,0x2c67276f,0
8835,0x55555556750e,0x2c672770,0
8836,0x555555567525,0x2c672771,0
8837,0x55555556750e,0x2c672772,0
8838,0x55555556750e,0x2c672773,0
8839,0x555555567525,0x2c672774,0
8840,0x555555567525,0x2c672775,0
8841,0x55555556750e,0x2c672776,0
8842,0x555555567525,0x2c672777,0
8843,0x55555556750e,0x2c672778,0
8844,0x555555567525,0x2c672779,0
8845,0x55555556750e,0x2c67277a,0
8846,0x555555567525,0x2c67277b,0
8847,0x55555556750e,0x2c67277c,0
8848,0x555555567525,0x2c67277d,0
8849,0x555555567525,0x2c67277e,0
8850,0x55555556750e,0x2c67277f,0
8851,0x55555556750e,0x7db45c0,0
8852,0x55555556750e,0x7db45c1,0
8853,0x55555556750e,0x7db45c2,0
8854,0x55555556750e,0x7db45c3,0
8855,0x55555556750e,0x7db45c4,0
8856,0x55555556750e,0x7db45c5,0
8857,0x555555567525,0x7db45c6,0
8858,0x55555556750e,0x7db45c7,0
8859,0x55555556750e,0x7db45c8,0
8860,0x555555567525,0x7db45c9,0
8861,0x55555556750e,0x7db45ca,0
8862,0x55555556750e,0x7db45cb,0
8863,0x555555567525,0x7db45cc,0
8864,0x55555556750e,0x7db45cd,0
8865,0x555555567525,0x7db45ce,0
8866,0x55555556750e,0x7db45cf,0
8867,0x555555567525,0x7db45d0,0
8868,0x555555567525,0x7db45d1,0
8869,0x55555556750e,0x7db45d2,0
8870,0x55555556750e,0x7db45d3,0
8871,0x55555556750e,0x7db45d4,0
8872,0x55555556750e,0x7db45d5,0
8873,0x555555567525,0x7db45d6,0
8874,0x55555556750e,0x7db45d7,0
8875,0x55555556750e,0x7db45d8,0
8876,0x55555556750e,0x7db45d9,0
8877,0x55555556750e,0x7db45da,0
8878,0x55555556750e,0x7db45db,0
8879,0x555555567525,0x7db45dc,0
8880,0x555555567525,0x7db45dd,0
8881,0x55555556750e,0x7db45de,0
8882,0x555555567525,0x7db45df,0
8883,0x555555567525,0x7db45e0,0
8884,0x555555567525,0x7db45e1,0
8885,0x55555556750e,0x7db45e2,0
8886,0x555555567525,0x7db45e3,0
8887,0x55555556750e,0x7db45e4,0
8888,0x555555567525,0x7db45e5,0
8889,0x555555567525,0x7db45e6,0
8890,0x555555567525,0x7db45e7,0
8891,0x55555556750e,0x7db45e8,0
8892,0x55555556750e,0x7db45e9,0
8893,0x55555556750e,0x7db45ea,0
8894,0x55555556750e,0x7db45eb,0
8895,0x55555556750e,0x7db45ec,0
8896,0x55555556750e,0x7db45ed,0
8897,0x555555567525,0x7db45ee,0
8898,0x55555556750e,0x7db45ef,0
8899,0x55555556750e,0x7db45f0,0
8900,0x555555567525,0x7db45f1,0
8901,0x555555567525,0x7db45f2,0
8902,0x555555567525,0x7db45f3,0
8903,0x555555567525,0x7db45f4,0
8904,0x55555556750e,0x7db45f5,0
8905,0x55555556750e,0x7db45f6,0
8906,0x555555567525,0x7db45f7,0
8907,0x55555556750e,0x7db45f8,0
8908,0x55555556750e,0x7db45f9,0
8909,0x555555567525,0x7db45fa,0
8910,0x55555556750e,0x7db45fb,0
8911,0x55555556750e,0x7db45fc,0
8912,0x55555556750e,0x7db45fd,0
8913,0x55555556750e,0x7db45fe,0
8914,0x55555556750e,0x7db45ff,0
8915,0x55555556750e,0x2063a3c0,0
8916,0x555555567525,0x2063a3c1,0
8917,0x55555556750e,0x2063a3c2,0
8918,0x555555567525,0x2063a3c3,0
8919,0x55555556750e,0x2063a3c4,0
8920,0x555555567525,0x2063a3c5,0
8921,0x555555567525,0x2063a3c6,0
8922,0x55555556750e,0x2063a3c7,0
8923,0x55555556750e,0x2063a3c8,0
8924,0x55555556750e,0x2063a3c9,0
8925,0x555555567525,0x2063a3ca,0
8926,0x55555556750e,0x2063a3cb,0
8927,0x55555556750e,0x2063a3cc,0
8928,0x555555567525,0x2063a3cd,0
8929,0x555555567525,0x2063a3ce,0
8930,0x555555567525,0x2063a3cf,0
8931,0x55555556750e,0x2063a3d0,0
8932,0x555555567525,0x2063a3d1,0
8933,0x555555567525,0x2063a3d2,0
8934,0x555555567525,0x2063a3d3,0
8935,0x555555567525,0x2063a3d4,0
8936,0x55555556750e,0x2063a3d5,0
8937,0x555555567525,0x2063a3d6,0
8938,0x55555556750e,0x2063a3d7,0
8939,0x555555567525,0x2063a3d8,0
8940,0x55555556750e,0x2063a3d9,0
8941,0x55555556750e,0x2063a3da,0
8942,0x555555567525,0x2063a3db,0
8943,0x55555556750e,0x2063a3dc,0
8944,0x555555567525,0x2063a3dd,0
8945,0x555555567525,0x2063a3de,0
8946,0x55555556750e,0x2063a3df,0
8947,0x55555556750e,0x2063a3e0,0
8948,0x55555556750e,0x2063a3e1,0
8949,0x555555567525,0x2063a3e2,0
8950,0x55555556750e,0x2063a3e3,0
8951,0x55555556750e,0x2063a3e4,0
8952,0x55555556750e,0x2063a3e5,0
8953,0x555555567525,0x2063a3e6,0
8954,0x555555567525,0x2063a3e7,0
8955,0x55555556750e,0x2063a3e8,0
8956,0x55555556750e,0x2063a3e9,0
8957,0x55555556750e,0x2063a3ea,0
8958,0x555555567525,0x2063a3eb,0
8959,0x555555567525,0x2063a3ec,0
8960,0x555555567525,0x2063a3ed,0
8961,0x55555556750e,0x2063a3ee,0
8962,0x555555567525,0x2063a3ef,0
8963,0x55555556750e,0x2063a3f0,0
8964,0x555555567525,0x2063a3f1,0
8965,0x55555556750e,0x2063a3f2,0
8966,0x55555556750e,0x2063a3f3,0
8967,0x55555556750e,0x2063a3f4,0
8968,0x55555556750e,0x2063a3f5,0
8969,0x55555556750e,0x2063a3f6,0
8970,0x555555567525,0x2063a3f7,0
8971,0x55555556750e,0x2063a3f8,0
8972,0x55555556750e,0x2063a3f9,0
8973,0x55555556750e,0x2063a3fa,0
8974,0x55555556750e,0x2063a3fb,0
8975,0x55555556750e,0x2063a3fc,0
8976,0x55555556750e,0x2063a3fd,0
8977,0x55555556750e,0x2063a3fe,0
8978,0x555555567525,0x2063a3ff,0
8979,0x555555567525,0x9da98c0,0
8980,0x55555556750e,0x9da98c1,0
8981,0x55555556750e,0x9da98c2,0
8982,0x55555556750e,0x9da98c3,0
8983,0x555555567525,0x9da98c4,0
8984,0x55555556750e,0x9da98c5,0
8985,0x555555567525,0x9da98c6,0
8986,0x55555556750e,0x9da98c7,0
8987,0x555555567525,0x9da98c8,0
8988,0x55555556750e,0x9da98c9,0
8989,0x55555556750e,0x9da98ca,0
8990,0x555555567525,0x9da98cb,0
8991,0x55555556750e,0x9da98cc,0
8992,0x55555556750e,0x9da98cd,0
8993,0x55555556750e,0x9da98ce,0
8994,0x555555567525,0x9da98cf,0
8995,0x55555556750e,0x9da98d0,0
8996,0x555555567525,0x9da98d1,0
8997,0x555555567525,0x9da98d2,0
8998,0x555555567525,0x9da98d3,0
8999,0x55555556750e,0x9da98d4,0
9000,0x555555567525,0x9da98d5,0
9001,0x55555556750e,0x9da98d6,0
9002,0x555555567525,0x9da98d7,0
9003,0x555555567525,0x9da98d8,0
9004,0x55555556750e,0x9da98d9,0
9005,0x555555567525,0x9da98da,0
9006,0x55555556750e,0x9da98db,0
9007,0x555555567525,0x9da98dc,0
9008,0x555555567525,0x9da98dd,0
9009,0x55555556750e,0x9da98de,0
9010,0x555555567525,0x9da98df,0
9011,0x55555556750e,0x9da98e0,0
9012,0x55555556750e,0x9da98e1,0
9013,0x55555556750e,0x9da98e2,0
9014,0x55555556750e,0x9da98e3,0
9015,0x555555567525,0x9da98e4,0
9016,0x55555556750e,0x9da98e5,0
9017,0x55555556750e,0x9da98e6,0
9018,0x555555567525,0x9da98e7,0
9019,0x555555567525,0x9da98e8,0
9020,0x55555556750e,0x9da98e9,0
9021,0x555555567525,0x9da98ea,0
9022,0x55555556750e,0x9da98eb,0
9023,0x55555556750e,0x9da98ec,0
9024,0x55555556750e,0x9da98ed,0
9025,0x55555556750e,0x9da98ee,0
9026,0x55555556750e,0x9da98ef,0
9027,0x555555567525,0x9da98f0,0
9028,0x555555567525,0x9da98f1,0
9029,0x55555556750e,0x9da98f2,0
9030,0x55555556750e,0x9da98f3,0
9031,0x555555567525,0x9da98f4,0
9032,0x55555556750e,0x9da98f5,0
9033,0x555555567525,0x9da98f6,0
9034,0x55555556750e,0x9da98f7,0
9035,0x555555567525,0x9da98f8,0
9036,0x55555556750e,0x9da98f9,0
9037,0x555555567525,0x9da98fa,0
9038,0x555555567525,0x9da98fb,0
9039,0x555555567525,0x9da98fc,0
9040,0x555555567525,0x9da98fd,0
9041,0x555555567525,0x9da98fe,0
9042,0x555555567525,0x9da98ff,0
9043,0x55555556750e,0x6fa20c0,0
9044,0x555555567525,0x6fa20c1,0
9045,0x55555556750e,0x6fa20c2,0
9046,0x555555567525,0x6fa20c3,0
9047,0x55555556750e,0x6fa20c4,0
9048,0x555555567525,0x6fa20c5,0
9049,0x55555556750e,0x6fa20c6,0
9050,0x555555567525,0x6fa20c7,0
9051,0x555555567525,0x6fa20c8,0
9052,0x55555556750e,0x6fa20c9,0
9053,0x55555556750e,0x6fa20ca,0
9054,0x55555556750e,0x6fa20cb,0
9055,0x55555556750e,0x6fa20cc,0
9056,0x55555556750e,0x6fa20cd,0
9057,0x55555556750e,0x6fa20ce,0
9058,0x555555567525,0x6fa20cf,0
9059,0x55555556750e,0x6fa20d0,0
9060,0x555555567525,0x6fa20d1,0
9061,0x55555556750e,0x6fa20d2,0
9062,0x55555556750e,0x6fa20d3,0
9063,0x55555556750e,0x6fa20d4,0
9064,0x55555556750e,0x6fa20d5,0
9065,0x55555556750e,0x6fa20d6,0
9066,0x55555556750e,0x6fa20d7,0
9067,0x55555556750e,0x6fa20d8,0
9068,0x55555556750e,0x6fa20d9,0
9069,0x55555556750e,0x6fa20da,0
9070,0x55555556750e,0x6fa20db,0
9071,0x555555567525,0x6fa20dc,0
9072,0x555555567525,0x6fa20dd,0
9073,0x55555556750e,0x6fa20de,0
9074,0x555555567525,0x6fa20df,0
9075,0x555555567525,0x6fa20e0,0
9076,0x55555556750e,0x6fa20e1,0
9077,0x55555556750e,0x6fa20e2,0
9078,0x555555567525,0x6fa20e3,0
9079,0x55555556750e,0x6fa20e4,0
9080,0x555555567525,0x6fa20e5,0
9081,0x55555556750e,0x6fa20e6,0
9082,0x55555556750e,0x6fa20e7,0
9083,0x555555567525,0x6fa20e8,0
9084,0x55555556750e,0x6fa20e9,0
9085,0x55555556750e,0x6fa20ea,0
9086,0x555555567525,0x6fa20eb,0
9087,0x55555556750e,0x6fa20ec,0
9088,0x55555556750e,0x6fa20ed,0
9089,0x55555556750e,0x6fa20ee,0
9090,0x55555556750e,0x6fa20ef,0
9091,0x55555556750e,0x6fa20f0,0
9092,0x555555567525,0x6fa20f1,0
9093,0x555555567525,0x6fa20f2,0
9094,0x55555556750e,0x6fa20f3,0
9095,0x555555567525,0x6fa20f4,0
9096,0x555555567525,0x6fa20f5,0
9097,0x55555556750e,0x6fa20f6,0
9098,0x555555567525,0x6fa20f7,0
9099,0x55555556750e,0x6fa20f8,0
9100,0x555555567525,0x6fa20f9,0
9101,0x55555556750e,0x6fa20fa,0
9102,0x55555556750e,0x6fa20fb,0
9103,0x555555567525,0x6fa20fc,0
9104,0x555555567525,0x6fa20fd,0
9105,0x55555556750e,0x6fa20fe,0
9106,0x555555567525,0x6fa20ff,0
9107,0x555555567525,0x2bcb1900,0
9108,0x555555567525,0x2bcb1901,0
9109,0x555555567525,0x2bcb1902,0
9110,0x555555567525,0x2bcb1903,0
9111,0x55555556750e,0x2bcb1904,0
9112,0x555555567525,0x2bcb1905,0
9113,0x555555567525,0x2bcb1906,0
9114,0x555555567525,0x2bcb1907,0
9115,0x55555556750e,0x2bcb1908,0
9116,0x55555556750e,0x2bcb1909,0
9117,0x55555556750e,0x2bcb190a,0
9118,0x555555567525,0x2bcb190b,0
9119,0x55555556750e,0x2bcb190c,0
9120,0x555555567525,0x2bcb190d,0
9121,0x55555556750e,0x2bcb190e,0
9122,0x55555556750e,0x2bcb190f,0
9123,0x55555556750e,0x2bcb1910,0
9124,0x555555567525,0x2bcb1911,0
9125,0x555555567525,0x2bcb1912,0
9126,0x55555556750e,0x2bcb1913,0
9127,0x555555567525,0x2bcb1914,0
9128,0x555555567525,0x2bcb1915,0
9129,0x555555567525,0x2bcb1916,0
9130,0x55555556750e,0x2bcb1917,0
9131,0x555555567525,0x2bcb1918,0
9132,0x55555556750e,0x2bcb1919,0
9133,0x555555567525,0x2bcb191a,0
9134,0x55555556750e,0x2bcb191b,0
9135,0x555555567525,0x2bcb191c,0
9136,0x555555567525,0x2bcb191d,0
9137,0x55555556750e,0x2bcb191e,0
9138,0x555555567525,0x2bcb191f,0
9139,0x55555556750e,0x2bcb1920,0
9140,0x55555556750e,0x2bcb1921,0
9141,0x555555567525,0x2bcb1922,0
9142,0x55555556750e,0x2bcb1923,0
9143,0x555555567525,0x2bcb1924,0
9144,0x55555556750e,0x2bcb1925,0
9145,0x555555567525,0x2bcb1926,0
9146,0x555555567525,0x2bcb1927,0
9147,0x555555567525,0x2bcb1928,0
9148,0x55555556750e,0x2bcb1929,0
9149,0x555555567525,0x2bcb192a,0
9150,0x555555567525,0x2bcb192b,0
9151,0x555555567525,0x2bcb192c,0
9152,0x55555556750e,0x2bcb192d,0
9153,0x555555567525,0x2bcb192e,0
9154,0x55555556750e,0x2bcb192f,0
9155,0x55555556750e,0x2bcb1930,0
9156,0x555555567525,0x2bcb1931,0
9157,0x55555556750e,0x2bcb1932,0
9158,0x55555556750e,0x2bcb1933,0
9159,0x55555556750e,0x2bcb1934,0
9160,0x555555567525,0x2bcb1935,0
9161,0x55555556750e,0x2bcb1936,0
9162,0x55555556750e,0x2bcb1937,0
9163,0x55555556750e,0x2bcb1938,0
9164,0x55555556750e,0x2bcb1939,0
9165,0x55555556750e,0x2bcb193a,0
9166,0x55555556750e,0x2bcb193b,0
9167,0x555555567525,0x2bcb193c,0
9168,0x555555567525,0x2bcb193d,0
9169,0x555555567525,0x2bcb193e,0
9170,0x55555556750e,0x2bcb193f,0
9171,0x555555567525,0x292b2640,0
9172,0x555555567525,0x292b2641,0
9173,0x55555556750e,0x292b2642,0
9174,0x555555567525,0x292b2643,0
9175,0x55555556750e,0x292b2644,0
9176,0x55555556750e,0x292b2645,0
9177,0x55555556750e,0x292b2646,0
9178,0x55555556750e,0x292b2647,0
9179,0x55555556750e,0x292b2648,0
9180,0x55555556750e,0x292b2649,0
9181,0x55555556750e,0x292b264a,0
9182,0x55555556750e,0x292b264b,0
9183,0x555555567525,0x292b264c,0
9184,0x555555567525,0x292b264d,0
9185,0x555555567525,0x292b264e,0
9186,0x55555556750e,0x292b264f,0
9187,0x555555567525,0x292b2650,0
9188,0x55555556750e,0x292b2651,0
9189,0x555555567525,0x292b2652,0
9190,0x555555567525,0x292b2653,0
9191,0x55555556750e,0x292b2654,0
9192,0x55555556750e,0x292b2655,0
9193,0x55555556750e,0x292b2656,0
9194,0x555555567525,0x292b2657,0
9195,0x55555556750e,0x292b2658,0
9196,0x55555556750e,0x292b2659,0
9197,0x55555556750e,0x292b265a,0
9198,0x55555556750e,0x292b265b,0
9199,0x555555567525,0x292b265c,0
9200,0x555555567525,0x292b265d,0
9201,0x55555556750e,0x292b265e,0
9202,0x55555556750e,0x292b265f,0
9203,0x555555567525,0x292b2660,0
9204,0x55555556750e,0x292b2661,0
9205,0x555555567525,0x292b2662,0
9206,0x555555567525,0x292b2663,0
9207,0x55555556750e,0x292b2664,0
9208,0x555555567525,0x292b2665,0
9209,0x55555556750e,0x292b2666,0
9210,0x555555567525,0x292b2667,0
9211,0x555555567525,0x292b2668,0
9212,0x55555556750e,0x292b2669,0
9213,0x555555567525,0x292b266a,0
9214,0x55555556750e,0x292b266b,0
9215,0x55555556750e,0x292b266c,0
9216,0x55555556750e,0x292b266d,0
9217,0x55555556750e,0x292b266e,0
9218,0x55555556750e,0x292b266f,0
9219,0x555555567525,0x292b2670,0
9220,0x55555556750e,0x292b2671,0
9221,0x555555567525,0x292b2672,0
9222,0x555555567525,0x292b2673,0
9223,0x55555556750e,0x292b2674,0
9224,0x55555556750e,0x292b2675,0
9225,0x55555556750e,0x292b2676,0
9226,0x555555567525,0x292b2677,0
9227,0x55555556750e,0x292b2678,0
9228,0x55555556750e,0x292b2679,0
9229,0x55555556750e,0x292b267a,0
9230,0x55555556750e,0x292b267b,0
9231,0x555555567525,0x292b267c,0
9232,0x555555567525,0x292b267d,0
9233,0x55555556750e,0x292b267e,0
9234,0x55555556750e,0x292b267f,0
9235,0x555555567525,0x17f99540,0
9236,0x55555556750e,0x17f99541,0
9237,0x55555556750e,0x17f99542,0
9238,0x55555556750e,0x17f99543,0
9239,0x55555556750e,0x17f99544,0
9240,0x555555567525,0x17f99545,0
9241,0x55555556750e,0x17f99546,0
9242,0x55555556750e,0x17f99547,0
9243,0x55555556750e,0x17f99548,0
9244,0x555555567525,0x17f99549,0
9245,0x55555556750e,0x17f9954a,0
9246,0x555555567525,0x17f9954b,0
9247,0x55555556750e,0x17f9954c,0
9248,0x55555556750e,0x17f9954d,0
9249,0x555555567525,0x17f9954e,0
9250,0x55555556750e,0x17f9954f,0
9251,0x555555567525,0x17f99550,0
9252,0x555555567525,0x17f99551,0
9253,0x55555556750e,0x17f99552,0
9254,0x55555556750e,0x17f99553,0
9255,0x55555556750e,0x17f99554,0
9256,0x55555556750e,0x17f99555,0
9257,0x555555567525,0x17f99556,0
9258,0x555555567525,0x17f99557,0
9259,0x555555567525,0x17f99558,0
9260,0x55555556750e,0x17f99559,0
9261,0x555555567525,0x17f9955a,0
9262,0x55555556750e,0x17f9955b,0
9263,0x555555567525,0x17f9955c,0
9264,0x55555556750e,0x17f9955d,0
9265,0x55555556750e,0x17f9955e,0
9266,0x55555556750e,0x17f9955f,0
9267,0x555555567525,0x17f99560,0
9268,0x55555556750e,0x17f99561,0
9269,0x55555556750e,0x17f99562,0
9270,0x555555567525,0x17f99563,0
9271,0x55555556750e,0x17f99564,0
9272,0x555555567525,0x17f99565,0
9273,0x55555556750e,0x17f99566,0
9274,0x555555567525,0x17f99567,0
9275,0x555555567525,0x17f99568,0
9276,0x55555556750e,0x17f99569,0
9277,0x55555556750e,0x17f9956a,0
9278,0x55555556750e,0x17f9956b,0
9279,0x55555556750e,0x17f9956c,0
9280,0x555555567525,0x17f9956d,0
9281,0x55555556750e,0x17f9956e,0
9282,0x55555556750e,0x17f9956f,0
9283,0x55555556750e,0x17f99570,0
9284,0x555555567525,0x17f99571,0
9285,0x555555567525,0x17f99572,0
9286,0x55555556750e,0x17f99573,0
9287,0x555555567525,0x17f99574,0
9288,0x55555556750e,0x17f99575,0
9289,0x55555556750e,0x17f99576,0
9290,0x55555556750e,0x17f99577,0
9291,0x555555567525,0x17f99578,0
9292,0x555555567525,0x17f99579,0
9293,0x55555556750e,0x17f9957a,0
9294,0x55555556750e,0x17f9957b,0
9295,0x55555556750e,0x17f9957c,0
9296,0x555555567525,0x17f9957d,0
9297,0x55555556750e,0x17f9957e,0
9298,0x555555567525,0x17f9957f,0
9299,0x555555567525,0x1674e140,0
9300,0x55555556750e,0x1674e141,0
9301,0x555555567525,0x1674e142,0
9302,0x55555556750e,0x1674e143,0
9303,0x555555567525,0x1674e144,0
9304,0x55555556750e,0x1674e145,0
9305,0x555555567525,0x1674e146,0
9306,0x555555567525,0x1674e147,0
9307,0x555555567525,0x1674e148,0
9308,0x55555556750e,0x1674e149,0
9309,0x55555556750e,0x1674e14a,0
9310,0x55555556750e,0x1674e14b,0
9311,0x55555556750e,0x1674e14c,0
9312,0x55555556750e,0x1674e14d,0
9313,0x55555556750e,0x1674e14e,0
9314,0x555555567525,0x1674e14f,0
9315,0x55555556750e,0x1674e150,0
9316,0x555555567525,0x1674e151,0
9317,0x55555556750e,0x1674e152,0
9318,0x55555556750e,0x1674e153,0
9319,0x555555567525,0x1674e154,0
9320,0x55555556750e,0x1674e155,0
9321,0x555555567525,0x1674e156,0
9322,0x555555567525,0x1674e157,0
9323,0x55555556750e,0x1674e158,0
9324,0x555555567525,0x1674e159,0
9325,0x55555556750e,0x1674e15a,0
9326,0x555555567525,0x1674e15b,0
9327,0x555555567525,0x1674e15c,0
9328,0x55555556750e,0x1674e15d,0
9329,0x555555567525,0x1674e15e,0
9330,0x55555556750e,0x1674e15f,0
9331,0x55555556750e,0x1674e160,0
9332,0x55555556750e,0x1674e161,0
9333,0x555555567525,0x1674e162,0
9334,0x555555567525,0x1674e163,0
9335,0x55555556750e,0x1674e164,0
9336,0x55555556750e,0x1674e165,0
9337,0x555555567525,0x1674e166,0
9338,0x555555567525,0x1674e167,0
9339,0x555555567525,0x1674e168,0
9340,0x55555556750e,0x1674e169,0
9341,0x55555556750e,0x1674e16a,0
9342,0x555555567525,0x1674e16b,0
9343,0x555555567525,0x1674e16c,0
9344,0x55555556750e,0x1674e16d,0
9345,0x555555567525,0x1674e16e,0
9346,0x55555556750e,0x1674e16f,0
9347,0x555555567525,0x1674e170,0
9348,0x555555567525,0x1674e171,0
9349,0x55555556750e,0x1674e172,0
9350,0x55555556750e,0x1674e173,0
9351,0x55555556750e,0x1674e174,0
9352,0x55555556750e,0x1674e175,0
9353,0x555555567525,0x1674e176,0
9354,0x55555556750e,0x1674e177,0
9355,0x555555567525,0x1674e178,0
9356,0x55555556750e,0x1674e179,0
9357,0x555555567525,0x1674e17a,0
9358,0x55555556750e,0x1674e17b,0
9359,0x555555567525,0x1674e17c,0
9360,0x555555567525,0x1674e17d,0
9361,0x55555556750e,0x1674e17e,0
9362,0x55555556750e,0x1674e17f,0
9363,0x555555567525,0x2d354500,0
9364,0x55555556750e,0x2d354501,0
9365,0x555555567525,0x2d354502,0
9366,0x55555556750e,0x2d354503,0
9367,0x55555556750e,0x2d354504,0
9368,0x55555556750e,0x2d354505,0
9369,0x55555556750e,0x2d354506,0
9370,0x555555567525,0x2d354507,0
9371,0x55555556750e,0x2d354508,0
9372,0x55555556750e,0x2d354509,0
9373,0x55555556750e,0x2d35450a,0
9374,0x555555567525,0x2d35450b,0
9375,0x55555556750e,0x2d35450c,0
9376,0x55555556750e,0x2d35450d,0
9377,0x55555556750e,0x2d35450e,0
9378,0x55555556750e,0x2d35450f,0
9379,0x55555556750e,0x2d354510,0
9380,0x55555556750e,0x2d354511,0
9381,0x55555556750e,0x2d354512,0
9382,0x55555556750e,0x2d354513,0
9383,0x555555567525,0x2d354514,0
9384,0x55555556750e,0x2d354515,0
9385,0x55555556750e,0x2d354516,0
9386,0x55555556750e,0x2d354517,0
9387,0x555555567525,0x2d354518,0
9388,0x55555556750e,0x2d354519,0
9389,0x55555556750e,0x2d35451a,0
9390,0x55555556750e,0x2d35451b,0
9391,0x55555556750e,0x2d35451c,0
9392,0x555555567525,0x2d35451d,0
9393,0x555555567525,0x2d35451e,0
9394,0x555555567525,0x2d35451f,0
9395,0x55555556750e,0x2d354520,0
9396,0x555555567525,0x2d354521,0
9397,0x55555556750e,0x2d354522,0
9398,0x55555556750e,0x2d354523,0
9399,0x55555556750e,0x2d354524,0
9400,0x55555556750e,0x2d354525,0
9401,0x55555556750e,0x2d354526,0
9402,0x555555567525,0x2d354527,0
9403,0x555555567525,0x2d354528,0
9404,0x555555567525,0x2d354529,0
9405,0x55555556750e,0x2d35452a,0
9406,0x555555567525,0x2d35452b,0
9407,0x55555556750e,0x2d35452c,0
9408,0x555555567525,0x2d35452d,0
9409,0x555555567525,0x2d35452e,0
9410,0x555555567525,0x2d35452f,0
9411,0x55555556750e,0x2d354530,0
9412,0x555555567525,0x2d354531,0
9413,0x55555556750e,0x2d354532,0
9414,0x55555556750e,0x2d354533,0
9415,0x55555556750e,0x2d354534,0
9416,0x555555567525,0x2d354535,0
9417,0x55555556750e,0x2d354536,0
9418,0x555555567525,0x2d354537,0
9419,0x55555556750e,0x2d354538,0
9420,0x55555556750e,0x2d354539,0
9421,0x555555567525,0x2d35453a,0
9422,0x555555567525,0x2d35453b,0
9423,0x55555556750e,0x2d35453c,0
9424,0x555555567525,0x2d35453d,0
9425,0x555555567525,0x2d35453e,0
9426,0x55555556750e,0x2d35453f,0
9427,0x555555567525,0xf58240,0
9428,0x555555567525,0xf58241,0
9429,0x55555556750e,0xf58242,0
9430,0x555555567525,0xf58243,0
9431,0x55555556750e,0xf58244,0
9432,0x555555567525,0xf58245,0
9433,0x55555556750e,0xf58246,0
9434,0x555555567525,0xf58247,0
9435,0x555555567525,0xf58248,0
9436,0x55555556750e,0xf58249,0
9437,0x55555556750e,0xf5824a,0
9438,0x555555567525,0xf5824b,0
9439,0x55555556750e,0xf5824c,0
9440,0x55555556750e,0xf5824d,0
9441,0x55555556750e,0xf5824e,0
9442,0x55555556750e,0xf5824f,0
9443,0x555555567525,0xf58250,0
9444,0x555555567525,0xf58251,0
9445,0x555555567525,0xf58252,0
9446,0x55555556750e,0xf58253,0
9447,0x555555567525,0xf58254,0
9448,0x55555556750e,0xf58255,0
9449,0x55555556750e,0xf58256,0
9450,0x55555556750e,0xf58257,0
9451,0x55555556750e,0xf58258,0
9452,0x55555556750e,0xf58259,0
9453,0x55555556750e,0xf5825a,0
9454,0x555555567525,0xf5825b,0
9455,0x555555567525,0xf5825c,0
9456,0x55555556750e,0xf5825d,0
9457,0x55555556750e,0xf5825e,0
9458,0x55555556750e,0xf5825f,0
9459,0x555555567525,0xf58260,0
9460,0x55555556750e,0xf58261,0
9461,0x55555556750e,0xf58262,0
9462,0x55555556750e,0xf58263,0
9463,0x55555556750e,0xf58264,0
9464,0x555555567525,0xf58265,0
9465,0x555555567525,0xf58266,0
9466,0x555555567525,0xf58267,0
9467,0x55555556750e,0xf58268,0
9468,0x555555567525,0xf58269,0
9469,0x555555567525,0xf5826a,0
9470,0x55555556750e,0xf5826b,0
9471,0x55555556750e,0xf5826c,0
9472,0x55555556750e,0xf5826d,0
9473,0x555555567525,0xf5826e,0
9474,0x55555556750e,0xf5826f,0
9475,0x555555567525,0xf58270,0
9476,0x55555556750e,0xf58271,0
9477,0x555555567525,0xf58272,0
9478,0x55555556750e,0xf58273,0
9479,0x55555556750e,0xf58274,0
9480,0x55555556750e,0xf58275,0
9481,0x555555567525,0xf58276,0
9482,0x55555556750e,0xf58277,0
9483,0x55555556750e,0xf58278,0
9484,0x55555556750e,0xf58279,0
9485,0x55555556750e,0xf5827a,0
9486,0x555555567525,0xf5827b,0
9487,0x55555556750e,0xf5827c,0
9488,0x555555567525,0xf5827d,0
9489,0x55555556750e,0xf5827e,0
9490,0x55555556750e,0xf5827f,0
9491,0x55555556750e,0x1e93040,0
9492,0x55555556750e,0x1e93041,0
9493,0x55555556750e,0x1e93042,0
9494,0x555555567525,0x1e93043,0
9495,0x55555556750e,0x1e93044,0
9496,0x555555567525,0x1e93045,0
9497,0x55555556750e,0x1e93046,0
9498,0x555555567525,0x1e93047,0
9499,0x55555556750e,0x1e93048,0
9500,0x55555556750e,0x1e93049,0
9501,0x555555567525,0x1e9304a,0
9502,0x55555556750e,0x1e9304b,0
9503,0x555555567525,0x1e9304c,0
9504,0x55555556750e,0x1e9304d,0
9505,0x555555567525,0x1e9304e,0
9506,0x55555556750e,0x1e9304f,0
9507,0x555555567525,0x1e93050,0
9508,0x555555567525,0x1e93051,0
9509,0x555555567525,0x1e93052,0
9510,0x55555556750e,0x1e93053,0
9511,0x55555556750e,0x1e93054,0
9512,0x55555556750e,0x1e93055,0
9513,0x55555556750e,0x1e93056,0
9514,0x555555567525,0x1e93057,0
9515,0x55555556750e,0x1e93058,0
9516,0x555555567525,0x1e93059,0
9517,0x555555567525,0x1e9305a,0
9518,0x55555556750e,0x1e9305b,0
9519,0x555555567525,0x1e9305c,0
9520,0x55555556750e,0x1e9305d,0
9521,0x55555556750e,0x1e9305e,0
9522,0x55555556750e,0x1e9305f,0
9523,0x55555556750e,0x1e93060,0
9524,0x55555556750e,0x1e93061,0
9525,0x55555556750e,0x1e93062,0
9526,0x55555556750e,0x1e93063,0
9527,0x555555567525,0x1e93064,0
9528,0x555555567525,0x1e93065,0
9529,0x555555567525,0x1e93066,0
9530,0x555555567525,0x1e93067,0
9531,0x555555567525,0x1e93068,0
9532,0x55555556750e,0x1e93069,0
9533,0x555555567525,0x1e9306a,0
9534,0x55555556750e,0x1e9306b,0
9535,0x55555556750e,0x1e9306c,0
9536,0x55555556750e,0x1e9306d,0
9537,0x55555556750e,0x1e9306e,0
9538,0x55555556750e,0x1e9306f,0
9539,0x555555567525,0x1e93070,0
9540,0x555555567525,0x1e93071,0
9541,0x555555567525,0x1e93072,0
9542,0x555555567525,0x1e93073,0
9543,0x555555567525,0x1e93074,0
9544,0x55555556750e,0x1e93075,0
9545,0x555555567525,0x1e93076,0
9546,0x55555556750e,0x1e93077,0
9547,0x55555556750e,0x1e93078,0
9548,0x55555556750e,0x1e93079,0
9549,0x55555556750e,0x1e9307a,0
9550,0x555555567525,0x1e9307b,0
9551,0x555555567525,0x1e9307c,0
9552,0x55555556750e,0x1e9307d,0
9553,0x55555556750e,0x1e9307e,0
9554,0x55555556750e,0x1e9307f,0
9555,0x555555567525,0x16dd700,0
9556,0x55555556750e,0x16dd701,0
9557,0x55555556750e,0x16dd702,0
9558,0x555555567525,0x16dd703,0
9559,0x555555567525,0x16dd704,0
9560,0x555555567525,0x16dd705,0
9561,0x55555556750e,0x16dd706,0
9562,0x555555567525,0x16dd707,0
9563,0x555555567525,0x16dd708,0
9564,0x55555556750e,0x16dd709,0
9565,0x55555556750e,0x16dd70a,0
9566,0x55555556750e,0x16dd70b,0
9567,0x555555567525,0x16dd70c,0
9568,0x555555567525,0x16dd70d,0
9569,0x55555556750e,0x16dd70e,0
9570,0x555555567525,0x16dd70f,0
9571,0x55555556750e,0x16dd710,0
9572,0x55555556750e,0x16dd711,0
9573,0x555555567525,0x16dd712,0
9574,0x555555567525,0x16dd713,0
9575,0x55555556750e,0x16dd714,0
9576,0x55555556750e,0x16dd715,0
9577,0x55555556750e,0x16dd716,0
9578,0x55555556750e,0x16dd717,0
9579,0x55555556750e,0x16dd718,0
9580,0x55555556750e,0x16dd719,0
9581,0x55555556750e,0x16dd71a,0
9582,0x555555567525,0x16dd71b,0
9583,0x555555567525,0x16dd71c,0
9584,0x555555567525,0x16dd71d,0
9585,0x55555556750e,0x16dd71e,0
9586,0x555555567525,0x16dd71f,0
9587,0x55555556750e,0x16dd720,0
9588,0x555555567525,0x16dd721,0
9589,0x55555556750e,0x16dd722,0
9590,0x555555567525,0x16dd723,0
9591,0x55555556750e,0x16dd724,0
9592,0x555555567525,0x16dd725,0
9593,0x555555567525,0x16dd726,0
9594,0x55555556750e,0x16dd727,0
9595,0x55555556750e,0x16dd728,0
9596,0x555555567525,0x16dd729,0
9597,0x55555556750e,0x16dd72a,0
9598,0x555555567525,0x16dd72b,0
9599,0x555555567525,0x16dd72c,0
9600,0x55555556750e,0x16dd72d,0
9601,0x555555567525,0x16dd72e,0
9602,0x55555556750e,0x16dd72f,0
9603,0x555555567525,0x16dd730,0
9604,0x555555567525,0x16dd731,0
9605,0x55555556750e,0x16dd732,0
9606,0x55555556750e,0x16dd733,0
9607,0x555555567525,0x16dd734,0
9608,0x55555556750e,0x16dd735,0
9609,0x555555567525,0x16dd736,0
9610,0x55555556750e,0x16dd737,0
9611,0x55555556750e,0x16dd738,0
9612,0x55555556750e,0x16dd739,0
9613,0x55555556750e,0x16dd73a,0
9614,0x55555556750e,0x16dd73b,0
9615,0x555555567525,0x16dd73c,0
9616,0x555555567525,0x16dd73d,0
9617,0x55555556750e,0x16dd73e,0
9618,0x555555567525,0x16dd73f,0
9619,0x555555567525,0x3696a0c0,0
9620,0x555555567525,0x3696a0c1,0
9621,0x55555556750e,0x3696a0c2,0
9622,0x55555556750e,0x3696a0c3,0
9623,0x55555556750e,0x3696a0c4,0
9624,0x55555556750e,0x3696a0c5,0
9625,0x55555556750e,0x3696a0c6,0
9626,0x555555567525,0x3696a0c7,0
9627,0x55555556750e,0x3696a0c8,0
9628,0x55555556750e,0x3696a0c9,0
9629,0x55555556750e,0x3696a0ca,0
9630,0x55555556750e,0x3696a0cb,0
9631,0x55555556750e,0x3696a0cc,0
9632,0x55555556750e,0x3696a0cd,0
9633,0x55555556750e,0x3696a0ce,0
9634,0x55555556750e,0x3696a0cf,0
9635,0x55555556750e,0x3696a0d0,0
9636,0x555555567525,0x3696a0d1,0
9637,0x555555567525,0x3696a0d2,0
9638,0x55555556750e,0x3696a0d3,0
9639,0x555555567525,0x3696a0d4,0
9640,0x55555556750e,0x3696a0d5,0
9641,0x555555567525,0x3696a0d6,0
9642,0x55555556750e,0x3696a0d7,0
9643,0x555555567525,0x3696a0d8,0
9644,0x55555556750e,0x3696a0d9,0
9645,0x555555567525,0x3696a0da,0
9646,0x55555556750e,0x3696a0db,0
9647,0x555555567525,0x3696a0dc,0
9648,0x555555567525,0x3696a0dd,0
9649,0x55555556750e,0x3696a0de,0
9650,0x55555556750e,0x3696a0df,0
9651,0x555555567525,0x3696a0e0,0
9652,0x55555556750e,0x3696a0e1,0
9653,0x55555556750e,0x3696a0e2,0
9654,0x55555556750e,0x3696a0e3,0
9655,0x55555556750e,0x3696a0e4,0
9656,0x55555556750e,0x3696a0e5,0
9657,0x55555556750e,0x3696a0e6,0
9658,0x555555567525,0x3696a0e7,0
9659,0x555555567525,0x3696a0e8,0
9660,0x555555567525,0x3696a0e9,0
9661,0x555555567525,0x3696a0ea,0
9662,0x55555556750e,0x3696a0eb,0
9663,0x555555567525,0x3696a0ec,0
9664,0x55555556750e,0x3696a0ed,0
9665,0x55555556750e,0x3696a0ee,0
9666,0x55555556750e,0x3696a0ef,0
9667,0x55555556750e,0x3696a0f0,0
9668,0x55555556750e,0x3696a0f1,0
9669,0x55555556750e,0x3696a0f2,0
9670,0x55555556750e,0x3696a0f3,0
9671,0x555555567525,0x3696a0f4,0
9672,0x55555556750e,0x3696a0f5,0
9673,0x555555567525,0x3696a0f6,0
9674,0x55555556750e,0x3696a0f7,0
9675,0x55555556750e,0x3696a0f8,0
9676,0x55555556750e,0x3696a0f9,0
9677,0x55555556750e,0x3696a0fa,0
9678,0x55555556750e,0x3696a0fb,0
9679,0x55555556750e,0x3696a0fc,0
9680,0x555555567525,0x3696a0fd,0
9681,0x555555567525,0x3696a0fe,0
9682,0x55555556750e,0x3696a0ff,0
9683,0x555555567525,0x3256ab80,0
9684,0x55555556750e,0x3256ab81,0
9685,0x55555556750e,0x3256ab82,0
9686,0x555555567525,0x3256ab83,0
9687,0x55555556750e,0x3256ab84,0
9688,0x55555556750e,0x3256ab85,0
9689,0x555555567525,0x3256ab86,0
9690,0x55555556750e,0x3256ab87,0
9691,0x55555556750e,0x3256ab88,0
9692,0x555555567525,0x3256ab89,0
9693,0x55555556750e,0x3256ab8a,0
9694,0x555555567525,0x3256ab8b,0
9695,0x55555556750e,0x3256ab8c,0
9696,0x55555556750e,0x3256ab8d,0
9697,0x55555556750e,0x3256ab8e,0
9698,0x55555556750e,0x3256ab8f,0
9699,0x555555567525,0x3256ab90,0
9700,0x555555567525,0x3256ab91,0
9701,0x555555567525,0x3256ab92,0
9702,0x55555556750e,0x3256ab93,0
9703,0x55555556750e,0x3256ab94,0
9704,0x55555556750e,0x3256ab95,0
9705,0x555555567525,0x3256ab96,0
9706,0x555555567525,0x3256ab97,0
9707,0x55555556750e,0x3256ab98,0
9708,0x555555567525,0x3256ab99,0
9709,0x55555556750e,0x3256ab9a,0
9710,0x555555567525,0x3256ab9b,0
9711,0x555555567525,0x3256ab9c,0
9712,0x55555556750e,0x3256ab9d,0
9713,0x55555556750e,0x3256ab9e,0
9714,0x55555556750e,0x3256ab9f,0
9715,0x55555556750e,0x3256aba0,0
9716,0x55555556750e,0x3256aba1,0
9717,0x55555556750e,0x3256aba2,0
9718,0x55555556750e,0x3256aba3,0
9719,0x55555556750e,0x3256aba4,0
9720,0x555555567525,0x3256aba5,0
9721,0x55555556750e,0x3256aba6,0
9722,0x555555567525,0x3256aba7,0
9723,0x555555567525,0x3256aba8,0
9724,0x55555556750e,0x3256aba9,0
9725,0x55555556750e,0x3256abaa,0
9726,0x55555556750e,0x3256abab,0
9727,0x55555556750e,0x3256abac,0
9728,0x55555556750e,0x3256abad,0
9729,0x55555556750e,0x3256abae,0
9730,0x55555556750e,0x3256abaf,0
9731,0x55555556750e,0x3256abb0,0
9732,0x55555556750e,0x3256abb1,0
9733,0x555555567525,0x3256abb2,0
9734,0x555555567525,0x3256abb3,0
9735,0x55555556750e,0x3256abb4,0
9736,0x55555556750e,0x3256abb5,0
9737,0x55555556750e,0x3256abb6,0
9738,0x55555556750e,0x3256abb7,0
9739,0x555555567525,0x3256abb8,0
9740,0x555555567525,0x3256abb9,0
9741,0x555555567525,0x3256abba,0
9742,0x555555567525,0x3256abbb,0
9743,0x55555556750e,0x3256abbc,0
9744,0x555555567525,0x3256abbd,0
9745,0x555555567525,0x3256abbe,0
9746,0x55555556750e,0x3256abbf,0
9747,0x555555567525,0xd6fb0c0,0
9748,0x55555556750e,0xd6fb0c1,0
9749,0x555555567525,0xd6fb0c2,0
9750,0x55555556750e,0xd6fb0c3,0
9751,0x55555556750e,0xd6fb0c4,0
9752,0x55555556750e,0xd6fb0c5,0
9753,0x55555556750e,0xd6fb0c6,0
9754,0x555555567525,0xd6fb0c7,0
9755,0x55555556750e,0xd6fb0c8,0
9756,0x55555556750e,0xd6fb0c9,0
9757,0x55555556750e,0xd6fb0ca,0
9758,0x55555556750e,0xd6fb0cb,0
9759,0x555555567525,0xd6fb0cc,0
9760,0x55555556750e,0xd6fb0cd,0
9761,0x555555567525,0xd6fb0ce,0
9762,0x55555556750e,0xd6fb0cf,0
9763,0x555555567525,0xd6fb0d0,0
9764,0x555555567525,0xd6fb0d1,0
9765,0x55555556750e,0xd6fb0d2,0
9766,0x55555556750e,0xd6fb0d3,0
9767,0x555555567525,0xd6fb0d4,0
9768,0x55555556750e,0xd6fb0d5,0
9769,0x55555556750e,0xd6fb0d6,0
9770,0x55555556750e,0xd6fb0d7,0
9771,0x555555567525,0xd6fb0d8,0
9772,0x55555556750e,0xd6fb0d9,0
9773,0x555555567525,0xd6fb0da,0
9774,0x55555556750e,0xd6fb0db,0
9775,0x555555567525,0xd6fb0dc,0
9776,0x55555556750e,0xd6fb0dd,0
9777,0x55555556750e,0xd6fb0de,0
9778,0x55555556750e,0xd6fb0df,0
9779,0x55555556750e,0xd6fb0e0,0
9780,0x55555556750e,0xd6fb0e1,0
9781,0x555555567525,0xd6fb0e2,0
9782,0x55555556750e,0xd6fb0e3,0
9783,0x555555567525,0xd6fb0e4,0
9784,0x55555556750e,0xd6fb0e5,0
9785,0x555555567525,0xd6fb0e6,0
9786,0x555555567525,0xd6fb0e7,0
9787,0x555555567525,0xd6fb0e8,0
9788,0x555555567525,0xd6fb0e9,0
9789,0x555555567525,0xd6fb0ea,0
9790,0x55555556750e,0xd6fb0eb,0
9791,0x555555567525,0xd6fb0ec,0
9792,0x55555556750e,0xd6fb0ed,0
9793,0x55555556750e,0xd6fb0ee,0
9794,0x55555556750e,0xd6fb0ef,0
9795,0x55555556750e,0xd6fb0f0,0
9796,0x555555567525,0xd6fb0f1,0
9797,0x55555556750e,0xd6fb0f2,0
9798,0x55555556750e,0xd6fb0f3,0
9799,0x55555556750e,0xd6fb0f4,0
9800,0x55555556750e,0xd6fb0f5,0
9801,0x55555556750e,0xd6fb0f6,0
9802,0x55555556750e,0xd6fb0f7,0
9803,0x55555556750e,0xd6fb0f8,0
9804,0x555555567525,0xd6fb0f9,0
9805,0x555555567525,0xd6fb0fa,0
9806,0x55555556750e,0xd6fb0fb,0
9807,0x555555567525,0xd6fb0fc,0
9808,0x55555556750e,0xd6fb0fd,0
9809,0x55555556750e,0xd6fb0fe,0
9810,0x55555556750e,0xd6fb0ff,0
9811,0x555555567525,0x132d2680,0
9812,0x55555556750e,0x132d2681,0
9813,0x55555556750e,0x132d2682,0
9814,0x55555556750e,0x132d2683,0
9815,0x55555556750e,0x132d2684,0
9816,0x555555567525,0x132d2685,0
9817,0x55555556750e,0x132d2686,0
9818,0x555555567525,0x132d2687,0
9819,0x55555556750e,0x132d2688,0
9820,0x55555556750e,0x132d2689,0
9821,0x55555556750e,0x132d268a,0
9822,0x55555556750e,0x132d268b,0
9823,0x55555556750e,0x132d268c,0
9824,0x55555556750e,0x132d268d,0
9825,0x555555567525,0x132d268e,0
9826,0x555555567525,0x132d268f,0
9827,0x555555567525,0x132d2690,0
9828,0x555555567525,0x132d2691,0
9829,0x555555567525,0x132d2692,0
9830,0x55555556750e,0x132d2693,0
9831,0x55555556750e,0x132d2694,0
9832,0x55555556750e,0x132d2695,0
9833,0x55555556750e,0x132d2696,0
9834,0x55555556750e,0x132d2697,0
9835,0x55555556750e,0x132d2698,0
9836,0x555555567525,0x132d2699,0
9837,0x55555556750e,0x132d269a,0
9838,0x555555567525,0x132d269b,0
9839,0x55555556750e,0x132d269c,0
9840,0x555555567525,0x132d269d,0
9841,0x555555567525,0x132d269e,0
9842,0x555555567525,0x132d269f,0
9843,0x55555556750e,0x132d26a0,0
9844,0x555555567525,0x132d26a1,0
9845,0x55555556750e,0x132d26a2,0
9846,0x55555556750e,0x132d26a3,0
9847,0x555555567525,0x132d26a4,0
9848,0x55555556750e,0x132d26a5,0
9849,0x555555567525,0x132d26a6,0
9850,0x55555556750e,0x132d26a7,0
9851,0x555555567525,0x132d26a8,0
9852,0x55555556750e,0x132d26a9,0
9853,0x55555556750e,0x132d26aa,0
9854,0x55555556750e,0x132d26ab,0
9855,0x555555567525,0x132d26ac,0
9856,0x55555556750e,0x132d26ad,0
9857,0x55555556750e,0x132d26ae,0
9858,0x55555556750e,0x132d26af,0
9859,0x55555556750e,0x132d26b0,0
9860,0x55555556750e,0x132d26b1,0
9861,0x555555567525,0x132d26b2,0
9862,0x55555556750e,0x132d26b3,0
9863,0x55555556750e,0x132d26b4,0
9864,0x55555556750e,0x132d26b5,0
9865,0x55555556750e,0x132d26b6,0
9866,0x55555556750e,0x132d26b7,0
9867,0x55555556750e,0x132d26b8,0
9868,0x55555556750e,0x132d26b9,0
9869,0x55555556750e,0x132d26ba,0
9870,0x55555556750e,0x132d26bb,0
9871,0x555555567525,0x132d26bc,0
9872,0x555555567525,0x132d26bd,0
9873,0x555555567525,0x132d26be,0
9874,0x555555567525,0x132d26bf,0
9875,0x55555556750e,0x241787c0,0
9876,0x555555567525,0x241787c1,0
9877,0x55555556750e,0x241787c2,0
9878,0x555555567525,0x241787c3,0
9879,0x55555556750e,0x241787c4,0
9880,0x555555567525,0x241787c5,0
9881,0x55555556750e,0x241787c6,0
9882,0x555555567525,0x241787c7,0
9883,0x555555567525,0x241787c8,0
9884,0x55555556750e,0x241787c9,0
9885,0x55555556750e,0x241787ca,0
9886,0x55555556750e,0x241787cb,0
9887,0x55555556750e,0x241787cc,0
9888,0x55555556750e,0x241787cd,0
9889,0x55555556750e,0x241787ce,0
9890,0x55555556750e,0x241787cf,0
9891,0x55555556750e,0x241787d0,0
9892,0x555555567525,0x241787d1,0
9893,0x55555556750e,0x241787d2,0
9894,0x555555567525,0x241787d3,0
9895,0x55555556750e,0x241787d4,0
9896,0x555555567525,0x241787d5,0
9897,0x55555556750e,0x241787d6,0
9898,0x55555556750e,0x241787d7,0
9899,0x55555556750e,0x241787d8,0
9900,0x55555556750e,0x241787d9,0
9901,0x55555556750e,0x241787da,0
9902,0x55555556750e,0x241787db,0
9903,0x555555567525,0x241787dc,0
9904,0x555555567525,0x241787dd,0
9905,0x55555556750e,0x241787de,0
9906,0x555555567525,0x241787df,0
9907,0x55555556750e,0x241787e0,0
9908,0x555555567525,0x241787e1,0
9909,0x555555567525,0x241787e2,0
9910,0x55555556750e,0x241787e3,0
9911,0x555555567525,0x241787e4,0
9912,0x55555556750e,0x241787e5,0
9913,0x555555567525,0x241787e6,0
9914,0x555555567525,0x241787e7,0
9915,0x555555567525,0x241787e8,0
9916,0x55555556750e,0x241787e9,0
9917,0x55555556750e,0x241787ea,0
9918,0x55555556750e,0x241787eb,0
9919,0x555555567525,0x241787ec,0
9920,0x55555556750e,0x241787ed,0
9921,0x555555567525,0x241787ee,0
9922,0x55555556750e,0x241787ef,0
9923,0x55555556750e,0x241787f0,0
9924,0x555555567525,0x241787f1,0
9925,0x555555567525,0x241787f2,0
9926,0x55555556750e,0x241787f3,0
9927,0x55555556750e,0x241787f4,0
9928,0x55555556750e,0x241787f5,0
9929,0x55555556750e,0x241787f6,0
9930,0x555555567525,0x241787f7,0
9931,0x55555556750e,0x241787f8,0
9932,0x55555556750e,0x241787f9,0
9933,0x55555556750e,0x241787fa,0
9934,0x55555556750e,0x241787fb,0
9935,0x555555567525,0x241787fc,0
9936,0x55555556750e,0x241787fd,0
9937,0x55555556750e,0x241787fe,0
9938,0x55555556750e,0x241787ff,0
9939,0x555555567525,0x1d4f4180,0
9940,0x555555567525,0x1d4f4181,0
9941,0x55555556750e,0x1d4f4182,0
9942,0x555555567525,0x1d4f4183,0
9943,0x55555556750e,0x1d4f4184,0
9944,0x555555567525,0x1d4f4185,0
9945,0x555555567525,0x1d4f4186,0
9946,0x555555567525,0x1d4f4187,0
9947,0x55555556750e,0x1d4f4188,0
9948,0x555555567525,0x1d4f4189,0
9949,0x555555567525,0x1d4f418a,0
9950,0x55555556750e,0x1d4f418b,0
9951,0x555555567525,0x1d4f418c,0
9952,0x555555567525,0x1d4f418d,0
9953,0x555555567525,0x1d4f418e,0
9954,0x55555556750e,0x1d4f418f,0
9955,0x555555567525,0x1d4f4190,0
9956,0x555555567525,0x1d4f4191,0
9957,0x555555567525,0x1d4f4192,0
9958,0x55555556750e,0x1d4f4193,0
9959,0x555555567525,0x1d4f4194,0
9960,0x55555556750e,0x1d4f4195,0
9961,0x55555556750e,0x1d4f4196,0
9962,0x55555556750e,0x1d4f4197,0
9963,0x55555556750e,0x1d4f4198,0
9964,0x555555567525,0x1d4f4199,0
9965,0x55555556750e,0x1d4f419a,0
9966,0x55555556750e,0x1d4f419b,0
9967,0x55555556750e,0x1d4f419c,0
9968,0x555555567525,0x1d4f419d,0
9969,0x555555567525,0x1d4f419e,0
9970,0x55555556750e,0x1d4f419f,0
9971,0x55555556750e,0x1d4f41a0,0
9972,0x555555567525,0x1d4f41a1,0
9973,0x55555556750e,0x1d4f41a2,0
9974,0x555555567525,0x1d4f41a3,0
9975,0x55555556750e,0x1d4f41a4,0
9976,0x555555567525,0x1d4f41a5,0
9977,0x55555556750e,0x1d4f41a6,0
9978,0x555555567525,0x1d4f41a7,0
9979,0x55555556750e,0x1d4f41a8,0
9980,0x55555556750e,0x1d4f41a9,0
9981,0x55555556750e,0x1d4f41aa,0
9982,0x55555556750e,0x1d4f41ab,0
9983,0x555555567525,0x1d4f41ac,0
9984,0x55555556750e,0x1d4f41ad,0
9985,0x55555556750e,0x1d4f41ae,0
9986,0x555555567525,0x1d4f41af,0
9987,0x55555556750e,0x1d4f41b0,0
9988,0x555555567525,0x1d4f41b1,0
9989,0x555555567525,0x1d4f41b2,0
9990,0x55555556750e,0x1d4f41b3,0
9991,0x555555567525,0x1d4f41b4,0
9992,0x55555556750e,0x1d4f41b5,0
9993,0x555555567525,0x1d4f41b6,0
9994,0x55555556750e,0x1d4f41b7,0
9995,0x55555556750e,0x1d4f41b8,0
9996,0x555555567525,0x1d4f41b9,0
9997,0x555555567525,0x1d4f41ba,0
9998,0x55555556750e,0x1d4f41bb,0
9999,0x555555567525,0x1d4f41bc,0
10000,0x55555556750e,0x1d4f41bd,0
10001,0x55555556750e,0x1d4f41be,0
10002,0x55555556750e,0x1d4f41bf,0
10003,0x55555556750e,0x30c67c80,0
10004,0x555555567525,0x30c67c81,0
10005,0x55555556750e,0x30c67c82,0
10006,0x555555567525,0x30c67c83,0
10007,0x55555556750e,0x30c67c84,0
10008,0x555555567525,0x30c67c85,0
10009,0x55555556750e,0x30c67c86,0
10010,0x555555567525,0x30c67c87,0
10011,0x55555556750e,0x30c67c88,0
10012,0x55555556750e,0x30c67c89,0
10013,0x55555556750e,0x30c67c8a,0
10014,0x55555556750e,0x30c67c8b,0
10015,0x55555556750e,0x30c67c8c,0
10016,0x555555567525,0x30c67c8d,0
10017,0x55555556750e,0x30c67c8e,0
10018,0x55555556750e,0x30c67c8f,0
10019,0x55555556750e,0x30c67c90,0
10020,0x55555556750e,0x30c67c91,0
10021,0x55555556750e,0x30c67c92,0
10022,0x55555556750e,0x30c67c93,0
10023,0x55555556750e,0x30c67c94,0
10024,0x55555556750e,0x30c67c95,0
10025,0x55555556750e,0x30c67c96,0
10026,0x55555556750e,0x30c67c97,0
10027,0x55555556750e,0x30c67c98,0
10028,0x555555567525,0x30c67c99,0
10029,0x55555556750e,0x30c67c9a,0
10030,0x55555556750e,0x30c67c9b,0
10031,0x555555567525,0x30c67c9c,0
10032,0x555555567525,0x30c67c9d,0
10033,0x55555556750e,0x30c67c9e,0
10034,0x55555556750e,0x30c67c9f,0
10035,0x55555556750e,0x30c67ca0,0
10036,0x55555556750e,0x30c67ca1,0
10037,0x55555556750e,0x30c67ca2,0
10038,0x55555556750e,0x30c67ca3,0
10039,0x55555556750e,0x30c67ca4,0
10040,0x555555567525,0x30c67ca5,0
10041,0x555555567525,0x30c67ca6,0
10042,0x555555567525,0x30c67ca7,0
10043,0x555555567525,0x30c67ca8,0
10044,0x55555556750e,0x30c67ca9,0
10045,0x555555567525,0x30c67caa,0
10046,0x55555556750e,0x30c67cab,0
10047,0x55555556750e,0x30c67cac,0
10048,0x555555567525,0x30c67cad,0
10049,0x55555556750e,0x30c67cae,0
10050,0x555555567525,0x30c67caf,0
10051,0x55555556750e,0x30c67cb0,0
10052,0x555555567525,0x30c67cb1,0
10053,0x555555567525,0x30c67cb2,0
10054,0x55555556750e,0x30c67cb3,0
10055,0x55555556750e,0x30c67cb4,0
10056,0x555555567525,0x30c67cb5,0
10057,0x55555556750e,0x30c67cb6,0
10058,0x555555567525,0x30c67cb7,0
10059,0x55555556750e,0x30c67cb8,0
10060,0x55555556750e,0x30c67cb9,0
10061,0x55555556750e,0x30c67cba,0
10062,0x555555567525,0x30c67cbb,0
10063,0x555555567525,0x30c67cbc,0
10064,0x555555567525,0x30c67cbd,0
10065,0x55555556750e,0x30c67cbe,0
10066,0x55555556750e,0x30c67cbf,0
10067,0x555555567525,0x1465df40,0
10068,0x55555556750e,0x1465df41,0
10069,0x555555567525,0x1465df42,0
10070,0x555555567525,0x1465df43,0
10071,0x55555556750e,0x1465df44,0
10072,0x555555567525,0x1465df45,0
10073,0x55555556750e,0x1465df46,0
10074,0x55555556750e,0x1465df47,0
10075,0x55555556750e,0x1465df48,0
10076,0x55555556750e,0x1465df49,0
10077,0x55555556750e,0x1465df4a,0
10078,0x55555556750e,0x1465df4b,0
10079,0x555555567525,0x1465df4c,0
10080,0x555555567525,0x1465df4d,0
10081,0x55555556750e,0x1465df4e,0
10082,0x555555567525,0x1465df4f,0
10083,0x55555556750e,0x1465df50,0
10084,0x55555556750e,0x1465df51,0
10085,0x55555556750e,0x1465df52,0
10086,0x55555556750e,0x1465df53,0
10087,0x555555567525,0x1465df54,0
10088,0x55555556750e,0x1465df55,0
10089,0x555555567525,0x1465df56,0
10090,0x55555556750e,0x1465df57,0
10091,0x55555556750e,0x1465df58,0
10092,0x55555556750e,0x1465df59,0
10093,0x55555556750e,0x1465df5a,0
10094,0x55555556750e,0x1465df5b,0
10095,0x555555567525,0x1465df5c,0
10096,0x55555556750e,0x1465df5d,0
10097,0x555555567525,0x1465df5e,0
10098,0x555555567525,0x1465df5f,0
10099,0x555555567525,0x1465df60,0
10100,0x55555556750e,0x1465df61,0
10101,0x55555556750e,0x1465df62,0
10102,0x555555567525,0x1465df63,0
10103,0x555555567525,0x1465df64,0
10104,0x55555556750e,0x1465df65,0
10105,0x555555567525,0x1465df66,0
10106,0x55555556750e,0x1465df67,0
10107,0x55555556750e,0x1465df68,0
10108,0x55555556750e,0x1465df69,0
10109,0x555555567525,0x1465df6a,0
10110,0x55555556750e,0x1465df6b,0
10111,0x555555567525,0x1465df6c,0
10112,0x55555556750e,0x1465df6d,0
10113,0x55555556750e,0x1465df6e,0
10114,0x555555567525,0x1465df6f,0
10115,0x55555556750e,0x1465df70,0
10116,0x555555567525,0x1465df71,0
10117,0x555555567525,0x1465df72,0
10118,0x55555556750e,0x1465df73,0
10119,0x555555567525,0x1465df74,0
10120,0x55555556750e,0x1465df75,0
10121,0x555555567525,0x1465df76,0
10122,0x55555556750e,0x1465df77,0
10123,0x55555556750e,0x1465df78,0
10124,0x55555556750e,0x1465df79,0
10125,0x55555556750e,0x1465df7a,0
10126,0x55555556750e,0x1465df7b,0
10127,0x555555567525,0x1465df7c,0
10128,0x555555567525,0x1465df7d,0
10129,0x55555556750e,0x1465df7e,0
10130,0x555555567525,0x1465df7f,0
10131,0x555555567525,0x18580780,0
10132,0x555555567525,0x18580781,0
10133,0x55555556750e,0x18580782,0
10134,0x555555567525,0x18580783,0
10135,0x55555556750e,0x18580784,0
10136,0x55555556750e,0x18580785,0
10137,0x55555556750e,0x18580786,0
10138,0x555555567525,0x18580787,0
10139,0x55555556750e,0x18580788,0
10140,0x55555556750e,0x18580789,0
10141,0x555555567525,0x1858078a,0
10142,0x555555567525,0x1858078b,0
10143,0x555555567525,0x1858078c,0
10144,0x55555556750e,0x1858078d,0
10145,0x555555567525,0x1858078e,0
10146,0x55555556750e,0x1858078f,0
10147,0x555555567525,0x18580790,0
10148,0x555555567525,0x18580791,0
10149,0x55555556750e,0x18580792,0
10150,0x55555556750e,0x18580793,0
10151,0x55555556750e,0x18580794,0
10152,0x555555567525,0x18580795,0
10153,0x55555556750e,0x18580796,0
10154,0x55555556750e,0x18580797,0
10155,0x55555556750e,0x18580798,0
10156,0x55555556750e,0x18580799,0
10157,0x555555567525,0x1858079a,0
10158,0x555555567525,0x1858079b,0
10159,0x55555556750e,0x1858079c,0
10160,0x555555567525,0x1858079d,0
10161,0x55555556750e,0x1858079e,0
10162,0x55555556750e,0x1858079f,0
10163,0x55555556750e,0x185807a0,0
10164,0x555555567525,0x185807a1,0
10165,0x55555556750e,0x185807a2,0
10166,0x555555567525,0x185807a3,0
10167,0x55555556750e,0x185807a4,0
10168,0x555555567525,0x185807a5,0
10169,0x55555556750e,0x185807a6,0
10170,0x555555567525,0x185807a7,0
10171,0x555555567525,0x185807a8,0
10172,0x55555556750e,0x185807a9,0
10173,0x55555556750e,0x185807aa,0
10174,0x55555556750e,0x185807ab,0
10175,0x55555556750e,0x185807ac,0
10176,0x55555556750e,0x185807ad,0
10177,0x55555556750e,0x185807ae,0
10178,0x55555556750e,0x185807af,0
10179,0x555555567525,0x185807b0,0
10180,0x555555567525,0x185807b1,0
10181,0x555555567525,0x185807b2,0
10182,0x55555556750e,0x185807b3,0
10183,0x555555567525,0x185807b4,0
10184,0x55555556750e,0x185807b5,0
10185,0x555555567525,0x185807b6,0
10186,0x555555567525,0x185807b7,0
10187,0x555555567525,0x185807b8,0
10188,0x555555567525,0x185807b9,0
10189,0x555555567525,0x185807ba,0
10190,0x55555556750e,0x185807bb,0
10191,0x555555567525,0x185807bc,0
10192,0x55555556750e,0x185807bd,0
10193,0x555555567525,0x185807be,0
10194,0x55555556750e,0x185807bf,0
10195,0x555555567525,0x3d08df40,0
10196,0x555555567525,0x3d08df41,0
10197,0x55555556750e,0x3d08df42,0
10198,0x555555567525,0x3d08df43,0
10199,0x55555556750e,0x3d08df44,0
10200,0x555555567525,0x3d08df45,0
10201,0x55555556750e,0x3d08df46,0
10202,0x555555567525,0x3d08df47,0
10203,0x55555556750e,0x3d08df48,0
10204,0x55555556750e,0x3d08df49,0
10205,0x55555556750e,0x3d08df4a,0
10206,0x555555567525,0x3d08df4b,0
10207,0x55555556750e,0x3d08df4c,0
10208,0x55555556750e,0x3d08df4d,0
10209,0x55555556750e,0x3d08df4e,0
10210,0x555555567525,0x3d08df4f,0
10211,0x55555556750e,0x3d08df50,0
10212,0x555555567525,0x3d08df51,0
10213,0x555555567525,0x3d08df52,0
10214,0x55555556750e,0x3d08df53,0
10215,0x555555567525,0x3d08df54,0
10216,0x55555556750e,0x3d08df55,0
10217,0x555555567525,0x3d08df56,0
10218,0x55555556750e,0x3d08df57,0
10219,0x555555567525,0x3d08df58,0
10220,0x55555556750e,0x3d08df59,0
10221,0x555555567525,0x3d08df5a,0
10222,0x555555567525,0x3d08df5b,0
10223,0x555555567525,0x3d08df5c,0
10224,0x55555556750e,0x3d08df5d,0
10225,0x55555556750e,0x3d08df5e,0
10226,0x55555556750e,0x3d08df5f,0
10227,0x555555567525,0x3d08df60,0
10228,0x55555556750e,0x3d08df61,0
10229,0x55555556750e,0x3d08df62,0
10230,0x55555556750e,0x3d08df63,0
10231,0x55555556750e,0x3d08df64,0
10232,0x555555567525,0x3d08df65,0
10233,0x55555556750e,0x3d08df66,0
10234,0x55555556750e,0x3d08df67,0
10235,0x55555556750e,0x3d08df68,0
10236,0x55555556750e,0x3d08df69,0
10237,0x555555567525,0x3d08df6a,0
10238,0x555555567525,0x3d08df6b,0
10239,0x555555567525,0x3d08df6c,0
10240,0x55555556750e,0x3d08df6d,0
10241,0x55555556750e,0x3d08df6e,0
10242,0x55555556750e,0x3d08df6f,0
10243,0x55555556750e,0x3d08df70,0
10244,0x555555567525,0x3d08df71,0
10245,0x55555556750e,0x3d08df72,0
10246,0x55555556750e,0x3d08df73,0
10247,0x555555567525,0x3d08df74,0
10248,0x55555556750e,0x3d08df75,0
10249,0x555555567525,0x3d08df76,0
10250,0x55555556750e,0x3d08df77,0
10251,0x555555567525,0x3d08df78,0
10252,0x55555556750e,0x3d08df79,0
10253,0x55555556750e,0x3d08df7a,0
10254,0x55555556750e,0x3d08df7b,0
10255,0x555555567525,0x3d08df7c,0
10256,0x555555567525,0x3d08df7d,0
10257,0x55555556750e,0x3d08df7e,0
10258,0x555555567525,0x3d08df7f,0
10259,0x555555567525,0xaf77f00,0
10260,0x555555567525,0xaf77f01,0
10261,0x55555556750e,0xaf77f02,0
10262,0x555555567525,0xaf77f03,0
10263,0x55555556750e,0xaf77f04,0
10264,0x555555567525,0xaf77f05,0
10265,0x55555556750e,0xaf77f06,0
10266,0x55555556750e,0xaf77f07,0
10267,0x55555556750e,0xaf77f08,0
10268,0x55555556750e,0xaf77f09,0
10269,0x555555567525,0xaf77f0a,0
10270,0x55555556750e,0xaf77f0b,0
10271,0x555555567525,0xaf77f0c,0
10272,0x55555556750e,0xaf77f0d,0
10273,0x55555556750e,0xaf77f0e,0
10274,0x55555556750e,0xaf77f0f,0
10275,0x555555567525,0xaf77f10,0
10276,0x555555567525,0xaf77f11,0
10277,0x55555556750e,0xaf77f12,0
10278,0x55555556750e,0xaf77f13,0
10279,0x555555567525,0xaf77f14,0
10280,0x555555567525,0xaf77f15,0
10281,0x555555567525,0xaf77f16,0
10282,0x55555556750e,0xaf77f17,0
10283,0x55555556750e,0xaf77f18,0
10284,0x555555567525,0xaf77f19,0
10285,0x555555567525,0xaf77f1a,0
10286,0x55555556750e,0xaf77f1b,0
10287,0x555555567525,0xaf77f1c,0
10288,0x555555567525,0xaf77f1d,0
10289,0x55555556750e,0xaf77f1e,0
10290,0x555555567525,0xaf77f1f,0
10291,0x55555556750e,0xaf77f20,0
10292,0x555555567525,0xaf77f21,0
10293,0x55555556750e,0xaf77f22,0
10294,0x55555556750e,0xaf77f23,0
10295,0x55555556750e,0xaf77f24,0
10296,0x55555556750e,0xaf77f25,0
10297,0x55555556750e,0xaf77f26,0
10298,0x555555567525,0xaf77f27,0
10299,0x555555567525,0xaf77f28,0
10300,0x55555556750e,0xaf77f29,0
10301,0x55555556750e,0xaf77f2a,0
10302,0x55555556750e,0xaf77f2b,0
10303,0x55555556750e,0xaf77f2c,0
10304,0x55555556750e,0xaf77f2d,0
10305,0x55555556750e,0xaf77f2e,0
10306,0x55555556750e,0xaf77f2f,0
10307,0x55555556750e,0xaf77f30,0
10308,0x555555567525,0xaf77f31,0
10309,0x555555567525,0xaf77f32,0
10310,0x55555556750e,0xaf77f33,0
10311,0x555555567525,0xaf77f34,0
10312,0x55555556750e,0xaf77f35,0
10313,0x555555567525,0xaf77f36,0
10314,0x55555556750e,0xaf77f37,0
10315,0x555555567525,0xaf77f38,0
10316,0x555555567525,0xaf77f39,0
10317,0x55555556750e,0xaf77f3a,0
10318,0x555555567525,0xaf77f3b,0
10319,0x555555567525,0xaf77f3c,0
10320,0x55555556750e,0xaf77f3d,0
10321,0x555555567525,0xaf77f3e,0
10322,0x55555556750e,0xaf77f3f,0
10323,0x555555567525,0x2d5ac540,0
10324,0x555555567525,0x2d5ac541,0
10325,0x55555556750e,0x2d5ac542,0
10326,0x555555567525,0x2d5ac543,0
10327,0x55555556750e,0x2d5ac544,0
10328,0x55555556750e,0x2d5ac545,0
10329,0x55555556750e,0x2d5ac546,0
10330,0x55555556750e,0x2d5ac547,0
10331,0x555555567525,0x2d5ac548,0
10332,0x55555556750e,0x2d5ac549,0
10333,0x55555556750e,0x2d5ac54a,0
10334,0x555555567525,0x2d5ac54b,0
10335,0x55555556750e,0x2d5ac54c,0
10336,0x55555556750e,0x2d5ac54d,0
10337,0x555555567525,0x2d5ac54e,0
10338,0x55555556750e,0x2d5ac54f,0
10339,0x555555567525,0x2d5ac550,0
10340,0x55555556750e,0x2d5ac551,0
10341,0x555555567525,0x2d5ac552,0
10342,0x55555556750e,0x2d5ac553,0
10343,0x55555556750e,0x2d5ac554,0
10344,0x555555567525,0x2d5ac555,0
10345,0x55555556750e,0x2d5ac556,0
10346,0x55555556750e,0x2d5ac557,0
10347,0x55555556750e,0x2d5ac558,0
10348,0x555555567525,0x2d5ac559,0
10349,0x55555556750e,0x2d5ac55a,0
10350,0x55555556750e,0x2d5ac55b,0
10351,0x555555567525,0x2d5ac55c,0
10352,0x55555556750e,0x2d5ac55d,0
10353,0x555555567525,0x2d5ac55e,0
10354,0x55555556750e,0x2d5ac55f,0
10355,0x55555556750e,0x2d5ac560,0
10356,0x55555556750e,0x2d5ac561,0
10357,0x555555567525,0x2d5ac562,0
10358,0x555555567525,0x2d5ac563,0
10359,0x555555567525,0x2d5ac564,0
10360,0x55555556750e,0x2d5ac565,0
10361,0x555555567525,0x2d5ac566,0
10362,0x55555556750e,0x2d5ac567,0
10363,0x555555567525,0x2d5ac568,0
10364,0x55555556750e,0x2d5ac569,0
10365,0x555555567525,0x2d5ac56a,0
10366,0x55555556750e,0x2d5ac56b,0
10367,0x555555567525,0x2d5ac56c,0
10368,0x55555556750e,0x2d5ac56d,0
10369,0x55555556750e,0x2d5ac56e,0
10370,0x55555556750e,0x2d5ac56f,0
10371,0x55555556750e,0x2d5ac570,0
10372,0x555555567525,0x2d5ac571,0
10373,0x55555556750e,0x2d5ac572,0
10374,0x55555556750e,0x2d5ac573,0
10375,0x55555556750e,0x2d5ac574,0
10376,0x555555567525,0x2d5ac575,0
10377,0x55555556750e,0x2d5ac576,0
10378,0x55555556750e,0x2d5ac577,0
10379,0x55555556750e,0x2d5ac578,0
10380,0x55555556750e,0x2d5ac579,0
10381,0x55555556750e,0x2d5ac57a,0
10382,0x55555556750e,0x2d5ac57b,0
10383,0x555555567525,0x2d5ac57c,0
10384,0x555555567525,0x2d5ac57d,0
10385,0x55555556750e,0x2d5ac57e,0
10386,0x555555567525,0x2d5ac57f,0
10387,0x55555556750e,0x1d29b880,0
10388,0x555555567525,0x1d29b881,0
10389,0x55555556750e,0x1d29b882,0
10390,0x555555567525,0x1d29b883,0
10391,0x55555556750e,0x1d29b884,0
10392,0x555555567525,0x1d29b885,0
10393,0x555555567525,0x1d29b886,0
10394,0x555555567525,0x1d29b887,0
10395,0x55555556750e,0x1d29b888,0
10396,0x555555567525,0x1d29b889,0
10397,0x55555556750e,0x1d29b88a,0
10398,0x55555556750e,0x1d29b88b,0
10399,0x55555556750e,0x1d29b88c,0
10400,0x55555556750e,0x1d29b88d,0
10401,0x555555567525,0x1d29b88e,0
10402,0x55555556750e,0x1d29b88f,0
10403,0x55555556750e,0x1d29b890,0
10404,0x555555567525,0x1d29b891,0
10405,0x55555556750e,0x1d29b892,0
10406,0x55555556750e,0x1d29b893,0
10407,0x55555556750e,0x1d29b894,0
10408,0x555555567525,0x1d29b895,0
10409,0x55555556750e,0x1d29b896,0
10410,0x55555556750e,0x1d29b897,0
10411,0x55555556750e,0x1d29b898,0
10412,0x55555556750e,0x1d29b899,0
10413,0x55555556750e,0x1d29b89a,0
10414,0x55555556750e,0x1d29b89b,0
10415,0x555555567525,0x1d29b89c,0
10416,0x555555567525,0x1d29b89d,0
10417,0x55555556750e,0x1d29b89e,0
10418,0x55555556750e,0x1d29b89f,0
10419,0x55555556750e,0x1d29b8a0,0
10420,0x55555556750e,0x1d29b8a1,0
10421,0x55555556750e,0x1d29b8a2,0
10422,0x55555556750e,0x1d29b8a3,0
10423,0x555555567525,0x1d29b8a4,0
10424,0x555555567525,0x1d29b8a5,0
10425,0x55555556750e,0x1d29b8a6,0
10426,0x555555567525,0x1d29b8a7,0
10427,0x555555567525,0x1d29b8a8,0
10428,0x55555556750e,0x1d29b8a9,0
10429,0x555555567525,0x1d29b8aa,0
10430,0x55555556750e,0x1d29b8ab,0
10431,0x55555556750e,0x1d29b8ac,0
10432,0x555555567525,0x1d29b8ad,0
10433,0x55555556750e,0x1d29b8ae,0
10434,0x55555556750e,0x1d29b8af,0
10435,0x55555556750e,0x1d29b8b0,0
10436,0x555555567525,0x1d29b8b1,0
10437,0x55555556750e,0x1d29b8b2,0
10438,0x55555556750e,0x1d29b8b3,0
10439,0x555555567525,0x1d29b8b4,0
10440,0x55555556750e,0x1d29b8b5,0
10441,0x555555567525,0x1d29b8b6,0
10442,0x55555556750e,0x1d29b8b7,0
10443,0x555555567525,0x1d29b8b8,0
10444,0x55555556750e,0x1d29b8b9,0
10445,0x555555567525,0x1d29b8ba,0
10446,0x55555556750e,0x1d29b8bb,0
10447,0x555555567525,0x1d29b8bc,0
10448,0x555555567525,0x1d29b8bd,0
10449,0x555555567525,0x1d29b8be,0
10450,0x555555567525,0x1d29b8bf,0
10451,0x555555567525,0x3e5c2b40,0
10452,0x55555556750e,0x3e5c2b41,0
10453,0x555555567525,0x3e5c2b42,0
10454,0x55555556750e,0x3e5c2b43,0
10455,0x55555556750e,0x3e5c2b44,0
10456,0x55555556750e,0x3e5c2b45,0
10457,0x555555567525,0x3e5c2b46,0
10458,0x555555567525,0x3e5c2b47,0
10459,0x555555567525,0x3e5c2b48,0
10460,0x55555556750e,0x3e5c2b49,0
10461,0x555555567525,0x3e5c2b4a,0
10462,0x55555556750e,0x3e5c2b4b,0
10463,0x55555556750e,0x3e5c2b4c,0
10464,0x555555567525,0x3e5c2b4d,0
10465,0x55555556750e,0x3e5c2b4e,0
10466,0x55555556750e,0x3e5c2b4f,0
10467,0x555555567525,0x3e5c2b50,0
10468,0x555555567525,0x3e5c2b51,0
10469,0x555555567525,0x3e5c2b52,0
10470,0x55555556750e,0x3e5c2b53,0
10471,0x55555556750e,0x3e5c2b54,0
10472,0x55555556750e,0x3e5c2b55,0
10473,0x55555556750e,0x3e5c2b56,0
10474,0x555555567525,0x3e5c2b57,0
10475,0x55555556750e,0x3e5c2b58,0
10476,0x55555556750e,0x3e5c2b59,0
10477,0x55555556750e,0x3e5c2b5a,0
10478,0x55555556750e,0x3e5c2b5b,0
10479,0x555555567525,0x3e5c2b5c,0
10480,0x555555567525,0x3e5c2b5d,0
10481,0x55555556750e,0x3e5c2b5e,0
10482,0x555555567525,0x3e5c2b5f,0
10483,0x55555556750e,0x3e5c2b60,0
10484,0x55555556750e,0x3e5c2b61,0
10485,0x55555556750e,0x3e5c2b62,0
10486,0x55555556750e,0x3e5c2b63,0
10487,0x555555567525,0x3e5c2b64,0
10488,0x55555556750e,0x3e5c2b65,0
10489,0x555555567525,0x3e5c2b66,0
10490,0x555555567525,0x3e5c2b67,0
10491,0x555555567525,0x3e5c2b68,0
10492,0x55555556750e,0x3e5c2b69,0
10493,0x555555567525,0x3e5c2b6a,0
10494,0x55555556750e,0x3e5c2b6b,0
10495,0x555555567525,0x3e5c2b6c,0
10496,0x55555556750e,0x3e5c2b6d,0
10497,0x55555556750e,0x3e5c2b6e,0
10498,0x55555556750e,0x3e5c2b6f,0
10499,0x55555556750e,0x3e5c2b70,0
10500,0x55555556750e,0x3e5c2b71,0
10501,0x55555556750e,0x3e5c2b72,0
10502,0x55555556750e,0x3e5c2b73,0
10503,0x555555567525,0x3e5c2b74,0
10504,0x55555556750e,0x3e5c2b75,0
10505,0x55555556750e,0x3e5c2b76,0
10506,0x55555556750e,0x3e5c2b77,0
10507,0x55555556750e,0x3e5c2b78,0
10508,0x55555556750e,0x3e5c2b79,0
10509,0x55555556750e,0x3e5c2b7a,0
10510,0x55555556750e,0x3e5c2b7b,0
10511,0x555555567525,0x3e5c2b7c,0
10512,0x555555567525,0x3e5c2b7d,0
10513,0x555555567525,0x3e5c2b7e,0
10514,0x55555556750e,0x3e5c2b7f,0
10515,0x555555567525,0x26a70c80,0
10516,0x555555567525,0x26a70c81,0
10517,0x555555567525,0x26a70c82,0
10518,0x555555567525,0x26a70c83,0
10519,0x55555556750e,0x26a70c84,0
10520,0x555555567525,0x26a70c85,0
10521,0x555555567525,0x26a70c86,0
10522,0x555555567525,0x26a70c87,0
10523,0x55555556750e,0x26a70c88,0
10524,0x555555567525,0x26a70c89,0
10525,0x55555556750e,0x26a70c8a,0
10526,0x555555567525,0x26a70c8b,0
10527,0x55555556750e,0x26a70c8c,0
10528,0x55555556750e,0x26a70c8d,0
10529,0x555555567525,0x26a70c8e,0
10530,0x55555556750e,0x26a70c8f,0
10531,0x555555567525,0x26a70c90,0
10532,0x555555567525,0x26a70c91,0
10533,0x555555567525,0x26a70c92,0
10534,0x555555567525,0x26a70c93,0
10535,0x55555556750e,0x26a70c94,0
10536,0x555555567525,0x26a70c95,0
10537,0x55555556750e,0x26a70c96,0
10538,0x55555556750e,0x26a70c97,0
10539,0x55555556750e,0x26a70c98,0
10540,0x55555556750e,0x26a70c99,0
10541,0x55555556750e,0x26a70c9a,0
10542,0x55555556750e,0x26a70c9b,0
10543,0x555555567525,0x26a70c9c,0
10544,0x555555567525,0x26a70c9d,0
10545,0x55555556750e,0x26a70c9e,0
10546,0x555555567525,0x26a70c9f,0
10547,0x55555556750e,0x26a70ca0,0
10548,0x555555567525,0x26a70ca1,0
10549,0x55555556750e,0x26a70ca2,0
10550,0x555555567525,0x26a70ca3,0
10551,0x555555567525,0x26a70ca4,0
10552,0x55555556750e,0x26a70ca5,0
10553,0x555555567525,0x26a70ca6,0
10554,0x555555567525,0x26a70ca7,0
10555,0x55555556750e,0x26a70ca8,0
10556,0x55555556750e,0x26a70ca9,0
10557,0x555555567525,0x26a70caa,0
10558,0x55555556750e,0x26a70cab,0
10559,0x555555567525,0x26a70cac,0
10560,0x55555556750e,0x26a70cad,0
10561,0x555555567525,0x26a70cae,0
10562,0x55555556750e,0x26a70caf,0
10563,0x555555567525,0x26a70cb0,0
10564,0x555555567525,0x26a70cb1,0
10565,0x55555556750e,0x26a70cb2,0
10566,0x55555556750e,0x26a70cb3,0
10567,0x55555556750e,0x26a70cb4,0
10568,0x55555556750e,0x26a70cb5,0
10569,0x55555556750e,0x26a70cb6,0
10570,0x555555567525,0x26a70cb7,0
10571,0x55555556750e,0x26a70cb8,0
10572,0x555555567525,0x26a70cb9,0
10573,0x55555556750e,0x26a70cba,0
10574,0x555555567525,0x26a70cbb,0
10575,0x555555567525,0x26a70cbc,0
10576,0x55555556750e,0x26a70cbd,0
10577,0x555555567525,0x26a70cbe,0
10578,0x555555567525,0x26a70cbf,0
10579,0x555555567525,0x2ba38d40,0
10580,0x55555556750e,0x2ba38d41,0
10581,0x55555556750e,0x2ba38d42,0
10582,0x55555556750e,0x2ba38d43,0
10583,0x55555556750e,0x2ba38d44,0
10584,0x555555567525,0x2ba38d45,0
10585,0x555555567525,0x2ba38d46,0
10586,0x55555556750e,0x2ba38d47,0
10587,0x555555567525,0x2ba38d48,0
10588,0x55555556750e,0x2ba38d49,0
10589,0x55555556750e,0x2ba38d4a,0
10590,0x55555556750e,0x2ba38d4b,0
10591,0x55555556750e,0x2ba38d4c,0
10592,0x555555567525,0x2ba38d4d,0
10593,0x55555556750e,0x2ba38d4e,0
10594,0x555555567525,0x2ba38d4f,0
10595,0x555555567525,0x2ba38d50,0
10596,0x555555567525,0x2ba38d51,0
10597,0x55555556750e,0x2ba38d52,0
10598,0x55555556750e,0x2ba38d53,0
10599,0x55555556750e,0x2ba38d54,0
10600,0x555555567525,0x2ba38d55,0
10601,0x55555556750e,0x2ba38d56,0
10602,0x555555567525,0x2ba38d57,0
10603,0x55555556750e,0x2ba38d58,0
10604,0x55555556750e,0x2ba38d59,0
10605,0x55555556750e,0x2ba38d5a,0
10606,0x555555567525,0x2ba38d5b,0
10607,0x555555567525,0x2ba38d5c,0
10608,0x55555556750e,0x2ba38d5d,0
10609,0x55555556750e,0x2ba38d5e,0
10610,0x555555567525,0x2ba38d5f,0
10611,0x55555556750e,0x2ba38d60,0
10612,0x555555567525,0x2ba38d61,0
10613,0x55555556750e,0x2ba38d62,0
10614,0x55555556750e,0x2ba38d63,0
10615,0x55555556750e,0x2ba38d64,0
10616,0x555555567525,0x2ba38d65,0
10617,0x55555556750e,0x2ba38d66,0
10618,0x555555567525,0x2ba38d67,0
10619,0x555555567525,0x2ba38d68,0
10620,0x55555556750e,0x2ba38d69,0
10621,0x555555567525,0x2ba38d6a,0
10622,0x55555556750e,0x2ba38d6b,0
10623,0x555555567525,0x2ba38d6c,0
10624,0x55555556750e,0x2ba38d6d,0
10625,0x555555567525,0x2ba38d6e,0
10626,0x55555556750e,0x2ba38d6f,0
10627,0x555555567525,0x2ba38d70,0
10628,0x555555567525,0x2ba38d71,0
10629,0x55555556750e,0x2ba38d72,0
10630,0x55555556750e,0x2ba38d73,0
10631,0x55555556750e,0x2ba38d74,0
10632,0x55555556750e,0x2ba38d75,0
10633,0x55555556750e,0x2ba38d76,0
10634,0x55555556750e,0x2ba38d77,0
10635,0x55555556750e,0x2ba38d78,0
10636,0x55555556750e,0x2ba38d79,0
10637,0x555555567525,0x2ba38d7a,0
10638,0x55555556750e,0x2ba38d7b,0
10639,0x555555567525,0x2ba38d7c,0
10640,0x555555567525,0x2ba38d7d,0
10641,0x55555556750e,0x2ba38d7e,0
10642,0x55555556750e,0x2ba38d7f,0
10643,0x555555567525,0x394d29c0,0
10644,0x555555567525,0x394d29c1,0
10645,0x55555556750e,0x394d29c2,0
10646,0x555555567525,0x394d29c3,0
10647,0x55555556750e,0x394d29c4,0
10648,0x55555556750e,0x394d29c5,0
10649,0x555555567525,0x394d29c6,0
10650,0x555555567525,0x394d29c7,0
10651,0x55555556750e,0x394d29c8,0
10652,0x55555556750e,0x394d29c9,0
10653,0x55555556750e,0x394d29ca,0
10654,0x555555567525,0x394d29cb,0
10655,0x55555556750e,0x394d29cc,0
10656,0x555555567525,0x394d29cd,0
10657,0x555555567525,0x394d29ce,0
10658,0x55555556750e,0x394d29cf,0
10659,0x555555567525,0x394d29d0,0
10660,0x55555556750e,0x394d29d1,0
10661,0x555555567525,0x394d29d2,0
10662,0x555555567525,0x394d29d3,0
10663,0x55555556750e,0x394d29d4,0
10664,0x55555556750e,0x394d29d5,0
10665,0x55555556750e,0x394d29d6,0
10666,0x55555556750e,0x394d29d7,0
10667,0x55555556750e,0x394d29d8,0
10668,0x55555556750e,0x394d29d9,0
10669,0x555555567525,0x394d29da,0
10670,0x55555556750e,0x394d29db,0
10671,0x55555556750e,0x394d29dc,0
10672,0x555555567525,0x394d29dd,0
10673,0x55555556750e,0x394d29de,0
10674,0x555555567525,0x394d29df,0
10675,0x55555556750e,0x394d29e0,0
10676,0x55555556750e,0x394d29e1,0
10677,0x55555556750e,0x394d29e2,0
10678,0x55555556750e,0x394d29e3,0
10679,0x55555556750e,0x394d29e4,0
10680,0x55555556750e,0x394d29e5,0
10681,0x555555567525,0x394d29e6,0
10682,0x555555567525,0x394d29e7,0
10683,0x555555567525,0x394d29e8,0
10684,0x55555556750e,0x394d29e9,0
10685,0x555555567525,0x394d29ea,0
10686,0x55555556750e,0x394d29eb,0
10687,0x555555567525,0x394d29ec,0
10688,0x55555556750e,0x394d29ed,0
10689,0x55555556750e,0x394d29ee,0
10690,0x55555556750e,0x394d29ef,0
10691,0x555555567525,0x394d29f0,0
10692,0x555555567525,0x394d29f1,0
10693,0x55555556750e,0x394d29f2,0
10694,0x555555567525,0x394d29f3,0
10695,0x55555556750e,0x394d29f4,0
10696,0x55555556750e,0x394d29f5,0
10697,0x55555556750e,0x394d29f6,0
10698,0x55555556750e,0x394d29f7,0
10699,0x55555556750e,0x394d29f8,0
10700,0x55555556750e,0x394d29f9,0
10701,0x555555567525,0x394d29fa,0
10702,0x55555556750e,0x394d29fb,0
10703,0x555555567525,0x394d29fc,0
10704,0x555555567525,0x394d29fd,0
10705,0x555555567525,0x394d29fe,0
10706,0x55555556750e,0x394d29ff,0
10707,0x555555567525,0x1a766bc0,0
10708,0x55555556750e,0x1a766bc1,0
10709,0x55555556750e,0x1a766bc2,0
10710,0x55555556750e,0x1a766bc3,0
10711,0x55555556750e,0x1a766bc4,0
10712,0x55555556750e,0x1a766bc5,0
10713,0x555555567525,0x1a766bc6,0
10714,0x555555567525,0x1a766bc7,0
10715,0x55555556750e,0x1a766bc8,0
10716,0x55555556750e,0x1a766bc9,0
10717,0x55555556750e,0x1a766bca,0
10718,0x55555556750e,0x1a766bcb,0
10719,0x55555556750e,0x1a766bcc,0
10720,0x55555556750e,0x1a766bcd,0
10721,0x55555556750e,0x1a766bce,0
10722,0x55555556750e,0x1a766bcf,0
10723,0x555555567525,0x1a766bd0,0
10724,0x555555567525,0x1a766bd1,0
10725,0x555555567525,0x1a766bd2,0
10726,0x55555556750e,0x1a766bd3,0
10727,0x55555556750e,0x1a766bd4,0
10728,0x55555556750e,0x1a766bd5,0
10729,0x55555556750e,0x1a766bd6,0
10730,0x55555556750e,0x1a766bd7,0
10731,0x55555556750e,0x1a766bd8,0
10732,0x55555556750e,0x1a766bd9,0
10733,0x55555556750e,0x1a766bda,0
10734,0x55555556750e,0x1a766bdb,0
10735,0x555555567525,0x1a766bdc,0
10736,0x555555567525,0x1a766bdd,0
10737,0x55555556750e,0x1a766bde,0
10738,0x55555556750e,0x1a766bdf,0
10739,0x55555556750e,0x1a766be0,0
10740,0x55555556750e,0x1a766be1,0
10741,0x55555556750e,0x1a766be2,0
10742,0x555555567525,0x1a766be3,0
10743,0x55555556750e,0x1a766be4,0
10744,0x555555567525,0x1a766be5,0
10745,0x55555556750e,0x1a766be6,0
10746,0x555555567525,0x1a766be7,0
10747,0x555555567525,0x1a766be8,0
10748,0x55555556750e,0x1a766be9,0
10749,0x55555556750e,0x1a766bea,0
10750,0x55555556750e,0x1a766beb,0
10751,0x555555567525,0x1a766bec,0
10752,0x55555556750e,0x1a766bed,0
10753,0x555555567525,0x1a766bee,0
10754,0x55555556750e,0x1a766bef,0
10755,0x555555567525,0x1a766bf0,0
10756,0x555555567525,0x1a766bf1,0
10757,0x55555556750e,0x1a766bf2,0
10758,0x555555567525,0x1a766bf3,0
10759,0x55555556750e,0x1a766bf4,0
10760,0x55555556750e,0x1a766bf5,0
10761,0x555555567525,0x1a766bf6,0
10762,0x555555567525,0x1a766bf7,0
10763,0x555555567525,0x1a766bf8,0
10764,0x55555556750e,0x1a766bf9,0
10765,0x555555567525,0x1a766bfa,0
10766,0x55555556750e,0x1a766bfb,0
10767,0x555555567525,0x1a766bfc,0
10768,0x555555567525,0x1a766bfd,0
10769,0x55555556750e,0x1a766bfe,0
10770,0x555555567525,0x1a766bff,0
10771,0x555555567525,0x1f3aa700,0
10772,0x55555556750e,0x1f3aa701,0
10773,0x555555567525,0x1f3aa702,0
10774,0x555555567525,0x1f3aa703,0
10775,0x55555556750e,0x1f3aa704,0
10776,0x55555556750e,0x1f3aa705,0
10777,0x55555556750e,0x1f3aa706,0
10778,0x55555556750e,0x1f3aa707,0
10779,0x555555567525,0x1f3aa708,0
10780,0x55555556750e,0x1f3aa709,0
10781,0x555555567525,0x1f3aa70a,0
10782,0x55555556750e,0x1f3aa70b,0
10783,0x55555556750e,0x1f3aa70c,0
10784,0x55555556750e,0x1f3aa70d,0
10785,0x55555556750e,0x1f3aa70e,0
10786,0x555555567525,0x1f3aa70f,0
10787,0x55555556750e,0x1f3aa710,0
10788,0x555555567525,0x1f3aa711,0
10789,0x55555556750e,0x1f3aa712,0
10790,0x55555556750e,0x1f3aa713,0
10791,0x55555556750e,0x1f3aa714,0
10792,0x555555567525,0x1f3aa715,0
10793,0x55555556750e,0x1f3aa716,0
10794,0x555555567525,0x1f3aa717,0
10795,0x55555556750e,0x1f3aa718,0
10796,0x55555556750e,0x1f3aa719,0
10797,0x555555567525,0x1f3aa71a,0
10798,0x55555556750e,0x1f3aa71b,0
10799,0x555555567525,0x1f3aa71c,0
10800,0x55555556750e,0x1f3aa71d,0
10801,0x55555556750e,0x1f3aa71e,0
10802,0x55555556750e,0x1f3aa71f,0
10803,0x55555556750e,0x1f3aa720,0
10804,0x555555567525,0x1f3aa721,0
10805,0x555555567525,0x1f3aa722,0
10806,0x55555556750e,0x1f3aa723,0
10807,0x55555556750e,0x1f3aa724,0
10808,0x55555556750e,0x1f3aa725,0
10809,0x555555567525,0x1f3aa726,0
10810,0x555555567525,0x1f3aa727,0
10811,0x555555567525,0x1f3aa728,0
10812,0x55555556750e,0x1f3aa729,0
10813,0x55555556750e,0x1f3aa72a,0
10814,0x55555556750e,0x1f3aa72b,0
10815,0x55555556750e,0x1f3aa72c,0
10816,0x555555567525,0x1f3aa72d,0
10817,0x55555556750e,0x1f3aa72e,0
10818,0x55555556750e,0x1f3aa72f,0
10819,0x555555567525,0x1f3aa730,0
10820,0x555555567525,0x1f3aa731,0
10821,0x555555567525,0x1f3aa732,0
10822,0x55555556750e,0x1f3aa733,0
10823,0x555555567525,0x1f3aa734,0
10824,0x55555556750e,0x1f3aa735,0
10825,0x555555567525,0x1f3aa736,0
10826,0x55555556750e,0x1f3aa737,0
10827,0x55555556750e,0x1f3aa738,0
10828,0x55555556750e,0x1f3aa739,0
10829,0x555555567525,0x1f3aa73a,0
10830,0x555555567525,0x1f3aa73b,0
10831,0x555555567525,0x1f3aa73c,0
10832,0x555555567525,0x1f3aa73d,0
10833,0x55555556750e,0x1f3aa73e,0
10834,0x555555567525,0x1f3aa73f,0
10835,0x555555567525,0x8f0b40,0
10836,0x555555567525,0x8f0b41,0
10837,0x55555556750e,0x8f0b42,0
10838,0x555555567525,0x8f0b43,0
10839,0x55555556750e,0x8f0b44,0
10840,0x555555567525,0x8f0b45,0
10841,0x555555567525,0x8f0b46,0
10842,0x55555556750e,0x8f0b47,0
10843,0x555555567525,0x8f0b48,0
10844,0x55555556750e,0x8f0b49,0
10845,0x555555567525,0x8f0b4a,0
10846,0x55555556750e,0x8f0b4b,0
10847,0x55555556750e,0x8f0b4c,0
10848,0x555555567525,0x8f0b4d,0
10849,0x55555556750e,0x8f0b4e,0
10850,0x55555556750e,0x8f0b4f,0
10851,0x55555556750e,0x8f0b50,0
10852,0x555555567525,0x8f0b51,0
10853,0x55555556750e,0x8f0b52,0
10854,0x55555556750e,0x8f0b53,0
10855,0x55555556750e,0x8f0b54,0
10856,0x55555556750e,0x8f0b55,0
10857,0x55555556750e,0x8f0b56,0
10858,0x55555556750e,0x8f0b57,0
10859,0x55555556750e,0x8f0b58,0
10860,0x55555556750e,0x8f0b59,0
10861,0x55555556750e,0x8f0b5a,0
10862,0x55555556750e,0x8f0b5b,0
10863,0x555555567525,0x8f0b5c,0
10864,0x55555556750e,0x8f0b5d,0
10865,0x55555556750e,0x8f0b5e,0
10866,0x555555567525,0x8f0b5f,0
10867,0x55555556750e,0x8f0b60,0
10868,0x555555567525,0x8f0b61,0
10869,0x55555556750e,0x8f0b62,0
10870,0x55555556750e,0x8f0b63,0
10871,0x55555556750e,0x8f0b64,0
10872,0x555555567525,0x8f0b65,0
10873,0x55555556750e,0x8f0b66,0
10874,0x555555567525,0x8f0b67,0
10875,0x55555556750e,0x8f0b68,0
10876,0x55555556750e,0x8f0b69,0
10877,0x55555556750e,0x8f0b6a,0
10878,0x55555556750e,0x8f0b6b,0
10879,0x55555556750e,0x8f0b6c,0
10880,0x55555556750e,0x8f0b6d,0
10881,0x55555556750e,0x8f0b6e,0
10882,0x55555556750e,0x8f0b6f,0
10883,0x55555556750e,0x8f0b70,0
10884,0x55555556750e,0x8f0b71,0
10885,0x555555567525,0x8f0b72,0
10886,0x555555567525,0x8f0b73,0
10887,0x55555556750e,0x8f0b74,0
10888,0x55555556750e,0x8f0b75,0
10889,0x555555567525,0x8f0b76,0
10890,0x555555567525,0x8f0b77,0
10891,0x55555556750e,0x8f0b78,0
10892,0x55555556750e,0x8f0b79,0
10893,0x55555556750e,0x8f0b7a,0
10894,0x55555556750e,0x8f0b7b,0
10895,0x555555567525,0x8f0b7c,0
10896,0x555555567525,0x8f0b7d,0
10897,0x555555567525,0x8f0b7e,0
10898,0x555555567525,0x8f0b7f,0
10899,0x555555567525,0x396be680,0
10900,0x55555556750e,0x396be681,0
10901,0x555555567525,0x396be682,0
10902,0x55555556750e,0x396be683,0
10903,0x55555556750e,0x396be684,0
10904,0x55555556750e,0x396be685,0
10905,0x55555556750e,0x396be686,0
10906,0x555555567525,0x396be687,0
10907,0x55555556750e,0x396be688,0
10908,0x55555556750e,0x396be689,0
10909,0x55555556750e,0x396be68a,0
10910,0x55555556750e,0x396be68b,0
10911,0x555555567525,0x396be68c,0
10912,0x55555556750e,0x396be68d,0
10913,0x555555567525,0x396be68e,0
10914,0x55555556750e,0x396be68f,0
10915,0x55555556750e,0x396be690,0
10916,0x55555556750e,0x396be691,0
10917,0x55555556750e,0x396be692,0
10918,0x55555556750e,0x396be693,0
10919,0x555555567525,0x396be694,0
10920,0x55555556750e,0x396be695,0
10921,0x555555567525,0x396be696,0
10922,0x55555556750e,0x396be697,0
10923,0x555555567525,0x396be698,0
10924,0x555555567525,0x396be699,0
10925,0x55555556750e,0x396be69a,0
10926,0x555555567525,0x396be69b,0
10927,0x555555567525,0x396be69c,0
10928,0x55555556750e,0x396be69d,0
10929,0x55555556750e,0x396be69e,0
10930,0x55555556750e,0x396be69f,0
10931,0x555555567525,0x396be6a0,0
10932,0x55555556750e,0x396be6a1,0
10933,0x55555556750e,0x396be6a2,0
10934,0x555555567525,0x396be6a3,0
10935,0x555555567525,0x396be6a4,0
10936,0x555555567525,0x396be6a5,0
10937,0x55555556750e,0x396be6a6,0
10938,0x55555556750e,0x396be6a7,0
10939,0x555555567525,0x396be6a8,0
10940,0x55555556750e,0x396be6a9,0
10941,0x55555556750e,0x396be6aa,0
10942,0x55555556750e,0x396be6ab,0
10943,0x555555567525,0x396be6ac,0
10944,0x555555567525,0x396be6ad,0
10945,0x555555567525,0x396be6ae,0
10946,0x55555556750e,0x396be6af,0
10947,0x555555567525,0x396be6b0,0
10948,0x555555567525,0x396be6b1,0
10949,0x555555567525,0x396be6b2,0
10950,0x55555556750e,0x396be6b3,0
10951,0x55555556750e,0x396be6b4,0
10952,0x55555556750e,0x396be6b5,0
10953,0x555555567525,0x396be6b6,0
10954,0x55555556750e,0x396be6b7,0
10955,0x55555556750e,0x396be6b8,0
10956,0x55555556750e,0x396be6b9,0
10957,0x55555556750e,0x396be6ba,0
10958,0x55555556750e,0x396be6bb,0
10959,0x555555567525,0x396be6bc,0
10960,0x555555567525,0x396be6bd,0
10961,0x555555567525,0x396be6be,0
10962,0x55555556750e,0x396be6bf,0
10963,0x555555567525,0x47a6140,0
10964,0x555555567525,0x47a6141,0
10965,0x55555556750e,0x47a6142,0
10966,0x555555567525,0x47a6143,0
10967,0x55555556750e,0x47a6144,0
10968,0x55555556750e,0x47a6145,0
10969,0x55555556750e,0x47a6146,0
10970,0x55555556750e,0x47a6147,0
10971,0x555555567525,0x47a6148,0
10972,0x55555556750e,0x47a6149,0
10973,0x555555567525,0x47a614a,0
10974,0x55555556750e,0x47a614b,0
10975,0x55555556750e,0x47a614c,0
10976,0x55555556750e,0x47a614d,0
10977,0x55555556750e,0x47a614e,0
10978,0x55555556750e,0x47a614f,0
10979,0x555555567525,0x47a6150,0
10980,0x55555556750e,0x47a6151,0
10981,0x555555567525,0x47a6152,0
10982,0x555555567525,0x47a6153,0
10983,0x55555556750e,0x47a6154,0
10984,0x555555567525,0x47a6155,0
10985,0x55555556750e,0x47a6156,0
10986,0x55555556750e,0x47a6157,0
10987,0x55555556750e,0x47a6158,0
10988,0x55555556750e,0x47a6159,0
10989,0x555555567525,0x47a615a,0
10990,0x55555556750e,0x47a615b,0
10991,0x555555567525,0x47a615c,0
10992,0x55555556750e,0x47a615d,0
10993,0x55555556750e,0x47a615e,0
10994,0x55555556750e,0x47a615f,0
10995,0x55555556750e,0x47a6160,0
10996,0x55555556750e,0x47a6161,0
10997,0x55555556750e,0x47a6162,0
10998,0x55555556750e,0x47a6163,0
10999,0x555555567525,0x47a6164,0
11000,0x555555567525,0x47a6165,0
11001,0x555555567525,0x47a6166,0
11002,0x555555567525,0x47a6167,0
11003,0x55555556750e,0x47a6168,0
11004,0x55555556750e,0x47a6169,0
11005,0x55555556750e,0x47a616a,0
11006,0x555555567525,0x47a616b,0
11007,0x555555567525,0x47a616c,0
11008,0x55555556750e,0x47a616d,0
11009,0x555555567525,0x47a616e,0
11010,0x55555556750e,0x47a616f,0
11011,0x555555567525,0x47a6170,0
11012,0x555555567525,0x47a6171,0
11013,0x55555556750e,0x47a6172,0
11014,0x555555567525,0x47a6173,0
11015,0x555555567525,0x47a6174,0
11016,0x55555556750e,0x47a6175,0
11017,0x555555567525,0x47a6176,0
11018,0x55555556750e,0x47a6177,0
11019,0x55555556750e,0x47a6178,0
11020,0x55555556750e,0x47a6179,0
11021,0x55555556750e,0x47a617a,0
11022,0x55555556750e,0x47a617b,0
11023,0x555555567525,0x47a617c,0
11024,0x555555567525,0x47a617d,0
11025,0x555555567525,0x47a617e,0
11026,0x555555567525,0x47a617f,0
11027,0x55555556750e,0x292f34c0,0
11028,0x555555567525,0x292f34c1,0
11029,0x55555556750e,0x292f34c2,0
11030,0x555555567525,0x292f34c3,0
11031,0x55555556750e,0x292f34c4,0
11032,0x555555567525,0x292f34c5,0
11033,0x55555556750e,0x292f34c6,0
11034,0x55555556750e,0x292f34c7,0
11035,0x55555556750e,0x292f34c8,0
11036,0x55555556750e,0x292f34c9,0
11037,0x55555556750e,0x292f34ca,0
11038,0x555555567525,0x292f34cb,0
11039,0x55555556750e,0x292f34cc,0
11040,0x55555556750e,0x292f34cd,0
11041,0x55555556750e,0x292f34ce,0
11042,0x55555556750e,0x292f34cf,0
11043,0x55555556750e,0x292f34d0,0
11044,0x555555567525,0x292f34d1,0
11045,0x555555567525,0x292f34d2,0
11046,0x55555556750e,0x292f34d3,0
11047,0x55555556750e,0x292f34d4,0
11048,0x55555556750e,0x292f34d5,0
11049,0x555555567525,0x292f34d6,0
11050,0x55555556750e,0x292f34d7,0
11051,0x555555567525,0x292f34d8,0
11052,0x55555556750e,0x292f34d9,0
11053,0x555555567525,0x292f34da,0
11054,0x55555556750e,0x292f34db,0
11055,0x55555556750e,0x292f34dc,0
11056,0x555555567525,0x292f34dd,0
11057,0x55555556750e,0x292f34de,0
11058,0x55555556750e,0x292f34df,0
11059,0x55555556750e,0x292f34e0,0
11060,0x55555556750e,0x292f34e1,0
11061,0x55555556750e,0x292f34e2,0
11062,0x555555567525,0x292f34e3,0
11063,0x55555556750e,0x292f34e4,0
11064,0x555555567525,0x292f34e5,0
11065,0x55555556750e,0x292f34e6,0
11066,0x555555567525,0x292f34e7,0
11067,0x555555567525,0x292f34e8,0
11068,0x55555556750e,0x292f34e9,0
11069,0x555555567525,0x292f34ea,0
11070,0x555555567525,0x292f34eb,0
11071,0x55555556750e,0x292f34ec,0
11072,0x555555567525,0x292f34ed,0
11073,0x55555556750e,0x292f34ee,0
11074,0x555555567525,0x292f34ef,0
11075,0x555555567525,0x292f34f0,0
11076,0x555555567525,0x292f34f1,0
11077,0x55555556750e,0x292f34f2,0
11078,0x555555567525,0x292f34f3,0
11079,0x55555556750e,0x292f34f4,0
11080,0x55555556750e,0x292f34f5,0
11081,0x555555567525,0x292f34f6,0
11082,0x55555556750e,0x292f34f7,0
11083,0x555555567525,0x292f34f8,0
11084,0x555555567525,0x292f34f9,0
11085,0x55555556750e,0x292f34fa,0
11086,0x555555567525,0x292f34fb,0
11087,0x555555567525,0x292f34fc,0
11088,0x555555567525,0x292f34fd,0
11089,0x55555556750e,0x292f34fe,0
11090,0x555555567525,0x292f34ff,0
11091,0x55555556750e,0x5d6d4c0,0
11092,0x555555567525,0x5d6d4c1,0
11093,0x55555556750e,0x5d6d4c2,0
11094,0x55555556750e,0x5d6d4c3,0
11095,0x55555556750e,0x5d6d4c4,0
11096,0x55555556750e,0x5d6d4c5,0
11097,0x555555567525,0x5d6d4c6,0
11098,0x555555567525,0x5d6d4c7,0
11099,0x555555567525,0x5d6d4c8,0
11100,0x55555556750e,0x5d6d4c9,0
11101,0x555555567525,0x5d6d4ca,0
11102,0x55555556750e,0x5d6d4cb,0
11103,0x555555567525,0x5d6d4cc,0
11104,0x55555556750e,0x5d6d4cd,0
11105,0x555555567525,0x5d6d4ce,0
11106,0x55555556750e,0x5d6d4cf,0
11107,0x555555567525,0x5d6d4d0,0
11108,0x55555556750e,0x5d6d4d1,0
11109,0x555555567525,0x5d6d4d2,0
11110,0x555555567525,0x5d6d4d3,0
11111,0x55555556750e,0x5d6d4d4,0
11112,0x555555567525,0x5d6d4d5,0
11113,0x555555567525,0x5d6d4d6,0
11114,0x555555567525,0x5d6d4d7,0
11115,0x55555556750e,0x5d6d4d8,0
11116,0x55555556750e,0x5d6d4d9,0
11117,0x55555556750e,0x5d6d4da,0
11118,0x555555567525,0x5d6d4db,0
11119,0x555555567525,0x5d6d4dc,0
11120,0x55555556750e,0x5d6d4dd,0
11121,0x55555556750e,0x5d6d4de,0
11122,0x55555556750e,0x5d6d4df,0
11123,0x555555567525,0x5d6d4e0,0
11124,0x55555556750e,0x5d6d4e1,0
11125,0x55555556750e,0x5d6d4e2,0
11126,0x555555567525,0x5d6d4e3,0
11127,0x55555556750e,0x5d6d4e4,0
11128,0x55555556750e,0x5d6d4e5,0
11129,0x55555556750e,0x5d6d4e6,0
11130,0x55555556750e,0x5d6d4e7,0
11131,0x555555567525,0x5d6d4e8,0
11132,0x555555567525,0x5d6d4e9,0
11133,0x55555556750e,0x5d6d4ea,0
11134,0x555555567525,0x5d6d4eb,0
11135,0x555555567525,0x5d6d4ec,0
11136,0x55555556750e,0x5d6d4ed,0
11137,0x555555567525,0x5d6d4ee,0
11138,0x55555556750e,0x5d6d4ef,0
11139,0x555555567525,0x5d6d4f0,0
11140,0x55555556750e,0x5d6d4f1,0
11141,0x555555567525,0x5d6d4f2,0
11142,0x555555567525,0x5d6d4f3,0
11143,0x55555556750e,0x5d6d4f4,0
11144,0x55555556750e,0x5d6d4f5,0
11145,0x555555567525,0x5d6d4f6,0
11146,0x55555556750e,0x5d6d4f7,0
11147,0x555555567525,0x5d6d4f8,0
11148,0x55555556750e,0x5d6d4f9,0
11149,0x55555556750e,0x5d6d4fa,0
11150,0x55555556750e,0x5d6d4fb,0
11151,0x555555567525,0x5d6d4fc,0
11152,0x555555567525,0x5d6d4fd,0
11153,0x55555556750e,0x5d6d4fe,0
11154,0x55555556750e,0x5d6d4ff,0
11155,0x555555567525,0x26e47680,0
11156,0x555555567525,0x26e47681,0
11157,0x55555556750e,0x26e47682,0
11158,0x555555567525,0x26e47683,0
11159,0x55555556750e,0x26e47684,0
11160,0x55555556750e,0x26e47685,0
11161,0x55555556750e,0x26e47686,0
11162,0x55555556750e,0x26e47687,0
11163,0x555555567525,0x26e47688,0
11164,0x55555556750e,0x26e47689,0
11165,0x55555556750e,0x26e4768a,0
11166,0x555555567525,0x26e4768b,0
11167,0x555555567525,0x26e4768c,0
11168,0x55555556750e,0x26e4768d,0
11169,0x555555567525,0x26e4768e,0
11170,0x55555556750e,0x26e4768f,0
11171,0x55555556750e,0x26e47690,0
11172,0x555555567525,0x26e47691,0
11173,0x55555556750e,0x26e47692,0
11174,0x555555567525,0x26e47693,0
11175,0x555555567525,0x26e47694,0
11176,0x55555556750e,0x26e47695,0
11177,0x555555567525,0x26e47696,0
11178,0x55555556750e,0x26e47697,0
11179,0x55555556750e,0x26e47698,0
11180,0x55555556750e,0x26e47699,0
11181,0x55555556750e,0x26e4769a,0
11182,0x55555556750e,0x26e4769b,0
11183,0x555555567525,0x26e4769c,0
11184,0x55555556750e,0x26e4769d,0
11185,0x555555567525,0x26e4769e,0
11186,0x55555556750e,0x26e4769f,0
11187,0x55555556750e,0x26e476a0,0
11188,0x555555567525,0x26e476a1,0
11189,0x55555556750e,0x26e476a2,0
11190,0x555555567525,0x26e476a3,0
11191,0x55555556750e,0x26e476a4,0
11192,0x555555567525,0x26e476a5,0
11193,0x555555567525,0x26e476a6,0
11194,0x55555556750e,0x26e476a7,0
11195,0x55555556750e,0x26e476a8,0
11196,0x555555567525,0x26e476a9,0
11197,0x55555556750e,0x26e476aa,0
11198,0x55555556750e,0x26e476ab,0
11199,0x55555556750e,0x26e476ac,0
11200,0x55555556750e,0x26e476ad,0
11201,0x555555567525,0x26e476ae,0
11202,0x555555567525,0x26e476af,0
11203,0x55555556750e,0x26e476b0,0
11204,0x555555567525,0x26e476b1,0
11205,0x55555556750e,0x26e476b2,0
11206,0x55555556750e,0x26e476b3,0
11207,0x55555556750e,0x26e476b4,0
11208,0x55555556750e,0x26e476b5,0
11209,0x555555567525,0x26e476b6,0
11210,0x55555556750e,0x26e476b7,0
11211,0x555555567525,0x26e476b8,0
11212,0x55555556750e,0x26e476b9,0
11213,0x55555556750e,0x26e476ba,0
11214,0x555555567525,0x26e476bb,0
11215,0x55555556750e,0x26e476bc,0
11216,0x555555567525,0x26e476bd,0
11217,0x555555567525,0x26e476be,0
11218,0x55555556750e,0x26e476bf,0
11219,0x55555556750e,0x3be87940,0
11220,0x555555567525,0x3be87941,0
11221,0x55555556750e,0x3be87942,0
11222,0x555555567525,0x3be87943,0
11223,0x55555556750e,0x3be87944,0
11224,0x55555556750e,0x3be87945,0
11225,0x55555556750e,0x3be87946,0
11226,0x555555567525,0x3be87947,0
11227,0x55555556750e,0x3be87948,0
11228,0x55555556750e,0x3be87949,0
11229,0x55555556750e,0x3be8794a,0
11230,0x555555567525,0x3be8794b,0
11231,0x55555556750e,0x3be8794c,0
11232,0x555555567525,0x3be8794d,0
11233,0x555555567525,0x3be8794e,0
11234,0x555555567525,0x3be8794f,0
11235,0x55555556750e,0x3be87950,0
11236,0x55555556750e,0x3be87951,0
11237,0x555555567525,0x3be87952,0
11238,0x55555556750e,0x3be87953,0
11239,0x55555556750e,0x3be87954,0
11240,0x55555556750e,0x3be87955,0
11241,0x55555556750e,0x3be87956,0
11242,0x555555567525,0x3be87957,0
11243,0x55555556750e,0x3be87958,0
11244,0x55555556750e,0x3be87959,0
11245,0x55555556750e,0x3be8795a,0
11246,0x555555567525,0x3be8795b,0
11247,0x555555567525,0x3be8795c,0
11248,0x555555567525,0x3be8795d,0
11249,0x55555556750e,0x3be8795e,0
11250,0x55555556750e,0x3be8795f,0
11251,0x55555556750e,0x3be87960,0
11252,0x55555556750e,0x3be87961,0
11253,0x55555556750e,0x3be87962,0
11254,0x55555556750e,0x3be87963,0
11255,0x55555556750e,0x3be87964,0
11256,0x55555556750e,0x3be87965,0
11257,0x555555567525,0x3be87966,0
11258,0x55555556750e,0x3be87967,0
11259,0x55555556750e,0x3be87968,0
11260,0x555555567525,0x3be87969,0
11261,0x55555556750e,0x3be8796a,0
11262,0x55555556750e,0x3be8796b,0
11263,0x55555556750e,0x3be8796c,0
11264,0x55555556750e,0x3be8796d,0
11265,0x555555567525,0x3be8796e,0
11266,0x55555556750e,0x3be8796f,0
11267,0x55555556750e,0x3be87970,0
11268,0x555555567525,0x3be87971,0
11269,0x55555556750e,0x3be87972,0
11270,0x55555556750e,0x3be87973,0
11271,0x55555556750e,0x3be87974,0
11272,0x55555556750e,0x3be87975,0
11273,0x55555556750e,0x3be87976,0
11274,0x55555556750e,0x3be87977,0
11275,0x555555567525,0x3be87978,0
11276,0x55555556750e,0x3be87979,0
11277,0x555555567525,0x3be8797a,0
11278,0x55555556750e,0x3be8797b,0
11279,0x55555556750e,0x3be8797c,0
11280,0x55555556750e,0x3be8797d,0
11281,0x555555567525,0x3be8797e,0
11282,0x55555556750e,0x3be8797f,0
11283,0x555555567525,0x5fb98c0,0
11284,0x55555556750e,0x5fb98c1,0
11285,0x55555556750e,0x5fb98c2,0
11286,0x55555556750e,0x5fb98c3,0
11287,0x555555567525,0x5fb98c4,0
11288,0x555555567525,0x5fb98c5,0
11289,0x555555567525,0x5fb98c6,0
11290,0x55555556750e,0x5fb98c7,0
11291,0x555555567525,0x5fb98c8,0
11292,0x55555556750e,0x5fb98c9,0
11293,0x55555556750e,0x5fb98ca,0
11294,0x555555567525,0x5fb98cb,0
11295,0x55555556750e,0x5fb98cc,0
11296,0x555555567525,0x5fb98cd,0
11297,0x555555567525,0x5fb98ce,0
11298,0x55555556750e,0x5fb98cf,0
11299,0x555555567525,0x5fb98d0,0
11300,0x555555567525,0x5fb98d1,0
11301,0x55555556750e,0x5fb98d2,0
11302,0x55555556750e,0x5fb98d3,0
11303,0x555555567525,0x5fb98d4,0
11304,0x55555556750e,0x5fb98d5,0
11305,0x555555567525,0x5fb98d6,0
11306,0x55555556750e,0x5fb98d7,0
11307,0x55555556750e,0x5fb98d8,0
11308,0x55555556750e,0x5fb98d9,0
11309,0x555555567525,0x5fb98da,0
11310,0x55555556750e,0x5fb98db,0
11311,0x555555567525,0x5fb98dc,0
11312,0x55555556750e,0x5fb98dd,0
11313,0x55555556750e,0x5fb98de,0
11314,0x55555556750e,0x5fb98df,0
11315,0x555555567525,0x5fb98e0,0
11316,0x55555556750e,0x5fb98e1,0
11317,0x55555556750e,0x5fb98e2,0
11318,0x555555567525,0x5fb98e3,0
11319,0x55555556750e,0x5fb98e4,0
11320,0x555555567525,0x5fb98e5,0
11321,0x555555567525,0x5fb98e6,0
11322,0x555555567525,0x5fb98e7,0
11323,0x55555556750e,0x5fb98e8,0
11324,0x555555567525,0x5fb98e9,0
11325,0x55555556750e,0x5fb98ea,0
11326,0x555555567525,0x5fb98eb,0
11327,0x55555556750e,0x5fb98ec,0
11328,0x55555556750e,0x5fb98ed,0
11329,0x555555567525,0x5fb98ee,0
11330,0x55555556750e,0x5fb98ef,0
11331,0x555555567525,0x5fb98f0,0
11332,0x555555567525,0x5fb98f1,0
11333,0x55555556750e,0x5fb98f2,0
11334,0x55555556750e,0x5fb98f3,0
11335,0x55555556750e,0x5fb98f4,0
11336,0x555555567525,0x5fb98f5,0
11337,0x55555556750e,0x5fb98f6,0
11338,0x55555556750e,0x5fb98f7,0
11339,0x55555556750e,0x5fb98f8,0
11340,0x555555567525,0x5fb98f9,0
11341,0x55555556750e,0x5fb98fa,0
11342,0x55555556750e,0x5fb98fb,0
11343,0x555555567525,0x5fb98fc,0
11344,0x55555556750e,0x5fb98fd,0
11345,0x55555556750e,0x5fb98fe,0
11346,0x55555556750e,0x5fb98ff,0
11347,0x555555567525,0x3d8b0e00,0
11348,0x55555556750e,0x3d8b0e01,0
11349,0x555555567525,0x3d8b0e02,0
11350,0x555555567525,0x3d8b0e03,0
11351,0x55555556750e,0x3d8b0e04,0
11352,0x55555556750e,0x3d8b0e05,0
11353,0x55555556750e,0x3d8b0e06,0
11354,0x555555567525,0x3d8b0e07,0
11355,0x55555556750e,0x3d8b0e08,0
11356,0x55555556750e,0x3d8b0e09,0
11357,0x55555556750e,0x3d8b0e0a,0
11358,0x55555556750e,0x3d8b0e0b,0
11359,0x555555567525,0x3d8b0e0c,0
11360,0x555555567525,0x3d8b0e0d,0
11361,0x55555556750e,0x3d8b0e0e,0
11362,0x555555567525,0x3d8b0e0f,0
11363,0x55555556750e,0x3d8b0e10,0
11364,0x555555567525,0x3d8b0e11,0
11365,0x55555556750e,0x3d8b0e12,0
11366,0x55555556750e,0x3d8b0e13,0
11367,0x55555556750e,0x3d8b0e14,0
11368,0x55555556750e,0x3d8b0e15,0
11369,0x55555556750e,0x3d8b0e16,0
11370,0x555555567525,0x3d8b0e17,0
11371,0x55555556750e,0x3d8b0e18,0
11372,0x555555567525,0x3d8b0e19,0
11373,0x555555567525,0x3d8b0e1a,0
11374,0x55555556750e,0x3d8b0e1b,0
11375,0x555555567525,0x3d8b0e1c,0
11376,0x555555567525,0x3d8b0e1d,0
11377,0x55555556750e,0x3d8b0e1e,0
11378,0x55555556750e,0x3d8b0e1f,0
11379,0x55555556750e,0x3d8b0e20,0
11380,0x555555567525,0x3d8b0e21,0
11381,0x55555556750e,0x3d8b0e22,0
11382,0x555555567525,0x3d8b0e23,0
11383,0x55555556750e,0x3d8b0e24,0
11384,0x55555556750e,0x3d8b0e25,0
11385,0x55555556750e,0x3d8b0e26,0
11386,0x555555567525,0x3d8b0e27,0
11387,0x55555556750e,0x3d8b0e28,0
11388,0x55555556750e,0x3d8b0e29,0
11389,0x555555567525,0x3d8b0e2a,0
11390,0x555555567525,0x3d8b0e2b,0
11391,0x555555567525,0x3d8b0e2c,0
11392,0x55555556750e,0x3d8b0e2d,0
11393,0x55555556750e,0x3d8b0e2e,0
11394,0x555555567525,0x3d8b0e2f,0
11395,0x55555556750e,0x3d8b0e30,0
11396,0x555555567525,0x3d8b0e31,0
11397,0x555555567525,0x3d8b0e32,0
11398,0x555555567525,0x3d8b0e33,0
11399,0x555555567525,0x3d8b0e34,0
11400,0x55555556750e,0x3d8b0e35,0
11401,0x555555567525,0x3d8b0e36,0
11402,0x555555567525,0x3d8b0e37,0
11403,0x55555556750e,0x3d8b0e38,0
11404,0x55555556750e,0x3d8b0e39,0
11405,0x55555556750e,0x3d8b0e3a,0
11406,0x55555556750e,0x3d8b0e3b,0
11407,0x555555567525,0x3d8b0e3c,0
11408,0x555555567525,0x3d8b0e3d,0
11409,0x55555556750e,0x3d8b0e3e,0
11410,0x55555556750e,0x3d8b0e3f,0
11411,0x555555567525,0x917df40,0
11412,0x55555556750e,0x917df41,0
11413,0x55555556750e,0x917df42,0
11414,0x55555556750e,0x917df43,0
11415,0x555555567525,0x917df44,0
11416,0x555555567525,0x917df45,0
11417,0x55555556750e,0x917df46,0
11418,0x55555556750e,0x917df47,0
11419,0x555555567525,0x917df48,0
11420,0x55555556750e,0x917df49,0
11421,0x555555567525,0x917df4a,0
11422,0x55555556750e,0x917df4b,0
11423,0x555555567525,0x917df4c,0
11424,0x555555567525,0x917df4d,0
11425,0x55555556750e,0x917df4e,0
11426,0x55555556750e,0x917df4f,0
11427,0x555555567525,0x917df50,0
11428,0x555555567525,0x917df51,0
11429,0x55555556750e,0x917df52,0
11430,0x55555556750e,0x917df53,0
11431,0x555555567525,0x917df54,0
11432,0x55555556750e,0x917df55,0
11433,0x555555567525,0x917df56,0
11434,0x55555556750e,0x917df57,0
11435,0x555555567525,0x917df58,0
11436,0x55555556750e,0x917df59,0
11437,0x55555556750e,0x917df5a,0
11438,0x55555556750e,0x917df5b,0
11439,0x55555556750e,0x917df5c,0
11440,0x555555567525,0x917df5d,0
11441,0x555555567525,0x917df5e,0
11442,0x55555556750e,0x917df5f,0
11443,0x555555567525,0x917df60,0
11444,0x55555556750e,0x917df61,0
11445,0x555555567525,0x917df62,0
11446,0x55555556750e,0x917df63,0
11447,0x555555567525,0x917df64,0
11448,0x555555567525,0x917df65,0
11449,0x555555567525,0x917df66,0
11450,0x555555567525,0x917df67,0
11451,0x55555556750e,0x917df68,0
11452,0x55555556750e,0x917df69,0
11453,0x55555556750e,0x917df6a,0
11454,0x555555567525,0x917df6b,0
11455,0x555555567525,0x917df6c,0
11456,0x555555567525,0x917df6d,0
11457,0x555555567525,0x917df6e,0
11458,0x55555556750e,0x917df6f,0
11459,0x555555567525,0x917df70,0
11460,0x555555567525,0x917df71,0
11461,0x555555567525,0x917df72,0
11462,0x55555556750e,0x917df73,0
11463,0x555555567525,0x917df74,0
11464,0x55555556750e,0x917df75,0
11465,0x555555567525,0x917df76,0
11466,0x55555556750e,0x917df77,0
11467,0x55555556750e,0x917df78,0
11468,0x55555556750e,0x917df79,0
11469,0x55555556750e,0x917df7a,0
11470,0x55555556750e,0x917df7b,0
11471,0x555555567525,0x917df7c,0
11472,0x555555567525,0x917df7d,0
11473,0x555555567525,0x917df7e,0
11474,0x555555567525,0x917df7f,0
11475,0x55555556750e,0x77f4140,0
11476,0x555555567525,0x77f4141,0
11477,0x55555556750e,0x77f4142,0
11478,0x555555567525,0x77f4143,0
11479,0x55555556750e,0x77f4144,0
11480,0x555555567525,0x77f4145,0
11481,0x55555556750e,0x77f4146,0
11482,0x555555567525,0x77f4147,0
11483,0x55555556750e,0x77f4148,0
11484,0x55555556750e,0x77f4149,0
11485,0x55555556750e,0x77f414a,0
11486,0x55555556750e,0x77f414b,0
11487,0x555555567525,0x77f414c,0
11488,0x55555556750e,0x77f414d,0
11489,0x55555556750e,0x77f414e,0
11490,0x55555556750e,0x77f414f,0
11491,0x555555567525,0x77f4150,0
11492,0x555555567525,0x77f4151,0
11493,0x555555567525,0x77f4152,0
11494,0x55555556750e,0x77f4153,0
11495,0x55555556750e,0x77f4154,0
11496,0x55555556750e,0x77f4155,0
11497,0x555555567525,0x77f4156,0
11498,0x555555567525,0x77f4157,0
11499,0x55555556750e,0x77f4158,0
11500,0x555555567525,0x77f4159,0
11501,0x555555567525,0x77f415a,0
11502,0x555555567525,0x77f415b,0
11503,0x555555567525,0x77f415c,0
11504,0x55555556750e,0x77f415d,0
11505,0x555555567525,0x77f415e,0
11506,0x55555556750e,0x77f415f,0
11507,0x555555567525,0x77f4160,0
11508,0x55555556750e,0x77f4161,0
11509,0x55555556750e,0x77f4162,0
11510,0x55555556750e,0x77f4163,0
11511,0x55555556750e,0x77f4164,0
11512,0x55555556750e,0x77f4165,0
11513,0x55555556750e,0x77f4166,0
11514,0x55555556750e,0x77f4167,0
11515,0x55555556750e,0x77f4168,0
11516,0x55555556750e,0x77f4169,0
11517,0x55555556750e,0x77f416a,0
11518,0x555555567525,0x77f416b,0
11519,0x55555556750e,0x77f416c,0
11520,0x555555567525,0x77f416d,0
11521,0x55555556750e,0x77f416e,0
11522,0x555555567525,0x77f416f,0
11523,0x55555556750e,0x77f4170,0
11524,0x555555567525,0x77f4171,0
11525,0x555555567525,0x77f4172,0
11526,0x55555556750e,0x77f4173,0
11527,0x55555556750e,0x77f4174,0
11528,0x55555556750e,0x77f4175,0
11529,0x55555556750e,0x77f4176,0
11530,0x55555556750e,0x77f4177,0
11531,0x55555556750e,0x77f4178,0
11532,0x555555567525,0x77f4179,0
11533,0x55555556750e,0x77f417a,0
11534,0x555555567525,0x77f417b,0
11535,0x555555567525,0x77f417c,0
11536,0x55555556750e,0x77f417d,0
11537,0x55555556750e,0x77f417e,0
11538,0x555555567525,0x77f417f,0
11539,0x555555567525,0x37a480c0,0
11540,0x55555556750e,0x37a480c1,0
11541,0x55555556750e,0x37a480c2,0
11542,0x555555567525,0x37a480c3,0
11543,0x55555556750e,0x37a480c4,0
11544,0x55555556750e,0x37a480c5,0
11545,0x555555567525,0x37a480c6,0
11546,0x55555556750e,0x37a480c7,0
11547,0x55555556750e,0x37a480c8,0
11548,0x55555556750e,0x37a480c9,0
11549,0x55555556750e,0x37a480ca,0
11550,0x55555556750e,0x37a480cb,0
11551,0x55555556750e,0x37a480cc,0
11552,0x55555556750e,0x37a480cd,0
11553,0x55555556750e,0x37a480ce,0
11554,0x55555556750e,0x37a480cf,0
11555,0x555555567525,0x37a480d0,0
11556,0x555555567525,0x37a480d1,0
11557,0x55555556750e,0x37a480d2,0
11558,0x55555556750e,0x37a480d3,0
11559,0x55555556750e,0x37a480d4,0
11560,0x555555567525,0x37a480d5,0
11561,0x55555556750e,0x37a480d6,0
11562,0x55555556750e,0x37a480d7,0
11563,0x55555556750e,0x37a480d8,0
11564,0x55555556750e,0x37a480d9,0
11565,0x555555567525,0x37a480da,0
11566,0x55555556750e,0x37a480db,0
11567,0x555555567525,0x37a480dc,0
11568,0x55555556750e,0x37a480dd,0
11569,0x55555556750e,0x37a480de,0
11570,0x555555567525,0x37a480df,0
11571,0x55555556750e,0x37a480e0,0
11572,0x555555567525,0x37a480e1,0
11573,0x555555567525,0x37a480e2,0
11574,0x555555567525,0x37a480e3,0
11575,0x555555567525,0x37a480e4,0
11576,0x55555556750e,0x37a480e5,0
11577,0x555555567525,0x37a480e6,0
11578,0x555555567525,0x37a480e7,0
11579,0x555555567525,0x37a480e8,0
11580,0x55555556750e,0x37a480e9,0
11581,0x55555556750e,0x37a480ea,0
11582,0x555555567525,0x37a480eb,0
11583,0x55555556750e,0x37a480ec,0
11584,0x555555567525,0x37a480ed,0
11585,0x55555556750e,0x37a480ee,0
11586,0x555555567525,0x37a480ef,0
11587,0x55555556750e,0x37a480f0,0
11588,0x555555567525,0x37a480f1,0
11589,0x55555556750e,0x37a480f2,0
11590,0x55555556750e,0x37a480f3,0
11591,0x55555556750e,0x37a480f4,0
11592,0x555555567525,0x37a480f5,0
11593,0x55555556750e,0x37a480f6,0
11594,0x555555567525,0x37a480f7,0
11595,0x555555567525,0x37a480f8,0
11596,0x555555567525,0x37a480f9,0
11597,0x55555556750e,0x37a480fa,0
11598,0x555555567525,0x37a480fb,0
11599,0x55555556750e,0x37a480fc,0
11600,0x555555567525,0x37a480fd,0
11601,0x555555567525,0x37a480fe,0
11602,0x55555556750e,0x37a480ff,0
11603,0x555555567525,0x2d03e6c0,0
11604,0x55555556750e,0x2d03e6c1,0
11605,0x555555567525,0x2d03e6c2,0
11606,0x55555556750e,0x2d03e6c3,0
11607,0x555555567525,0x2d03e6c4,0
11608,0x55555556750e,0x2d03e6c5,0
11609,0x555555567525,0x2d03e6c6,0
11610,0x55555556750e,0x2d03e6c7,0
11611,0x555555567525,0x2d03e6c8,0
11612,0x55555556750e,0x2d03e6c9,0
11613,0x55555556750e,0x2d03e6ca,0
11614,0x55555556750e,0x2d03e6cb,0
11615,0x55555556750e,0x2d03e6cc,0
11616,0x55555556750e,0x2d03e6cd,0
11617,0x55555556750e,0x2d03e6ce,0
11618,0x555555567525,0x2d03e6cf,0
11619,0x55555556750e,0x2d03e6d0,0
11620,0x55555556750e,0x2d03e6d1,0
11621,0x55555556750e,0x2d03e6d2,0
11622,0x55555556750e,0x2d03e6d3,0
11623,0x55555556750e,0x2d03e6d4,0
11624,0x555555567525,0x2d03e6d5,0
11625,0x55555556750e,0x2d03e6d6,0
11626,0x555555567525,0x2d03e6d7,0
11627,0x55555556750e,0x2d03e6d8,0
11628,0x555555567525,0x2d03e6d9,0
11629,0x555555567525,0x2d03e6da,0
11630,0x55555556750e,0x2d03e6db,0
11631,0x555555567525,0x2d03e6dc,0
11632,0x55555556750e,0x2d03e6dd,0
11633,0x55555556750e,0x2d03e6de,0
11634,0x55555556750e,0x2d03e6df,0
11635,0x55555556750e,0x2d03e6e0,0
11636,0x55555556750e,0x2d03e6e1,0
11637,0x555555567525,0x2d03e6e2,0
11638,0x55555556750e,0x2d03e6e3,0
11639,0x55555556750e,0x2d03e6e4,0
11640,0x55555556750e,0x2d03e6e5,0
11641,0x555555567525,0x2d03e6e6,0
11642,0x55555556750e,0x2d03e6e7,0
11643,0x55555556750e,0x2d03e6e8,0
11644,0x55555556750e,0x2d03e6e9,0
11645,0x555555567525,0x2d03e6ea,0
11646,0x55555556750e,0x2d03e6eb,0
11647,0x55555556750e,0x2d03e6ec,0
11648,0x555555567525,0x2d03e6ed,0
11649,0x55555556750e,0x2d03e6ee,0
11650,0x55555556750e,0x2d03e6ef,0
11651,0x555555567525,0x2d03e6f0,0
11652,0x555555567525,0x2d03e6f1,0
11653,0x55555556750e,0x2d03e6f2,0
11654,0x55555556750e,0x2d03e6f3,0
11655,0x55555556750e,0x2d03e6f4,0
11656,0x55555556750e,0x2d03e6f5,0
11657,0x55555556750e,0x2d03e6f6,0
11658,0x55555556750e,0x2d03e6f7,0
11659,0x55555556750e,0x2d03e6f8,0
11660,0x55555556750e,0x2d03e6f9,0
11661,0x555555567525,0x2d03e6fa,0
11662,0x55555556750e,0x2d03e6fb,0
11663,0x555555567525,0x2d03e6fc,0
11664,0x555555567525,0x2d03e6fd,0
11665,0x55555556750e,0x2d03e6fe,0
11666,0x55555556750e,0x2d03e6ff,0
11667,0x555555567525,0x3f8a3340,0
11668,0x555555567525,0x3f8a3341,0
11669,0x55555556750e,0x3f8a3342,0
11670,0x555555567525,0x3f8a3343,0
11671,0x55555556750e,0x3f8a3344,0
11672,0x555555567525,0x3f8a3345,0
11673,0x555555567525,0x3f8a3346,0
11674,0x55555556750e,0x3f8a3347,0
11675,0x555555567525,0x3f8a3348,0
11676,0x55555556750e,0x3f8a3349,0
11677,0x55555556750e,0x3f8a334a,0
11678,0x55555556750e,0x3f8a334b,0
11679,0x55555556750e,0x3f8a334c,0
11680,0x55555556750e,0x3f8a334d,0
11681,0x555555567525,0x3f8a334e,0
11682,0x555555567525,0x3f8a334f,0
11683,0x55555556750e,0x3f8a3350,0
11684,0x555555567525,0x3f8a3351,0
11685,0x55555556750e,0x3f8a3352,0
11686,0x55555556750e,0x3f8a3353,0
11687,0x55555556750e,0x3f8a3354,0
11688,0x55555556750e,0x3f8a3355,0
11689,0x555555567525,0x3f8a3356,0
11690,0x55555556750e,0x3f8a3357,0
11691,0x55555556750e,0x3f8a3358,0
11692,0x555555567525,0x3f8a3359,0
11693,0x555555567525,0x3f8a335a,0
11694,0x555555567525,0x3f8a335b,0
11695,0x55555556750e,0x3f8a335c,0
11696,0x555555567525,0x3f8a335d,0
11697,0x555555567525,0x3f8a335e,0
11698,0x55555556750e,0x3f8a335f,0
11699,0x55555556750e,0x3f8a3360,0
11700,0x55555556750e,0x3f8a3361,0
11701,0x55555556750e,0x3f8a3362,0
11702,0x55555556750e,0x3f8a3363,0
11703,0x555555567525,0x3f8a3364,0
11704,0x55555556750e,0x3f8a3365,0
11705,0x555555567525,0x3f8a3366,0
11706,0x55555556750e,0x3f8a3367,0
11707,0x55555556750e,0x3f8a3368,0
11708,0x55555556750e,0x3f8a3369,0
11709,0x55555556750e,0x3f8a336a,0
11710,0x55555556750e,0x3f8a336b,0
11711,0x555555567525,0x3f8a336c,0
11712,0x555555567525,0x3f8a336d,0
11713,0x555555567525,0x3f8a336e,0
11714,0x55555556750e,0x3f8a336f,0
11715,0x555555567525,0x3f8a3370,0
11716,0x555555567525,0x3f8a3371,0
11717,0x55555556750e,0x3f8a3372,0
11718,0x555555567525,0x3f8a3373,0
11719,0x55555556750e,0x3f8a3374,0
11720,0x55555556750e,0x3f8a3375,0
11721,0x55555556750e,0x3f8a3376,0
11722,0x55555556750e,0x3f8a3377,0
11723,0x555555567525,0x3f8a3378,0
11724,0x555555567525,0x3f8a3379,0
11725,0x555555567525,0x3f8a337a,0
11726,0x55555556750e,0x3f8a337b,0
11727,0x55555556750e,0x3f8a337c,0
11728,0x555555567525,0x3f8a337d,0
11729,0x55555556750e,0x3f8a337e,0
11730,0x555555567525,0x3f8a337f,0
11731,0x555555567525,0x27233700,0
11732,0x55555556750e,0x27233701,0
11733,0x555555567525,0x27233702,0
11734,0x55555556750e,0x27233703,0
11735,0x555555567525,0x27233704,0
11736,0x55555556750e,0x27233705,0
11737,0x555555567525,0x27233706,0
11738,0x55555556750e,0x27233707,0
11739,0x555555567525,0x27233708,0
11740,0x55555556750e,0x27233709,0
11741,0x55555556750e,0x2723370a,0
11742,0x55555556750e,0x2723370b,0
11743,0x55555556750e,0x2723370c,0
11744,0x55555556750e,0x2723370d,0
11745,0x55555556750e,0x2723370e,0
11746,0x55555556750e,0x2723370f,0
11747,0x55555556750e,0x27233710,0
11748,0x55555556750e,0x27233711,0
11749,0x555555567525,0x27233712,0
11750,0x555555567525,0x27233713,0
11751,0x55555556750e,0x27233714,0
11752,0x55555556750e,0x27233715,0
11753,0x55555556750e,0x27233716,0
11754,0x55555556750e,0x27233717,0
11755,0x555555567525,0x27233718,0
11756,0x55555556750e,0x27233719,0
11757,0x555555567525,0x2723371a,0
11758,0x55555556750e,0x2723371b,0
11759,0x555555567525,0x2723371c,0
11760,0x55555556750e,0x2723371d,0
11761,0x55555556750e,0x2723371e,0
11762,0x55555556750e,0x2723371f,0
11763,0x555555567525,0x27233720,0
11764,0x55555556750e,0x27233721,0
11765,0x55555556750e,0x27233722,0
11766,0x55555556750e,0x27233723,0
11767,0x55555556750e,0x27233724,0
11768,0x555555567525,0x27233725,0
11769,0x555555567525,0x27233726,0
11770,0x555555567525,0x27233727,0
11771,0x55555556750e,0x27233728,0
11772,0x555555567525,0x27233729,0
11773,0x555555567525,0x2723372a,0
11774,0x555555567525,0x2723372b,0
11775,0x55555556750e,0x2723372c,0
11776,0x555555567525,0x2723372d,0
11777,0x55555556750e,0x2723372e,0
11778,0x55555556750e,0x2723372f,0
11779,0x555555567525,0x27233730,0
11780,0x555555567525,0x27233731,0
11781,0x55555556750e,0x27233732,0
11782,0x55555556750e,0x27233733,0
11783,0x555555567525,0x27233734,0
11784,0x55555556750e,0x27233735,0
11785,0x55555556750e,0x27233736,0
11786,0x55555556750e,0x27233737,0
11787,0x55555556750e,0x27233738,0
11788,0x55555556750e,0x27233739,0
11789,0x555555567525,0x2723373a,0
11790,0x555555567525,0x2723373b,0
11791,0x555555567525,0x2723373c,0
11792,0x55555556750e,0x2723373d,0
11793,0x555555567525,0x2723373e,0
11794,0x55555556750e,0x2723373f,0
11795,0x55555556750e,0xe2dc180,0
11796,0x555555567525,0xe2dc181,0
11797,0x55555556750e,0xe2dc182,0
11798,0x555555567525,0xe2dc183,0
11799,0x55555556750e,0xe2dc184,0
11800,0x55555556750e,0xe2dc185,0
11801,0x55555556750e,0xe2dc186,0
11802,0x555555567525,0xe2dc187,0
11803,0x555555567525,0xe2dc188,0
11804,0x55555556750e,0xe2dc189,0
11805,0x55555556750e,0xe2dc18a,0
11806,0x555555567525,0xe2dc18b,0
11807,0x55555556750e,0xe2dc18c,0
11808,0x555555567525,0xe2dc18d,0
11809,0x555555567525,0xe2dc18e,0
11810,0x55555556750e,0xe2dc18f,0
11811,0x555555567525,0xe2dc190,0
11812,0x555555567525,0xe2dc191,0
11813,0x55555556750e,0xe2dc192,0
11814,0x55555556750e,0xe2dc193,0
11815,0x55555556750e,0xe2dc194,0
11816,0x555555567525,0xe2dc195,0
11817,0x555555567525,0xe2dc196,0
11818,0x55555556750e,0xe2dc197,0
11819,0x55555556750e,0xe2dc198,0
11820,0x55555556750e,0xe2dc199,0
11821,0x55555556750e,0xe2dc19a,0
11822,0x55555556750e,0xe2dc19b,0
11823,0x555555567525,0xe2dc19c,0
11824,0x555555567525,0xe2dc19d,0
11825,0x55555556750e,0xe2dc19e,0
11826,0x555555567525,0xe2dc19f,0
11827,0x55555556750e,0xe2dc1a0,0
11828,0x555555567525,0xe2dc1a1,0
11829,0x55555556750e,0xe2dc1a2,0
11830,0x555555567525,0xe2dc1a3,0
11831,0x555555567525,0xe2dc1a4,0
11832,0x55555556750e,0xe2dc1a5,0
11833,0x555555567525,0xe2dc1a6,0
11834,0x555555567525,0xe2dc1a7,0
11835,0x555555567525,0xe2dc1a8,0
11836,0x55555556750e,0xe2dc1a9,0
11837,0x55555556750e,0xe2dc1aa,0
11838,0x55555556750e,0xe2dc1ab,0
11839,0x55555556750e,0xe2dc1ac,0
11840,0x55555556750e,0xe2dc1ad,0
11841,0x555555567525,0xe2dc1ae,0
11842,0x55555556750e,0xe2dc1af,0
11843,0x555555567525,0xe2dc1b0,0
11844,0x555555567525,0xe2dc1b1,0
11845,0x55555556750e,0xe2dc1b2,0
11846,0x55555556750e,0xe2dc1b3,0
11847,0x55555556750e,0xe2dc1b4,0
11848,0x555555567525,0xe2dc1b5,0
11849,0x55555556750e,0xe2dc1b6,0
11850,0x55555556750e,0xe2dc1b7,0
11851,0x55555556750e,0xe2dc1b8,0
11852,0x555555567525,0xe2dc1b9,0
11853,0x55555556750e,0xe2dc1ba,0
11854,0x55555556750e,0xe2dc1bb,0
11855,0x555555567525,0xe2dc1bc,0
11856,0x55555556750e,0xe2dc1bd,0
11857,0x55555556750e,0xe2dc1be,0
11858,0x555555567525,0xe2dc1bf,0
11859,0x55555556750e,0x354e4c0,0
11860,0x555555567525,0x354e4c1,0
11861,0x55555556750e,0x354e4c2,0
11862,0x55555556750e,0x354e4c3,0
11863,0x55555556750e,0x354e4c4,0
11864,0x555555567525,0x354e4c5,0
11865,0x55555556750e,0x354e4c6,0
11866,0x555555567525,0x354e4c7,0
11867,0x55555556750e,0x354e4c8,0
11868,0x55555556750e,0x354e4c9,0
11869,0x555555567525,0x354e4ca,0
11870,0x555555567525,0x354e4cb,0
11871,0x555555567525,0x354e4cc,0
11872,0x55555556750e,0x354e4cd,0
11873,0x555555567525,0x354e4ce,0
11874,0x55555556750e,0x354e4cf,0
11875,0x55555556750e,0x354e4d0,0
11876,0x555555567525,0x354e4d1,0
11877,0x55555556750e,0x354e4d2,0
11878,0x555555567525,0x354e4d3,0
11879,0x55555556750e,0x354e4d4,0
11880,0x55555556750e,0x354e4d5,0
11881,0x55555556750e,0x354e4d6,0
11882,0x555555567525,0x354e4d7,0
11883,0x555555567525,0x354e4d8,0
11884,0x55555556750e,0x354e4d9,0
11885,0x555555567525,0x354e4da,0
11886,0x55555556750e,0x354e4db,0
11887,0x555555567525,0x354e4dc,0
11888,0x555555567525,0x354e4dd,0
11889,0x55555556750e,0x354e4de,0
11890,0x555555567525,0x354e4df,0
11891,0x55555556750e,0x354e4e0,0
11892,0x55555556750e,0x354e4e1,0
11893,0x55555556750e,0x354e4e2,0
11894,0x555555567525,0x354e4e3,0
11895,0x55555556750e,0x354e4e4,0
11896,0x55555556750e,0x354e4e5,0
11897,0x555555567525,0x354e4e6,0
11898,0x555555567525,0x354e4e7,0
11899,0x55555556750e,0x354e4e8,0
11900,0x555555567525,0x354e4e9,0
11901,0x55555556750e,0x354e4ea,0
11902,0x555555567525,0x354e4eb,0
11903,0x55555556750e,0x354e4ec,0
11904,0x555555567525,0x354e4ed,0
11905,0x55555556750e,0x354e4ee,0
11906,0x555555567525,0x354e4ef,0
11907,0x55555556750e,0x354e4f0,0
11908,0x555555567525,0x354e4f1,0
11909,0x555555567525,0x354e4f2,0
11910,0x55555556750e,0x354e4f3,0
11911,0x555555567525,0x354e4f4,0
11912,0x55555556750e,0x354e4f5,0
11913,0x55555556750e,0x354e4f6,0
11914,0x55555556750e,0x354e4f7,0
11915,0x55555556750e,0x354e4f8,0
11916,0x55555556750e,0x354e4f9,0
11917,0x55555556750e,0x354e4fa,0
11918,0x55555556750e,0x354e4fb,0
11919,0x55555556750e,0x354e4fc,0
11920,0x55555556750e,0x354e4fd,0
11921,0x555555567525,0x354e4fe,0
11922,0x55555556750e,0x354e4ff,0
11923,0x555555567525,0xe802040,0
11924,0x55555556750e,0xe802041,0
11925,0x55555556750e,0xe802042,0
11926,0x555555567525,0xe802043,0
11927,0x55555556750e,0xe802044,0
11928,0x55555556750e,0xe802045,0
11929,0x555555567525,0xe802046,0
11930,0x55555556750e,0xe802047,0
11931,0x555555567525,0xe802048,0
11932,0x555555567525,0xe802049,0
11933,0x55555556750e,0xe80204a,0
11934,0x555555567525,0xe80204b,0
11935,0x55555556750e,0xe80204c,0
11936,0x555555567525,0xe80204d,0
11937,0x55555556750e,0xe80204e,0
11938,0x55555556750e,0xe80204f,0
11939,0x55555556750e,0xe802050,0
11940,0x555555567525,0xe802051,0
11941,0x555555567525,0xe802052,0
11942,0x55555556750e,0xe802053,0
11943,0x55555556750e,0xe802054,0
11944,0x55555556750e,0xe802055,0
11945,0x55555556750e,0xe802056,0
11946,0x55555556750e,0xe802057,0
11947,0x55555556750e,0xe802058,0
11948,0x55555556750e,0xe802059,0
11949,0x55555556750e,0xe80205a,0
11950,0x55555556750e,0xe80205b,0
11951,0x555555567525,0xe80205c,0
11952,0x555555567525,0xe80205d,0
11953,0x55555556750e,0xe80205e,0
11954,0x555555567525,0xe80205f,0
11955,0x55555556750e,0xe802060,0
11956,0x555555567525,0xe802061,0
11957,0x55555556750e,0xe802062,0
11958,0x555555567525,0xe802063,0
11959,0x55555556750e,0xe802064,0
11960,0x555555567525,0xe802065,0
11961,0x55555556750e,0xe802066,0
11962,0x555555567525,0xe802067,0
11963,0x55555556750e,0xe802068,0
11964,0x555555567525,0xe802069,0
11965,0x55555556750e,0xe80206a,0
11966,0x555555567525,0xe80206b,0
11967,0x55555556750e,0xe80206c,0
11968,0x555555567525,0xe80206d,0
11969,0x55555556750e,0xe80206e,0
11970,0x55555556750e,0xe80206f,0
11971,0x555555567525,0xe802070,0
11972,0x555555567525,0xe802071,0
11973,0x555555567525,0xe802072,0
11974,0x55555556750e,0xe802073,0
11975,0x555555567525,0xe802074,0
11976,0x55555556750e,0xe802075,0
11977,0x55555556750e,0xe802076,0
11978,0x55555556750e,0xe802077,0
11979,0x55555556750e,0xe802078,0
11980,0x555555567525,0xe802079,0
11981,0x555555567525,0xe80207a,0
11982,0x55555556750e,0xe80207b,0
11983,0x555555567525,0xe80207c,0
11984,0x555555567525,0xe80207d,0
11985,0x55555556750e,0xe80207e,0
11986,0x555555567525,0xe80207f,0
11987,0x555555567525,0x3daac080,0
11988,0x555555567525,0x3daac081,0
11989,0x55555556750e,0x3daac082,0
11990,0x555555567525,0x3daac083,0
11991,0x55555556750e,0x3daac084,0
11992,0x55555556750e,0x3daac085,0
11993,0x555555567525,0x3daac086,0
11994,0x55555556750e,0x3daac087,0
11995,0x55555556750e,0x3daac088,0
11996,0x55555556750e,0x3daac089,0
11997,0x55555556750e,0x3daac08a,0
11998,0x555555567525,0x3daac08b,0
11999,0x55555556750e,0x3daac08c,0
12000,0x555555567525,0x3daac08d,0
12001,0x55555556750e,0x3daac08e,0
12002,0x55555556750e,0x3daac08f,0
12003,0x555555567525,0x3daac090,0
12004,0x555555567525,0x3daac091,0
12005,0x555555567525,0x3daac092,0
12006,0x55555556750e,0x3daac093,0
12007,0x555555567525,0x3daac094,0
12008,0x55555556750e,0x3daac095,0
12009,0x55555556750e,0x3daac096,0
12010,0x55555556750e,0x3daac097,0
12011,0x55555556750e,0x3daac098,0
12012,0x55555556750e,0x3daac099,0
12013,0x555555567525,0x3daac09a,0
12014,0x55555556750e,0x3daac09b,0
12015,0x555555567525,0x3daac09c,0
12016,0x55555556750e,0x3daac09d,0
12017,0x555555567525,0x3daac09e,0
12018,0x555555567525,0x3daac09f,0
12019,0x55555556750e,0x3daac0a0,0
12020,0x555555567525,0x3daac0a1,0
12021,0x55555556750e,0x3daac0a2,0
12022,0x555555567525,0x3daac0a3,0
12023,0x55555556750e,0x3daac0a4,0
12024,0x55555556750e,0x3daac0a5,0
12025,0x555555567525,0x3daac0a6,0
12026,0x55555556750e,0x3daac0a7,0
12027,0x555555567525,0x3daac0a8,0
12028,0x55555556750e,0x3daac0a9,0
12029,0x55555556750e,0x3daac0aa,0
12030,0x55555556750e,0x3daac0ab,0
12031,0x555555567525,0x3daac0ac,0
12032,0x55555556750e,0x3daac0ad,0
12033,0x555555567525,0x3daac0ae,0
12034,0x55555556750e,0x3daac0af,0
12035,0x55555556750e,0x3daac0b0,0
12036,0x55555556750e,0x3daac0b1,0
12037,0x555555567525,0x3daac0b2,0
12038,0x555555567525,0x3daac0b3,0
12039,0x55555556750e,0x3daac0b4,0
12040,0x555555567525,0x3daac0b5,0
12041,0x555555567525,0x3daac0b6,0
12042,0x555555567525,0x3daac0b7,0
12043,0x55555556750e,0x3daac0b8,0
12044,0x555555567525,0x3daac0b9,0
12045,0x55555556750e,0x3daac0ba,0
12046,0x555555567525,0x3daac0bb,0
12047,0x555555567525,0x3daac0bc,0
12048,0x555555567525,0x3daac0bd,0
12049,0x55555556750e,0x3daac0be,0
12050,0x555555567525,0x3daac0bf,0
12051,0x555555567525,0x343da540,0
12052,0x55555556750e,0x343da541,0
12053,0x55555556750e,0x343da542,0
12054,0x55555556750e,0x343da543,0
12055,0x55555556750e,0x343da544,0
12056,0x55555556750e,0x343da545,0
12057,0x555555567525,0x343da546,0
12058,0x55555556750e,0x343da547,0
12059,0x555555567525,0x343da548,0
12060,0x55555556750e,0x343da549,0
12061,0x555555567525,0x343da54a,0
12062,0x55555556750e,0x343da54b,0
12063,0x55555556750e,0x343da54c,0
12064,0x555555567525,0x343da54d,0
12065,0x55555556750e,0x343da54e,0
12066,0x55555556750e,0x343da54f,0
12067,0x55555556750e,0x343da550,0
12068,0x55555556750e,0x343da551,0
12069,0x555555567525,0x343da552,0
12070,0x55555556750e,0x343da553,0
12071,0x55555556750e,0x343da554,0
12072,0x55555556750e,0x343da555,0
12073,0x55555556750e,0x343da556,0
12074,0x555555567525,0x343da557,0
12075,0x55555556750e,0x343da558,0
12076,0x555555567525,0x343da559,0
12077,0x55555556750e,0x343da55a,0
12078,0x555555567525,0x343da55b,0
12079,0x55555556750e,0x343da55c,0
12080,0x555555567525,0x343da55d,0
12081,0x55555556750e,0x343da55e,0
12082,0x55555556750e,0x343da55f,0
12083,0x55555556750e,0x343da560,0
12084,0x55555556750e,0x343da561,0
12085,0x55555556750e,0x343da562,0
12086,0x55555556750e,0x343da563,0
12087,0x55555556750e,0x343da564,0
12088,0x55555556750e,0x343da565,0
12089,0x555555567525,0x343da566,0
12090,0x555555567525,0x343da567,0
12091,0x55555556750e,0x343da568,0
12092,0x55555556750e,0x343da569,0
12093,0x55555556750e,0x343da56a,0
12094,0x55555556750e,0x343da56b,0
12095,0x55555556750e,0x343da56c,0
12096,0x55555556750e,0x343da56d,0
12097,0x55555556750e,0x343da56e,0
12098,0x55555556750e,0x343da56f,0
12099,0x555555567525,0x343da570,0
12100,0x555555567525,0x343da571,0
12101,0x555555567525,0x343da572,0
12102,0x55555556750e,0x343da573,0
12103,0x555555567525,0x343da574,0
12104,0x55555556750e,0x343da575,0
12105,0x555555567525,0x343da576,0
12106,0x555555567525,0x343da577,0
12107,0x55555556750e,0x343da578,0
12108,0x555555567525,0x343da579,0
12109,0x555555567525,0x343da57a,0
12110,0x555555567525,0x343da57b,0
12111,0x555555567525,0x343da57c,0
12112,0x555555567525,0x343da57d,0
12113,0x55555556750e,0x343da57e,0
12114,0x55555556750e,0x343da57f,0
12115,0x555555567525,0x898b680,0
12116,0x555555567525,0x898b681,0
12117,0x55555556750e,0x898b682,0
12118,0x55555556750e,0x898b683,0
12119,0x55555556750e,0x898b684,0
12120,0x55555556750e,0x898b685,0
12121,0x555555567525,0x898b686,0
12122,0x555555567525,0x898b687,0
12123,0x55555556750e,0x898b688,0
12124,0x55555556750e,0x898b689,0
12125,0x555555567525,0x898b68a,0
12126,0x55555556750e,0x898b68b,0
12127,0x55555556750e,0x898b68c,0
12128,0x55555556750e,0x898b68d,0
12129,0x555555567525,0x898b68e,0
12130,0x55555556750e,0x898b68f,0
12131,0x555555567525,0x898b690,0
12132,0x555555567525,0x898b691,0
12133,0x55555556750e,0x898b692,0
12134,0x555555567525,0x898b693,0
12135,0x55555556750e,0x898b694,0
12136,0x555555567525,0x898b695,0
12137,0x555555567525,0x898b696,0
12138,0x55555556750e,0x898b697,0
12139,0x55555556750e,0x898b698,0
12140,0x555555567525,0x898b699,0
12141,0x55555556750e,0x898b69a,0
12142,0x555555567525,0x898b69b,0
12143,0x555555567525,0x898b69c,0
12144,0x55555556750e,0x898b69d,0
12145,0x555555567525,0x898b69e,0
12146,0x55555556750e,0x898b69f,0
12147,0x55555556750e,0x898b6a0,0
12148,0x555555567525,0x898b6a1,0
12149,0x55555556750e,0x898b6a2,0
12150,0x555555567525,0x898b6a3,0
12151,0x55555556750e,0x898b6a4,0
12152,0x555555567525,0x898b6a5,0
12153,0x55555556750e,0x898b6a6,0
12154,0x555555567525,0x898b6a7,0
12155,0x55555556750e,0x898b6a8,0
12156,0x55555556750e,0x898b6a9,0
12157,0x555555567525,0x898b6aa,0
12158,0x55555556750e,0x898b6ab,0
12159,0x555555567525,0x898b6ac,0
12160,0x555555567525,0x898b6ad,0
12161,0x555555567525,0x898b6ae,0
12162,0x55555556750e,0x898b6af,0
12163,0x555555567525,0x898b6b0,0
12164,0x555555567525,0x898b6b1,0
12165,0x555555567525,0x898b6b2,0
12166,0x555555567525,0x898b6b3,0
12167,0x555555567525,0x898b6b4,0
12168,0x555555567525,0x898b6b5,0
12169,0x555555567525,0x898b6b6,0
12170,0x55555556750e,0x898b6b7,0
12171,0x55555556750e,0x898b6b8,0
12172,0x55555556750e,0x898b6b9,0
12173,0x55555556750e,0x898b6ba,0
12174,0x55555556750e,0x898b6bb,0
12175,0x555555567525,0x898b6bc,0
12176,0x555555567525,0x898b6bd,0
12177,0x55555556750e,0x898b6be,0
12178,0x55555556750e,0x898b6bf,0
12179,0x55555556750e,0x6c8df00,0
12180,0x555555567525,0x6c8df01,0
12181,0x55555556750e,0x6c8df02,0
12182,0x555555567525,0x6c8df03,0
12183,0x55555556750e,0x6c8df04,0
12184,0x55555556750e,0x6c8df05,0
12185,0x555555567525,0x6c8df06,0
12186,0x55555556750e,0x6c8df07,0
12187,0x555555567525,0x6c8df08,0
12188,0x55555556750e,0x6c8df09,0
12189,0x555555567525,0x6c8df0a,0
12190,0x55555556750e,0x6c8df0b,0
12191,0x55555556750e,0x6c8df0c,0
12192,0x55555556750e,0x6c8df0d,0
12193,0x555555567525,0x6c8df0e,0
12194,0x555555567525,0x6c8df0f,0
12195,0x55555556750e,0x6c8df10,0
12196,0x555555567525,0x6c8df11,0
12197,0x555555567525,0x6c8df12,0
12198,0x55555556750e,0x6c8df13,0
12199,0x555555567525,0x6c8df14,0
12200,0x55555556750e,0x6c8df15,0
12201,0x555555567525,0x6c8df16,0
12202,0x555555567525,0x6c8df17,0
12203,0x555555567525,0x6c8df18,0
12204,0x55555556750e,0x6c8df19,0
12205,0x555555567525,0x6c8df1a,0
12206,0x55555556750e,0x6c8df1b,0
12207,0x55555556750e,0x6c8df1c,0
12208,0x55555556750e,0x6c8df1d,0
12209,0x555555567525,0x6c8df1e,0
12210,0x55555556750e,0x6c8df1f,0
12211,0x55555556750e,0x6c8df20,0
12212,0x55555556750e,0x6c8df21,0
12213,0x555555567525,0x6c8df22,0
12214,0x55555556750e,0x6c8df23,0
12215,0x555555567525,0x6c8df24,0
12216,0x555555567525,0x6c8df25,0
12217,0x555555567525,0x6c8df26,0
12218,0x555555567525,0x6c8df27,0
12219,0x555555567525,0x6c8df28,0
12220,0x55555556750e,0x6c8df29,0
12221,0x55555556750e,0x6c8df2a,0
12222,0x55555556750e,0x6c8df2b,0
12223,0x555555567525,0x6c8df2c,0
12224,0x555555567525,0x6c8df2d,0
12225,0x55555556750e,0x6c8df2e,0
12226,0x555555567525,0x6c8df2f,0
12227,0x55555556750e,0x6c8df30,0
12228,0x55555556750e,0x6c8df31,0
12229,0x55555556750e,0x6c8df32,0
12230,0x55555556750e,0x6c8df33,0
12231,0x555555567525,0x6c8df34,0
12232,0x55555556750e,0x6c8df35,0
12233,0x55555556750e,0x6c8df36,0
12234,0x555555567525,0x6c8df37,0
12235,0x55555556750e,0x6c8df38,0
12236,0x555555567525,0x6c8df39,0
12237,0x55555556750e,0x6c8df3a,0
12238,0x55555556750e,0x6c8df3b,0
12239,0x555555567525,0x6c8df3c,0
12240,0x555555567525,0x6c8df3d,0
12241,0x55555556750e,0x6c8df3e,0
12242,0x55555556750e,0x6c8df3f,0
12243,0x555555567525,0x6e7a2c0,0
12244,0x55555556750e,0x6e7a2c1,0
12245,0x55555556750e,0x6e7a2c2,0
12246,0x55555556750e,0x6e7a2c3,0
12247,0x555555567525,0x6e7a2c4,0
12248,0x55555556750e,0x6e7a2c5,0
12249,0x555555567525,0x6e7a2c6,0
12250,0x55555556750e,0x6e7a2c7,0
12251,0x55555556750e,0x6e7a2c8,0
12252,0x55555556750e,0x6e7a2c9,0
12253,0x555555567525,0x6e7a2ca,0
12254,0x555555567525,0x6e7a2cb,0
12255,0x55555556750e,0x6e7a2cc,0
12256,0x55555556750e,0x6e7a2cd,0
12257,0x55555556750e,0x6e7a2ce,0
12258,0x55555556750e,0x6e7a2cf,0
12259,0x555555567525,0x6e7a2d0,0
12260,0x555555567525,0x6e7a2d1,0
12261,0x555555567525,0x6e7a2d2,0
12262,0x55555556750e,0x6e7a2d3,0
12263,0x555555567525,0x6e7a2d4,0
12264,0x55555556750e,0x6e7a2d5,0
12265,0x55555556750e,0x6e7a2d6,0
12266,0x55555556750e,0x6e7a2d7,0
12267,0x55555556750e,0x6e7a2d8,0
12268,0x55555556750e,0x6e7a2d9,0
12269,0x55555556750e,0x6e7a2da,0
12270,0x55555556750e,0x6e7a2db,0
12271,0x555555567525,0x6e7a2dc,0
12272,0x55555556750e,0x6e7a2dd,0
12273,0x555555567525,0x6e7a2de,0
12274,0x55555556750e,0x6e7a2df,0
12275,0x555555567525,0x6e7a2e0,0
12276,0x55555556750e,0x6e7a2e1,0
12277,0x555555567525,0x6e7a2e2,0
12278,0x55555556750e,0x6e7a2e3,0
12279,0x55555556750e,0x6e7a2e4,0
12280,0x555555567525,0x6e7a2e5,0
12281,0x555555567525,0x6e7a2e6,0
12282,0x55555556750e,0x6e7a2e7,0
12283,0x555555567525,0x6e7a2e8,0
12284,0x55555556750e,0x6e7a2e9,0
12285,0x55555556750e,0x6e7a2ea,0
12286,0x555555567525,0x6e7a2eb,0
12287,0x555555567525,0x6e7a2ec,0
12288,0x55555556750e,0x6e7a2ed,0
12289,0x555555567525,0x6e7a2ee,0
12290,0x55555556750e,0x6e7a2ef,0
12291,0x55555556750e,0x6e7a2f0,0
12292,0x55555556750e,0x6e7a2f1,0
12293,0x55555556750e,0x6e7a2f2,0
12294,0x55555556750e,0x6e7a2f3,0
12295,0x555555567525,0x6e7a2f4,0
12296,0x55555556750e,0x6e7a2f5,0
12297,0x555555567525,0x6e7a2f6,0
12298,0x55555556750e,0x6e7a2f7,0
12299,0x55555556750e,0x6e7a2f8,0
12300,0x55555556750e,0x6e7a2f9,0
12301,0x55555556750e,0x6e7a2fa,0
12302,0x55555556750e,0x6e7a2fb,0
12303,0x555555567525,0x6e7a2fc,0
12304,0x555555567525,0x6e7a2fd,0
12305,0x555555567525,0x6e7a2fe,0
12306,0x55555556750e,0x6e7a2ff,0
12307,0x555555567525,0x243dd140,0
12308,0x55555556750e,0x243dd141,0
12309,0x555555567525,0x243dd142,0
12310,0x55555556750e,0x243dd143,0
12311,0x555555567525,0x243dd144,0
12312,0x55555556750e,0x243dd145,0
12313,0x555555567525,0x243dd146,0
12314,0x555555567525,0x243dd147,0
12315,0x55555556750e,0x243dd148,0
12316,0x55555556750e,0x243dd149,0
12317,0x55555556750e,0x243dd14a,0
12318,0x55555556750e,0x243dd14b,0
12319,0x555555567525,0x243dd14c,0
12320,0x55555556750e,0x243dd14d,0
12321,0x555555567525,0x243dd14e,0
12322,0x55555556750e,0x243dd14f,0
12323,0x55555556750e,0x243dd150,0
12324,0x55555556750e,0x243dd151,0
12325,0x55555556750e,0x243dd152,0
12326,0x55555556750e,0x243dd153,0
12327,0x55555556750e,0x243dd154,0
12328,0x55555556750e,0x243dd155,0
12329,0x55555556750e,0x243dd156,0
12330,0x555555567525,0x243dd157,0
12331,0x555555567525,0x243dd158,0
12332,0x555555567525,0x243dd159,0
12333,0x55555556750e,0x243dd15a,0
12334,0x555555567525,0x243dd15b,0
12335,0x555555567525,0x243dd15c,0
12336,0x555555567525,0x243dd15d,0
12337,0x55555556750e,0x243dd15e,0
12338,0x555555567525,0x243dd15f,0
12339,0x55555556750e,0x243dd160,0
12340,0x55555556750e,0x243dd161,0
12341,0x55555556750e,0x243dd162,0
12342,0x55555556750e,0x243dd163,0
12343,0x555555567525,0x243dd164,0
12344,0x55555556750e,0x243dd165,0
12345,0x555555567525,0x243dd166,0
12346,0x55555556750e,0x243dd167,0
12347,0x555555567525,0x243dd168,0
12348,0x555555567525,0x243dd169,0
12349,0x555555567525,0x243dd16a,0
12350,0x55555556750e,0x243dd16b,0
12351,0x555555567525,0x243dd16c,0
12352,0x55555556750e,0x243dd16d,0
12353,0x555555567525,0x243dd16e,0
12354,0x55555556750e,0x243dd16f,0
12355,0x55555556750e,0x243dd170,0
12356,0x55555556750e,0x243dd171,0
12357,0x555555567525,0x243dd172,0
12358,0x555555567525,0x243dd173,0
12359,0x555555567525,0x243dd174,0
12360,0x55555556750e,0x243dd175,0
12361,0x555555567525,0x243dd176,0
12362,0x55555556750e,0x243dd177,0
12363,0x555555567525,0x243dd178,0
12364,0x55555556750e,0x243dd179,0
12365,0x555555567525,0x243dd17a,0
12366,0x55555556750e,0x243dd17b,0
12367,0x555555567525,0x243dd17c,0
12368,0x555555567525,0x243dd17d,0
12369,0x555555567525,0x243dd17e,0
12370,0x555555567525,0x243dd17f,0
12371,0x555555567525,0x3b026d40,0
12372,0x555555567525,0x3b026d41,0
12373,0x55555556750e,0x3b026d42,0
12374,0x55555556750e,0x3b026d43,0
12375,0x55555556750e,0x3b026d44,0
12376,0x555555567525,0x3b026d45,0
12377,0x55555556750e,0x3b026d46,0
12378,0x55555556750e,0x3b026d47,0
12379,0x55555556750e,0x3b026d48,0
12380,0x55555556750e,0x3b026d49,0
12381,0x55555556750e,0x3b026d4a,0
12382,0x555555567525,0x3b026d4b,0
12383,0x555555567525,0x3b026d4c,0
12384,0x55555556750e,0x3b026d4d,0
12385,0x555555567525,0x3b026d4e,0
12386,0x55555556750e,0x3b026d4f,0
12387,0x555555567525,0x3b026d50,0
12388,0x555555567525,0x3b026d51,0
12389,0x555555567525,0x3b026d52,0
12390,0x55555556750e,0x3b026d53,0
12391,0x555555567525,0x3b026d54,0
12392,0x555555567525,0x3b026d55,0
12393,0x55555556750e,0x3b026d56,0
12394,0x555555567525,0x3b026d57,0
12395,0x55555556750e,0x3b026d58,0
12396,0x555555567525,0x3b026d59,0
12397,0x555555567525,0x3b026d5a,0
12398,0x55555556750e,0x3b026d5b,0
12399,0x555555567525,0x3b026d5c,0
12400,0x55555556750e,0x3b026d5d,0
12401,0x55555556750e,0x3b026d5e,0
12402,0x55555556750e,0x3b026d5f,0
12403,0x555555567525,0x3b026d60,0
12404,0x55555556750e,0x3b026d61,0
12405,0x555555567525,0x3b026d62,0
12406,0x55555556750e,0x3b026d63,0
12407,0x555555567525,0x3b026d64,0
12408,0x55555556750e,0x3b026d65,0
12409,0x555555567525,0x3b026d66,0
12410,0x555555567525,0x3b026d67,0
12411,0x55555556750e,0x3b026d68,0
12412,0x555555567525,0x3b026d69,0
12413,0x555555567525,0x3b026d6a,0
12414,0x555555567525,0x3b026d6b,0
12415,0x55555556750e,0x3b026d6c,0
12416,0x55555556750e,0x3b026d6d,0
12417,0x55555556750e,0x3b026d6e,0
12418,0x55555556750e,0x3b026d6f,0
12419,0x55555556750e,0x3b026d70,0
12420,0x555555567525,0x3b026d71,0
12421,0x55555556750e,0x3b026d72,0
12422,0x555555567525,0x3b026d73,0
12423,0x55555556750e,0x3b026d74,0
12424,0x55555556750e,0x3b026d75,0
12425,0x55555556750e,0x3b026d76,0
12426,0x555555567525,0x3b026d77,0
12427,0x555555567525,0x3b026d78,0
12428,0x555555567525,0x3b026d79,0
12429,0x55555556750e,0x3b026d7a,0
12430,0x555555567525,0x3b026d7b,0
12431,0x555555567525,0x3b026d7c,0
12432,0x555555567525,0x3b026d7d,0
12433,0x55555556750e,0x3b026d7e,0
12434,0x55555556750e,0x3b026d7f,0
12435,0x555555567525,0x10e5ee00,0
12436,0x55555556750e,0x10e5ee01,0
12437,0x55555556750e,0x10e5ee02,0
12438,0x555555567525,0x10e5ee03,0
12439,0x55555556750e,0x10e5ee04,0
12440,0x55555556750e,0x10e5ee05,0
12441,0x555555567525,0x10e5ee06,0
12442,0x555555567525,0x10e5ee07,0
12443,0x555555567525,0x10e5ee08,0
12444,0x55555556750e,0x10e5ee09,0
12445,0x555555567525,0x10e5ee0a,0
12446,0x55555556750e,0x10e5ee0b,0
12447,0x55555556750e,0x10e5ee0c,0
12448,0x55555556750e,0x10e5ee0d,0
12449,0x55555556750e,0x10e5ee0e,0
12450,0x55555556750e,0x10e5ee0f,0
12451,0x55555556750e,0x10e5ee10,0
12452,0x555555567525,0x10e5ee11,0
12453,0x555555567525,0x10e5ee12,0
12454,0x55555556750e,0x10e5ee13,0
12455,0x555555567525,0x10e5ee14,0
12456,0x55555556750e,0x10e5ee15,0
12457,0x55555556750e,0x10e5ee16,0
12458,0x555555567525,0x10e5ee17,0
12459,0x555555567525,0x10e5ee18,0
12460,0x55555556750e,0x10e5ee19,0
12461,0x555555567525,0x10e5ee1a,0
12462,0x55555556750e,0x10e5ee1b,0
12463,0x555555567525,0x10e5ee1c,0
12464,0x555555567525,0x10e5ee1d,0
12465,0x55555556750e,0x10e5ee1e,0
12466,0x555555567525,0x10e5ee1f,0
12467,0x55555556750e,0x10e5ee20,0
12468,0x55555556750e,0x10e5ee21,0
12469,0x55555556750e,0x10e5ee22,0
12470,0x55555556750e,0x10e5ee23,0
12471,0x555555567525,0x10e5ee24,0
12472,0x555555567525,0x10e5ee25,0
12473,0x555555567525,0x10e5ee26,0
12474,0x55555556750e,0x10e5ee27,0
12475,0x555555567525,0x10e5ee28,0
12476,0x55555556750e,0x10e5ee29,0
12477,0x55555556750e,0x10e5ee2a,0
12478,0x55555556750e,0x10e5ee2b,0
12479,0x55555556750e,0x10e5ee2c,0
12480,0x555555567525,0x10e5ee2d,0
12481,0x55555556750e,0x10e5ee2e,0
12482,0x55555556750e,0x10e5ee2f,0
12483,0x55555556750e,0x10e5ee30,0
12484,0x555555567525,0x10e5ee31,0
12485,0x555555567525,0x10e5ee32,0
12486,0x55555556750e,0x10e5ee33,0
12487,0x55555556750e,0x10e5ee34,0
12488,0x555555567525,0x10e5ee35,0
12489,0x555555567525,0x10e5ee36,0
12490,0x555555567525,0x10e5ee37,0
12491,0x555555567525,0x10e5ee38,0
12492,0x55555556750e,0x10e5ee39,0
12493,0x555555567525,0x10e5ee3a,0
12494,0x55555556750e,0x10e5ee3b,0
12495,0x55555556750e,0x10e5ee3c,0
12496,0x55555556750e,0x10e5ee3d,0
12497,0x55555556750e,0x10e5ee3e,0
12498,0x55555556750e,0x10e5ee3f,0
12499,0x555555567525,0x32d85240,0
12500,0x555555567525,0x32d85241,0
12501,0x55555556750e,0x32d85242,0
12502,0x555555567525,0x32d85243,0
12503,0x55555556750e,0x32d85244,0
12504,0x555555567525,0x32d85245,0
12505,0x555555567525,0x32d85246,0
12506,0x555555567525,0x32d85247,0
12507,0x55555556750e,0x32d85248,0
12508,0x55555556750e,0x32d85249,0
12509,0x55555556750e,0x32d8524a,0
12510,0x55555556750e,0x32d8524b,0
12511,0x555555567525,0x32d8524c,0
12512,0x555555567525,0x32d8524d,0
12513,0x55555556750e,0x32d8524e,0
12514,0x555555567525,0x32d8524f,0
12515,0x555555567525,0x32d85250,0
12516,0x555555567525,0x32d85251,0
12517,0x555555567525,0x32d85252,0
12518,0x55555556750e,0x32d85253,0
12519,0x555555567525,0x32d85254,0
12520,0x55555556750e,0x32d85255,0
12521,0x55555556750e,0x32d85256,0
12522,0x55555556750e,0x32d85257,0
12523,0x55555556750e,0x32d85258,0
12524,0x555555567525,0x32d85259,0
12525,0x55555556750e,0x32d8525a,0
12526,0x555555567525,0x32d8525b,0
12527,0x555555567525,0x32d8525c,0
12528,0x555555567525,0x32d8525d,0
12529,0x55555556750e,0x32d8525e,0
12530,0x55555556750e,0x32d8525f,0
12531,0x55555556750e,0x32d85260,0
12532,0x55555556750e,0x32d85261,0
12533,0x55555556750e,0x32d85262,0
12534,0x55555556750e,0x32d85263,0
12535,0x55555556750e,0x32d85264,0
12536,0x555555567525,0x32d85265,0
12537,0x555555567525,0x32d85266,0
12538,0x555555567525,0x32d85267,0
12539,0x55555556750e,0x32d85268,0
12540,0x55555556750e,0x32d85269,0
12541,0x555555567525,0x32d8526a,0
12542,0x55555556750e,0x32d8526b,0
12543,0x555555567525,0x32d8526c,0
12544,0x55555556750e,0x32d8526d,0
12545,0x555555567525,0x32d8526e,0
12546,0x555555567525,0x32d8526f,0
12547,0x555555567525,0x32d85270,0
12548,0x555555567525,0x32d85271,0
12549,0x55555556750e,0x32d85272,0
12550,0x55555556750e,0x32d85273,0
12551,0x55555556750e,0x32d85274,0
12552,0x55555556750e,0x32d85275,0
12553,0x55555556750e,0x32d85276,0
12554,0x55555556750e,0x32d85277,0
12555,0x55555556750e,0x32d85278,0
12556,0x55555556750e,0x32d85279,0
12557,0x555555567525,0x32d8527a,0
12558,0x55555556750e,0x32d8527b,0
12559,0x555555567525,0x32d8527c,0
12560,0x55555556750e,0x32d8527d,0
12561,0x55555556750e,0x32d8527e,0
12562,0x55555556750e,0x32d8527f,0
12563,0x555555567525,0x38680340,0
12564,0x555555567525,0x38680341,0
12565,0x55555556750e,0x38680342,0
12566,0x55555556750e,0x38680343,0
12567,0x555555567525,0x38680344,0
12568,0x55555556750e,0x38680345,0
12569,0x55555556750e,0x38680346,0
12570,0x555555567525,0x38680347,0
12571,0x55555556750e,0x38680348,0
12572,0x55555556750e,0x38680349,0
12573,0x555555567525,0x3868034a,0
12574,0x555555567525,0x3868034b,0
12575,0x55555556750e,0x3868034c,0
12576,0x555555567525,0x3868034d,0
12577,0x55555556750e,0x3868034e,0
12578,0x555555567525,0x3868034f,0
12579,0x55555556750e,0x38680350,0
12580,0x555555567525,0x38680351,0
12581,0x55555556750e,0x38680352,0
12582,0x55555556750e,0x38680353,0
12583,0x55555556750e,0x38680354,0
12584,0x55555556750e,0x38680355,0
12585,0x55555556750e,0x38680356,0
12586,0x555555567525,0x38680357,0
12587,0x55555556750e,0x38680358,0
12588,0x55555556750e,0x38680359,0
12589,0x555555567525,0x3868035a,0
12590,0x55555556750e,0x3868035b,0
12591,0x555555567525,0x3868035c,0
12592,0x555555567525,0x3868035d,0
12593,0x55555556750e,0x3868035e,0
12594,0x555555567525,0x3868035f,0
12595,0x55555556750e,0x38680360,0
12596,0x555555567525,0x38680361,0
12597,0x55555556750e,0x38680362,0
12598,0x55555556750e,0x38680363,0
12599,0x55555556750e,0x38680364,0
12600,0x555555567525,0x38680365,0
12601,0x55555556750e,0x38680366,0
12602,0x55555556750e,0x38680367,0
12603,0x555555567525,0x38680368,0
12604,0x55555556750e,0x38680369,0
12605,0x555555567525,0x3868036a,0
12606,0x55555556750e,0x3868036b,0
12607,0x55555556750e,0x3868036c,0
12608,0x55555556750e,0x3868036d,0
12609,0x55555556750e,0x3868036e,0
12610,0x555555567525,0x3868036f,0
12611,0x55555556750e,0x38680370,0
12612,0x555555567525,0x38680371,0
12613,0x55555556750e,0x38680372,0
12614,0x55555556750e,0x38680373,0
12615,0x55555556750e,0x38680374,0
12616,0x55555556750e,0x38680375,0
12617,0x555555567525,0x38680376,0
12618,0x55555556750e,0x38680377,0
12619,0x55555556750e,0x38680378,0
12620,0x555555567525,0x38680379,0
12621,0x555555567525,0x3868037a,0
12622,0x555555567525,0x3868037b,0
12623,0x555555567525,0x3868037c,0
12624,0x555555567525,0x3868037d,0
12625,0x55555556750e,0x3868037e,0
12626,0x55555556750e,0x3868037f,0
12627,0x55555556750e,0xefcb200,0
12628,0x555555567525,0xefcb201,0
12629,0x55555556750e,0xefcb202,0
12630,0x555555567525,0xefcb203,0
12631,0x55555556750e,0xefcb204,0
12632,0x55555556750e,0xefcb205,0
12633,0x555555567525,0xefcb206,0
12634,0x555555567525,0xefcb207,0
12635,0x55555556750e,0xefcb208,0
12636,0x55555556750e,0xefcb209,0
12637,0x555555567525,0xefcb20a,0
12638,0x555555567525,0xefcb20b,0
12639,0x555555567525,0xefcb20c,0
12640,0x55555556750e,0xefcb20d,0
12641,0x555555567525,0xefcb20e,0
12642,0x55555556750e,0xefcb20f,0
12643,0x55555556750e,0xefcb210,0
12644,0x555555567525,0xefcb211,0
12645,0x555555567525,0xefcb212,0
12646,0x55555556750e,0xefcb213,0
12647,0x555555567525,0xefcb214,0
12648,0x55555556750e,0xefcb215,0
12649,0x55555556750e,0xefcb216,0
12650,0x55555556750e,0xefcb217,0
12651,0x55555556750e,0xefcb218,0
12652,0x55555556750e,0xefcb219,0
12653,0x55555556750e,0xefcb21a,0
12654,0x55555556750e,0xefcb21b,0
12655,0x555555567525,0xefcb21c,0
12656,0x555555567525,0xefcb21d,0
12657,0x55555556750e,0xefcb21e,0
12658,0x555555567525,0xefcb21f,0
12659,0x55555556750e,0xefcb220,0
12660,0x555555567525,0xefcb221,0
12661,0x55555556750e,0xefcb222,0
12662,0x55555556750e,0xefcb223,0
12663,0x55555556750e,0xefcb224,0
12664,0x55555556750e,0xefcb225,0
12665,0x55555556750e,0xefcb226,0
12666,0x555555567525,0xefcb227,0
12667,0x555555567525,0xefcb228,0
12668,0x55555556750e,0xefcb229,0
12669,0x55555556750e,0xefcb22a,0
12670,0x55555556750e,0xefcb22b,0
12671,0x555555567525,0xefcb22c,0
12672,0x55555556750e,0xefcb22d,0
12673,0x555555567525,0xefcb22e,0
12674,0x555555567525,0xefcb22f,0
12675,0x555555567525,0xefcb230,0
12676,0x55555556750e,0xefcb231,0
12677,0x555555567525,0xefcb232,0
12678,0x555555567525,0xefcb233,0
12679,0x55555556750e,0xefcb234,0
12680,0x55555556750e,0xefcb235,0
12681,0x555555567525,0xefcb236,0
12682,0x55555556750e,0xefcb237,0
12683,0x55555556750e,0xefcb238,0
12684,0x55555556750e,0xefcb239,0
12685,0x55555556750e,0xefcb23a,0
12686,0x55555556750e,0xefcb23b,0
12687,0x555555567525,0xefcb23c,0
12688,0x555555567525,0xefcb23d,0
12689,0x55555556750e,0xefcb23e,0
12690,0x55555556750e,0xefcb23f,0
12691,0x555555567525,0x33e27cc0,0
12692,0x555555567525,0x33e27cc1,0
12693,0x55555556750e,0x33e27cc2,0
12694,0x55555556750e,0x33e27cc3,0
12695,0x55555556750e,0x33e27cc4,0
12696,0x555555567525,0x33e27cc5,0
12697,0x555555567525,0x33e27cc6,0
12698,0x55555556750e,0x33e27cc7,0
12699,0x55555556750e,0x33e27cc8,0
12700,0x55555556750e,0x33e27cc9,0
12701,0x555555567525,0x33e27cca,0
12702,0x55555556750e,0x33e27ccb,0
12703,0x55555556750e,0x33e27ccc,0
12704,0x55555556750e,0x33e27ccd,0
12705,0x55555556750e,0x33e27cce,0
12706,0x55555556750e,0x33e27ccf,0
12707,0x55555556750e,0x33e27cd0,0
12708,0x55555556750e,0x33e27cd1,0
12709,0x55555556750e,0x33e27cd2,0
12710,0x55555556750e,0x33e27cd3,0
12711,0x555555567525,0x33e27cd4,0
12712,0x55555556750e,0x33e27cd5,0
12713,0x55555556750e,0x33e27cd6,0
12714,0x555555567525,0x33e27cd7,0
12715,0x555555567525,0x33e27cd8,0
12716,0x55555556750e,0x33e27cd9,0
12717,0x555555567525,0x33e27cda,0
12718,0x55555556750e,0x33e27cdb,0
12719,0x555555567525,0x33e27cdc,0
12720,0x55555556750e,0x33e27cdd,0
12721,0x55555556750e,0x33e27cde,0
12722,0x555555567525,0x33e27cdf,0
12723,0x55555556750e,0x33e27ce0,0
12724,0x55555556750e,0x33e27ce1,0
12725,0x555555567525,0x33e27ce2,0
12726,0x555555567525,0x33e27ce3,0
12727,0x55555556750e,0x33e27ce4,0
12728,0x55555556750e,0x33e27ce5,0
12729,0x555555567525,0x33e27ce6,0
12730,0x55555556750e,0x33e27ce7,0
12731,0x555555567525,0x33e27ce8,0
12732,0x555555567525,0x33e27ce9,0
12733,0x55555556750e,0x33e27cea,0
12734,0x555555567525,0x33e27ceb,0
12735,0x55555556750e,0x33e27cec,0
12736,0x55555556750e,0x33e27ced,0
12737,0x555555567525,0x33e27cee,0
12738,0x55555556750e,0x33e27cef,0
12739,0x55555556750e,0x33e27cf0,0
12740,0x555555567525,0x33e27cf1,0
12741,0x55555556750e,0x33e27cf2,0
12742,0x55555556750e,0x33e27cf3,0
12743,0x55555556750e,0x33e27cf4,0
12744,0x55555556750e,0x33e27cf5,0
12745,0x55555556750e,0x33e27cf6,0
12746,0x55555556750e,0x33e27cf7,0
12747,0x55555556750e,0x33e27cf8,0
12748,0x55555556750e,0x33e27cf9,0
12749,0x55555556750e,0x33e27cfa,0
12750,0x55555556750e,0x33e27cfb,0
12751,0x555555567525,0x33e27cfc,0
12752,0x55555556750e,0x33e27cfd,0
12753,0x55555556750e,0x33e27cfe,0
12754,0x55555556750e,0x33e27cff,0
12755,0x555555567525,0x32c77f40,0
12756,0x555555567525,0x32c77f41,0
12757,0x55555556750e,0x32c77f42,0
12758,0x55555556750e,0x32c77f43,0
12759,0x55555556750e,0x32c77f44,0
12760,0x55555556750e,0x32c77f45,0
12761,0x555555567525,0x32c77f46,0
12762,0x555555567525,0x32c77f47,0
12763,0x55555556750e,0x32c77f48,0
12764,0x555555567525,0x32c77f49,0
12765,0x55555556750e,0x32c77f4a,0
12766,0x55555556750e,0x32c77f4b,0
12767,0x55555556750e,0x32c77f4c,0
12768,0x55555556750e,0x32c77f4d,0
12769,0x55555556750e,0x32c77f4e,0
12770,0x55555556750e,0x32c77f4f,0
12771,0x55555556750e,0x32c77f50,0
12772,0x555555567525,0x32c77f51,0
12773,0x555555567525,0x32c77f52,0
12774,0x55555556750e,0x32c77f53,0
12775,0x55555556750e,0x32c77f54,0
12776,0x555555567525,0x32c77f55,0
12777,0x555555567525,0x32c77f56,0
12778,0x55555556750e,0x32c77f57,0
12779,0x55555556750e,0x32c77f58,0
12780,0x55555556750e,0x32c77f59,0
12781,0x555555567525,0x32c77f5a,0
12782,0x55555556750e,0x32c77f5b,0
12783,0x55555556750e,0x32c77f5c,0
12784,0x55555556750e,0x32c77f5d,0
12785,0x55555556750e,0x32c77f5e,0
12786,0x55555556750e,0x32c77f5f,0
12787,0x555555567525,0x32c77f60,0
12788,0x55555556750e,0x32c77f61,0
12789,0x555555567525,0x32c77f62,0
12790,0x55555556750e,0x32c77f63,0
12791,0x555555567525,0x32c77f64,0
12792,0x55555556750e,0x32c77f65,0
12793,0x555555567525,0x32c77f66,0
12794,0x55555556750e,0x32c77f67,0
12795,0x555555567525,0x32c77f68,0
12796,0x55555556750e,0x32c77f69,0
12797,0x55555556750e,0x32c77f6a,0
12798,0x55555556750e,0x32c77f6b,0
12799,0x55555556750e,0x32c77f6c,0
12800,0x555555567525,0x32c77f6d,0
12801,0x55555556750e,0x32c77f6e,0
12802,0x555555567525,0x32c77f6f,0
12803,0x55555556750e,0x32c77f70,0
12804,0x555555567525,0x32c77f71,0
12805,0x55555556750e,0x32c77f72,0
12806,0x555555567525,0x32c77f73,0
12807,0x55555556750e,0x32c77f74,0
12808,0x555555567525,0x32c77f75,0
12809,0x55555556750e,0x32c77f76,0
12810,0x55555556750e,0x32c77f77,0
12811,0x555555567525,0x32c77f78,0
12812,0x55555556750e,0x32c77f79,0
12813,0x555555567525,0x32c77f7a,0
12814,0x55555556750e,0x32c77f7b,0
12815,0x555555567525,0x32c77f7c,0
12816,0x555555567525,0x32c77f7d,0
12817,0x55555556750e,0x32c77f7e,0
12818,0x55555556750e,0x32c77f7f,0
12819,0x555555567525,0x19da6d00,0
12820,0x555555567525,0x19da6d01,0
12821,0x555555567525,0x19da6d02,0
12822,0x555555567525,0x19da6d03,0
12823,0x55555556750e,0x19da6d04,0
12824,0x555555567525,0x19da6d05,0
12825,0x55555556750e,0x19da6d06,0
12826,0x55555556750e,0x19da6d07,0
12827,0x55555556750e,0x19da6d08,0
12828,0x55555556750e,0x19da6d09,0
12829,0x555555567525,0x19da6d0a,0
12830,0x55555556750e,0x19da6d0b,0
12831,0x55555556750e,0x19da6d0c,0
12832,0x555555567525,0x19da6d0d,0
12833,0x55555556750e,0x19da6d0e,0
12834,0x55555556750e,0x19da6d0f,0
12835,0x55555556750e,0x19da6d10,0
12836,0x555555567525,0x19da6d11,0
12837,0x55555556750e,0x19da6d12,0
12838,0x55555556750e,0x19da6d13,0
12839,0x55555556750e,0x19da6d14,0
12840,0x555555567525,0x19da6d15,0
12841,0x555555567525,0x19da6d16,0
12842,0x55555556750e,0x19da6d17,0
12843,0x555555567525,0x19da6d18,0
12844,0x555555567525,0x19da6d19,0
12845,0x555555567525,0x19da6d1a,0
12846,0x55555556750e,0x19da6d1b,0
12847,0x555555567525,0x19da6d1c,0
12848,0x555555567525,0x19da6d1d,0
12849,0x55555556750e,0x19da6d1e,0
12850,0x555555567525,0x19da6d1f,0
12851,0x55555556750e,0x19da6d20,0
12852,0x555555567525,0x19da6d21,0
12853,0x55555556750e,0x19da6d22,0
12854,0x555555567525,0x19da6d23,0
12855,0x555555567525,0x19da6d24,0
12856,0x55555556750e,0x19da6d25,0
12857,0x555555567525,0x19da6d26,0
12858,0x555555567525,0x19da6d27,0
12859,0x555555567525,0x19da6d28,0
12860,0x555555567525,0x19da6d29,0
12861,0x55555556750e,0x19da6d2a,0
12862,0x55555556750e,0x19da6d2b,0
12863,0x55555556750e,0x19da6d2c,0
12864,0x555555567525,0x19da6d2d,0
12865,0x555555567525,0x19da6d2e,0
12866,0x55555556750e,0x19da6d2f,0
12867,0x555555567525,0x19da6d30,0
12868,0x55555556750e,0x19da6d31,0
12869,0x555555567525,0x19da6d32,0
12870,0x555555567525,0x19da6d33,0
12871,0x55555556750e,0x19da6d34,0
12872,0x55555556750e,0x19da6d35,0
12873,0x555555567525,0x19da6d36,0
12874,0x555555567525,0x19da6d37,0
12875,0x55555556750e,0x19da6d38,0
12876,0x55555556750e,0x19da6d39,0
12877,0x55555556750e,0x19da6d3a,0
12878,0x55555556750e,0x19da6d3b,0
12879,0x555555567525,0x19da6d3c,0
12880,0x555555567525,0x19da6d3d,0
12881,0x555555567525,0x19da6d3e,0
12882,0x555555567525,0x19da6d3f,0
12883,0x55555556750e,0x9800700,0
12884,0x555555567525,0x9800701,0
12885,0x55555556750e,0x9800702,0
12886,0x555555567525,0x9800703,0
12887,0x55555556750e,0x9800704,0
12888,0x555555567525,0x9800705,0
12889,0x55555556750e,0x9800706,0
12890,0x55555556750e,0x9800707,0
12891,0x555555567525,0x9800708,0
12892,0x55555556750e,0x9800709,0
12893,0x55555556750e,0x980070a,0
12894,0x55555556750e,0x980070b,0
12895,0x55555556750e,0x980070c,0
12896,0x55555556750e,0x980070d,0
12897,0x55555556750e,0x980070e,0
12898,0x555555567525,0x980070f,0
12899,0x55555556750e,0x9800710,0
12900,0x555555567525,0x9800711,0
12901,0x55555556750e,0x9800712,0
12902,0x55555556750e,0x9800713,0
12903,0x55555556750e,0x9800714,0
12904,0x55555556750e,0x9800715,0
12905,0x55555556750e,0x9800716,0
12906,0x55555556750e,0x9800717,0
12907,0x55555556750e,0x9800718,0
12908,0x555555567525,0x9800719,0
12909,0x555555567525,0x980071a,0
12910,0x555555567525,0x980071b,0
12911,0x55555556750e,0x980071c,0
12912,0x555555567525,0x980071d,0
12913,0x555555567525,0x980071e,0
12914,0x55555556750e,0x980071f,0
12915,0x555555567525,0x9800720,0
12916,0x55555556750e,0x9800721,0
12917,0x55555556750e,0x9800722,0
12918,0x55555556750e,0x9800723,0
12919,0x55555556750e,0x9800724,0
12920,0x555555567525,0x9800725,0
12921,0x555555567525,0x9800726,0
12922,0x55555556750e,0x9800727,0
12923,0x55555556750e,0x9800728,0
12924,0x55555556750e,0x9800729,0
12925,0x555555567525,0x980072a,0
12926,0x55555556750e,0x980072b,0
12927,0x55555556750e,0x980072c,0
12928,0x55555556750e,0x980072d,0
12929,0x555555567525,0x980072e,0
12930,0x55555556750e,0x980072f,0
12931,0x55555556750e,0x9800730,0
12932,0x555555567525,0x9800731,0
12933,0x55555556750e,0x9800732,0
12934,0x55555556750e,0x9800733,0
12935,0x555555567525,0x9800734,0
12936,0x55555556750e,0x9800735,0
12937,0x555555567525,0x9800736,0
12938,0x55555556750e,0x9800737,0
12939,0x555555567525,0x9800738,0
12940,0x55555556750e,0x9800739,0
12941,0x55555556750e,0x980073a,0
12942,0x55555556750e,0x980073b,0
12943,0x55555556750e,0x980073c,0
12944,0x55555556750e,0x980073d,0
12945,0x55555556750e,0x980073e,0
12946,0x555555567525,0x980073f,0
12947,0x555555567525,0x17dc1740,0
12948,0x555555567525,0x17dc1741,0
12949,0x55555556750e,0x17dc1742,0
12950,0x555555567525,0x17dc1743,0
12951,0x55555556750e,0x17dc1744,0
12952,0x555555567525,0x17dc1745,0
12953,0x55555556750e,0x17dc1746,0
12954,0x55555556750e,0x17dc1747,0
12955,0x55555556750e,0x17dc1748,0
12956,0x55555556750e,0x17dc1749,0
12957,0x55555556750e,0x17dc174a,0
12958,0x555555567525,0x17dc174b,0
12959,0x55555556750e,0x17dc174c,0
12960,0x55555556750e,0x17dc174d,0
12961,0x555555567525,0x17dc174e,0
12962,0x55555556750e,0x17dc174f,0
12963,0x55555556750e,0x17dc1750,0
12964,0x555555567525,0x17dc1751,0
12965,0x555555567525,0x17dc1752,0
12966,0x55555556750e,0x17dc1753,0
12967,0x55555556750e,0x17dc1754,0
12968,0x55555556750e,0x17dc1755,0
12969,0x555555567525,0x17dc1756,0
12970,0x55555556750e,0x17dc1757,0
12971,0x55555556750e,0x17dc1758,0
12972,0x555555567525,0x17dc1759,0
12973,0x55555556750e,0x17dc175a,0
12974,0x55555556750e,0x17dc175b,0
12975,0x555555567525,0x17dc175c,0
12976,0x55555556750e,0x17dc175d,0
12977,0x55555556750e,0x17dc175e,0
12978,0x55555556750e,0x17dc175f,0
12979,0x55555556750e,0x17dc1760,0
12980,0x555555567525,0x17dc1761,0
12981,0x555555567525,0x17dc1762,0
12982,0x555555567525,0x17dc1763,0
12983,0x555555567525,0x17dc1764,0
12984,0x55555556750e,0x17dc1765,0
12985,0x555555567525,0x17dc1766,0
12986,0x55555556750e,0x17dc1767,0
12987,0x555555567525,0x17dc1768,0
12988,0x55555556750e,0x17dc1769,0
12989,0x55555556750e,0x17dc176a,0
12990,0x55555556750e,0x17dc176b,0
12991,0x55555556750e,0x17dc176c,0
12992,0x55555556750e,0x17dc176d,0
12993,0x55555556750e,0x17dc176e,0
12994,0x555555567525,0x17dc176f,0
12995,0x55555556750e,0x17dc1770,0
12996,0x555555567525,0x17dc1771,0
12997,0x555555567525,0x17dc1772,0
12998,0x55555556750e,0x17dc1773,0
12999,0x555555567525,0x17dc1774,0
13000,0x55555556750e,0x17dc1775,0
13001,0x555555567525,0x17dc1776,0
13002,0x55555556750e,0x17dc1777,0
13003,0x555555567525,0x17dc1778,0
13004,0x55555556750e,0x17dc1779,0
13005,0x55555556750e,0x17dc177a,0
13006,0x55555556750e,0x17dc177b,0
13007,0x555555567525,0x17dc177c,0
13008,0x555555567525,0x17dc177d,0
13009,0x55555556750e,0x17dc177e,0
13010,0x55555556750e,0x17dc177f,0
13011,0x555555567525,0xf77aa00,0
13012,0x555555567525,0xf77aa01,0
13013,0x55555556750e,0xf77aa02,0
13014,0x555555567525,0xf77aa03,0
13015,0x55555556750e,0xf77aa04,0
13016,0x555555567525,0xf77aa05,0
13017,0x55555556750e,0xf77aa06,0
13018,0x555555567525,0xf77aa07,0
13019,0x55555556750e,0xf77aa08,0
13020,0x55555556750e,0xf77aa09,0
13021,0x55555556750e,0xf77aa0a,0
13022,0x55555556750e,0xf77aa0b,0
13023,0x55555556750e,0xf77aa0c,0
13024,0x55555556750e,0xf77aa0d,0
13025,0x55555556750e,0xf77aa0e,0
13026,0x555555567525,0xf77aa0f,0
13027,0x55555556750e,0xf77aa10,0
13028,0x555555567525,0xf77aa11,0
13029,0x555555567525,0xf77aa12,0
13030,0x55555556750e,0xf77aa13,0
13031,0x555555567525,0xf77aa14,0
13032,0x55555556750e,0xf77aa15,0
13033,0x55555556750e,0xf77aa16,0
13034,0x55555556750e,0xf77aa17,0
13035,0x55555556750e,0xf77aa18,0
13036,0x55555556750e,0xf77aa19,0
13037,0x555555567525,0xf77aa1a,0
13038,0x55555556750e,0xf77aa1b,0
13039,0x555555567525,0xf77aa1c,0
13040,0x55555556750e,0xf77aa1d,0
13041,0x55555556750e,0xf77aa1e,0
13042,0x555555567525,0xf77aa1f,0
13043,0x55555556750e,0xf77aa20,0
13044,0x555555567525,0xf77aa21,0
13045,0x55555556750e,0xf77aa22,0
13046,0x555555567525,0xf77aa23,0
13047,0x55555556750e,0xf77aa24,0
13048,0x555555567525,0xf77aa25,0
13049,0x555555567525,0xf77aa26,0
13050,0x55555556750e,0xf77aa27,0
13051,0x555555567525,0xf77aa28,0
13052,0x55555556750e,0xf77aa29,0
13053,0x55555556750e,0xf77aa2a,0
13054,0x555555567525,0xf77aa2b,0
13055,0x55555556750e,0xf77aa2c,0
13056,0x55555556750e,0xf77aa2d,0
13057,0x55555556750e,0xf77aa2e,0
13058,0x55555556750e,0xf77aa2f,0
13059,0x55555556750e,0xf77aa30,0
13060,0x555555567525,0xf77aa31,0
13061,0x55555556750e,0xf77aa32,0
13062,0x55555556750e,0xf77aa33,0
13063,0x55555556750e,0xf77aa34,0
13064,0x555555567525,0xf77aa35,0
13065,0x55555556750e,0xf77aa36,0
13066,0x55555556750e,0xf77aa37,0
13067,0x55555556750e,0xf77aa38,0
13068,0x55555556750e,0xf77aa39,0
13069,0x55555556750e,0xf77aa3a,0
13070,0x55555556750e,0xf77aa3b,0
13071,0x555555567525,0xf77aa3c,0
13072,0x555555567525,0xf77aa3d,0
13073,0x555555567525,0xf77aa3e,0
13074,0x555555567525,0xf77aa3f,0
13075,0x55555556750e,0x26bce380,0
13076,0x555555567525,0x26bce381,0
13077,0x55555556750e,0x26bce382,0
13078,0x555555567525,0x26bce383,0
13079,0x55555556750e,0x26bce384,0
13080,0x555555567525,0x26bce385,0
13081,0x555555567525,0x26bce386,0
13082,0x55555556750e,0x26bce387,0
13083,0x55555556750e,0x26bce388,0
13084,0x55555556750e,0x26bce389,0
13085,0x55555556750e,0x26bce38a,0
13086,0x55555556750e,0x26bce38b,0
13087,0x555555567525,0x26bce38c,0
13088,0x55555556750e,0x26bce38d,0
13089,0x555555567525,0x26bce38e,0
13090,0x55555556750e,0x26bce38f,0
13091,0x55555556750e,0x26bce390,0
13092,0x55555556750e,0x26bce391,0
13093,0x555555567525,0x26bce392,0
13094,0x555555567525,0x26bce393,0
13095,0x55555556750e,0x26bce394,0
13096,0x55555556750e,0x26bce395,0
13097,0x55555556750e,0x26bce396,0
13098,0x55555556750e,0x26bce397,0
13099,0x55555556750e,0x26bce398,0
13100,0x55555556750e,0x26bce399,0
13101,0x55555556750e,0x26bce39a,0
13102,0x55555556750e,0x26bce39b,0
13103,0x555555567525,0x26bce39c,0
13104,0x55555556750e,0x26bce39d,0
13105,0x555555567525,0x26bce39e,0
13106,0x55555556750e,0x26bce39f,0
13107,0x55555556750e,0x26bce3a0,0
13108,0x555555567525,0x26bce3a1,0
13109,0x55555556750e,0x26bce3a2,0
13110,0x555555567525,0x26bce3a3,0
13111,0x55555556750e,0x26bce3a4,0
13112,0x555555567525,0x26bce3a5,0
13113,0x555555567525,0x26bce3a6,0
13114,0x555555567525,0x26bce3a7,0
13115,0x555555567525,0x26bce3a8,0
13116,0x55555556750e,0x26bce3a9,0
13117,0x555555567525,0x26bce3aa,0
13118,0x55555556750e,0x26bce3ab,0
13119,0x55555556750e,0x26bce3ac,0
13120,0x55555556750e,0x26bce3ad,0
13121,0x555555567525,0x26bce3ae,0
13122,0x55555556750e,0x26bce3af,0
13123,0x55555556750e,0x26bce3b0,0
13124,0x555555567525,0x26bce3b1,0
13125,0x55555556750e,0x26bce3b2,0
13126,0x55555556750e,0x26bce3b3,0
13127,0x555555567525,0x26bce3b4,0
13128,0x55555556750e,0x26bce3b5,0
13129,0x55555556750e,0x26bce3b6,0
13130,0x555555567525,0x26bce3b7,0
13131,0x55555556750e,0x26bce3b8,0
13132,0x555555567525,0x26bce3b9,0
13133,0x55555556750e,0x26bce3ba,0
13134,0x555555567525,0x26bce3bb,0
13135,0x555555567525,0x26bce3bc,0
13136,0x55555556750e,0x26bce3bd,0
13137,0x555555567525,0x26bce3be,0
13138,0x55555556750e,0x26bce3bf,0
13139,0x55555556750e,0x3645a340,0
13140,0x555555567525,0x3645a341,0
13141,0x55555556750e,0x3645a342,0
13142,0x55555556750e,0x3645a343,0
13143,0x55555556750e,0x3645a344,0
13144,0x555555567525,0x3645a345,0
13145,0x555555567525,0x3645a346,0
13146,0x55555556750e,0x3645a347,0
13147,0x555555567525,0x3645a348,0
13148,0x555555567525,0x3645a349,0
13149,0x555555567525,0x3645a34a,0
13150,0x55555556750e,0x3645a34b,0
13151,0x555555567525,0x3645a34c,0
13152,0x55555556750e,0x3645a34d,0
13153,0x555555567525,0x3645a34e,0
13154,0x55555556750e,0x3645a34f,0
13155,0x55555556750e,0x3645a350,0
13156,0x555555567525,0x3645a351,0
13157,0x555555567525,0x3645a352,0
13158,0x55555556750e,0x3645a353,0
13159,0x55555556750e,0x3645a354,0
13160,0x55555556750e,0x3645a355,0
13161,0x55555556750e,0x3645a356,0
13162,0x555555567525,0x3645a357,0
13163,0x55555556750e,0x3645a358,0
13164,0x55555556750e,0x3645a359,0
13165,0x55555556750e,0x3645a35a,0
13166,0x555555567525,0x3645a35b,0
13167,0x555555567525,0x3645a35c,0
13168,0x555555567525,0x3645a35d,0
13169,0x55555556750e,0x3645a35e,0
13170,0x55555556750e,0x3645a35f,0
13171,0x55555556750e,0x3645a360,0
13172,0x55555556750e,0x3645a361,0
13173,0x55555556750e,0x3645a362,0
13174,0x55555556750e,0x3645a363,0
13175,0x55555556750e,0x3645a364,0
13176,0x55555556750e,0x3645a365,0
13177,0x55555556750e,0x3645a366,0
13178,0x555555567525,0x3645a367,0
13179,0x555555567525,0x3645a368,0
13180,0x55555556750e,0x3645a369,0
13181,0x55555556750e,0x3645a36a,0
13182,0x55555556750e,0x3645a36b,0
13183,0x555555567525,0x3645a36c,0
13184,0x55555556750e,0x3645a36d,0
13185,0x555555567525,0x3645a36e,0
13186,0x55555556750e,0x3645a36f,0
13187,0x555555567525,0x3645a370,0
13188,0x55555556750e,0x3645a371,0
13189,0x555555567525,0x3645a372,0
13190,0x555555567525,0x3645a373,0
13191,0x55555556750e,0x3645a374,0
13192,0x55555556750e,0x3645a375,0
13193,0x55555556750e,0x3645a376,0
13194,0x555555567525,0x3645a377,0
13195,0x55555556750e,0x3645a378,0
13196,0x555555567525,0x3645a379,0
13197,0x55555556750e,0x3645a37a,0
13198,0x55555556750e,0x3645a37b,0
13199,0x555555567525,0x3645a37c,0
13200,0x555555567525,0x3645a37d,0
13201,0x55555556750e,0x3645a37e,0
13202,0x55555556750e,0x3645a37f,0
13203,0x555555567525,0x2d41a6c0,0
13204,0x555555567525,0x2d41a6c1,0
13205,0x555555567525,0x2d41a6c2,0
13206,0x555555567525,0x2d41a6c3,0
13207,0x55555556750e,0x2d41a6c4,0
13208,0x555555567525,0x2d41a6c5,0
13209,0x55555556750e,0x2d41a6c6,0
13210,0x555555567525,0x2d41a6c7,0
13211,0x55555556750e,0x2d41a6c8,0
13212,0x555555567525,0x2d41a6c9,0
13213,0x55555556750e,0x2d41a6ca,0
13214,0x555555567525,0x2d41a6cb,0
13215,0x555555567525,0x2d41a6cc,0
13216,0x555555567525,0x2d41a6cd,0
13217,0x55555556750e,0x2d41a6ce,0
13218,0x555555567525,0x2d41a6cf,0
13219,0x55555556750e,0x2d41a6d0,0
13220,0x555555567525,0x2d41a6d1,0
13221,0x55555556750e,0x2d41a6d2,0
13222,0x555555567525,0x2d41a6d3,0
13223,0x55555556750e,0x2d41a6d4,0
13224,0x55555556750e,0x2d41a6d5,0
13225,0x55555556750e,0x2d41a6d6,0
13226,0x55555556750e,0x2d41a6d7,0
13227,0x555555567525,0x2d41a6d8,0
13228,0x55555556750e,0x2d41a6d9,0
13229,0x555555567525,0x2d41a6da,0
13230,0x55555556750e,0x2d41a6db,0
13231,0x55555556750e,0x2d41a6dc,0
13232,0x55555556750e,0x2d41a6dd,0
13233,0x55555556750e,0x2d41a6de,0
13234,0x55555556750e,0x2d41a6df,0
13235,0x55555556750e,0x2d41a6e0,0
13236,0x555555567525,0x2d41a6e1,0
13237,0x55555556750e,0x2d41a6e2,0
13238,0x55555556750e,0x2d41a6e3,0
13239,0x555555567525,0x2d41a6e4,0
13240,0x555555567525,0x2d41a6e5,0
13241,0x55555556750e,0x2d41a6e6,0
13242,0x555555567525,0x2d41a6e7,0
13243,0x555555567525,0x2d41a6e8,0
13244,0x55555556750e,0x2d41a6e9,0
13245,0x55555556750e,0x2d41a6ea,0
13246,0x555555567525,0x2d41a6eb,0
13247,0x55555556750e,0x2d41a6ec,0
13248,0x55555556750e,0x2d41a6ed,0
13249,0x55555556750e,0x2d41a6ee,0
13250,0x55555556750e,0x2d41a6ef,0
13251,0x55555556750e,0x2d41a6f0,0
13252,0x555555567525,0x2d41a6f1,0
13253,0x55555556750e,0x2d41a6f2,0
13254,0x55555556750e,0x2d41a6f3,0
13255,0x55555556750e,0x2d41a6f4,0
13256,0x55555556750e,0x2d41a6f5,0
13257,0x55555556750e,0x2d41a6f6,0
13258,0x55555556750e,0x2d41a6f7,0
13259,0x555555567525,0x2d41a6f8,0
13260,0x55555556750e,0x2d41a6f9,0
13261,0x555555567525,0x2d41a6fa,0
13262,0x55555556750e,0x2d41a6fb,0
13263,0x555555567525,0x2d41a6fc,0
13264,0x555555567525,0x2d41a6fd,0
13265,0x55555556750e,0x2d41a6fe,0
13266,0x555555567525,0x2d41a6ff,0
13267,0x555555567525,0x237888c0,0
13268,0x55555556750e,0x237888c1,0
13269,0x55555556750e,0x237888c2,0
13270,0x555555567525,0x237888c3,0
13271,0x55555556750e,0x237888c4,0
13272,0x555555567525,0x237888c5,0
13273,0x555555567525,0x237888c6,0
13274,0x555555567525,0x237888c7,0
13275,0x555555567525,0x237888c8,0
13276,0x55555556750e,0x237888c9,0
13277,0x555555567525,0x237888ca,0
13278,0x55555556750e,0x237888cb,0
13279,0x55555556750e,0x237888cc,0
13280,0x55555556750e,0x237888cd,0
13281,0x55555556750e,0x237888ce,0
13282,0x55555556750e,0x237888cf,0
13283,0x555555567525,0x237888d0,0
13284,0x555555567525,0x237888d1,0
13285,0x555555567525,0x237888d2,0
13286,0x55555556750e,0x237888d3,0
13287,0x55555556750e,0x237888d4,0
13288,0x55555556750e,0x237888d5,0
13289,0x555555567525,0x237888d6,0
13290,0x55555556750e,0x237888d7,0
13291,0x555555567525,0x237888d8,0
13292,0x555555567525,0x237888d9,0
13293,0x55555556750e,0x237888da,0
13294,0x55555556750e,0x237888db,0
13295,0x555555567525,0x237888dc,0
13296,0x55555556750e,0x237888dd,0
13297,0x55555556750e,0x237888de,0
13298,0x55555556750e,0x237888df,0
13299,0x55555556750e,0x237888e0,0
13300,0x555555567525,0x237888e1,0
13301,0x55555556750e,0x237888e2,0
13302,0x55555556750e,0x237888e3,0
13303,0x55555556750e,0x237888e4,0
13304,0x555555567525,0x237888e5,0
13305,0x555555567525,0x237888e6,0
13306,0x55555556750e,0x237888e7,0
13307,0x55555556750e,0x237888e8,0
13308,0x55555556750e,0x237888e9,0
13309,0x55555556750e,0x237888ea,0
13310,0x55555556750e,0x237888eb,0
13311,0x55555556750e,0x237888ec,0
13312,0x555555567525,0x237888ed,0
13313,0x55555556750e,0x237888ee,0
13314,0x555555567525,0x237888ef,0
13315,0x55555556750e,0x237888f0,0
13316,0x555555567525,0x237888f1,0
13317,0x555555567525,0x237888f2,0
13318,0x555555567525,0x237888f3,0
13319,0x555555567525,0x237888f4,0
13320,0x55555556750e,0x237888f5,0
13321,0x555555567525,0x237888f6,0
13322,0x55555556750e,0x237888f7,0
13323,0x55555556750e,0x237888f8,0
13324,0x55555556750e,0x237888f9,0
13325,0x55555556750e,0x237888fa,0
13326,0x55555556750e,0x237888fb,0
13327,0x555555567525,0x237888fc,0
13328,0x555555567525,0x237888fd,0
13329,0x55555556750e,0x237888fe,0
13330,0x55555556750e,0x237888ff,0
13331,0x555555567525,0x2716ed00,0
13332,0x555555567525,0x2716ed01,0
13333,0x555555567525,0x2716ed02,0
13334,0x555555567525,0x2716ed03,0
13335,0x55555556750e,0x2716ed04,0
13336,0x555555567525,0x2716ed05,0
13337,0x55555556750e,0x2716ed06,0
13338,0x555555567525,0x2716ed07,0
13339,0x55555556750e,0x2716ed08,0
13340,0x55555556750e,0x2716ed09,0
13341,0x55555556750e,0x2716ed0a,0
13342,0x55555556750e,0x2716ed0b,0
13343,0x55555556750e,0x2716ed0c,0
13344,0x55555556750e,0x2716ed0d,0
13345,0x555555567525,0x2716ed0e,0
13346,0x55555556750e,0x2716ed0f,0
13347,0x555555567525,0x2716ed10,0
13348,0x555555567525,0x2716ed11,0
13349,0x55555556750e,0x2716ed12,0
13350,0x55555556750e,0x2716ed13,0
13351,0x55555556750e,0x2716ed14,0
13352,0x555555567525,0x2716ed15,0
13353,0x555555567525,0x2716ed16,0
13354,0x55555556750e,0x2716ed17,0
13355,0x55555556750e,0x2716ed18,0
13356,0x555555567525,0x2716ed19,0
13357,0x55555556750e,0x2716ed1a,0
13358,0x555555567525,0x2716ed1b,0
13359,0x555555567525,0x2716ed1c,0
13360,0x55555556750e,0x2716ed1d,0
13361,0x55555556750e,0x2716ed1e,0
13362,0x555555567525,0x2716ed1f,0
13363,0x555555567525,0x2716ed20,0
13364,0x555555567525,0x2716ed21,0
13365,0x55555556750e,0x2716ed22,0
13366,0x555555567525,0x2716ed23,0
13367,0x55555556750e,0x2716ed24,0
13368,0x55555556750e,0x2716ed25,0
13369,0x555555567525,0x2716ed26,0
13370,0x555555567525,0x2716ed27,0
13371,0x555555567525,0x2716ed28,0
13372,0x55555556750e,0x2716ed29,0
13373,0x55555556750e,0x2716ed2a,0
13374,0x55555556750e,0x2716ed2b,0
13375,0x55555556750e,0x2716ed2c,0
13376,0x55555556750e,0x2716ed2d,0
13377,0x55555556750e,0x2716ed2e,0
13378,0x55555556750e,0x2716ed2f,0
13379,0x55555556750e,0x2716ed30,0
13380,0x555555567525,0x2716ed31,0
13381,0x555555567525,0x2716ed32,0
13382,0x55555556750e,0x2716ed33,0
13383,0x55555556750e,0x2716ed34,0
13384,0x55555556750e,0x2716ed35,0
13385,0x55555556750e,0x2716ed36,0
13386,0x55555556750e,0x2716ed37,0
13387,0x55555556750e,0x2716ed38,0
13388,0x55555556750e,0x2716ed39,0
13389,0x55555556750e,0x2716ed3a,0
13390,0x555555567525,0x2716ed3b,0
13391,0x55555556750e,0x2716ed3c,0
13392,0x555555567525,0x2716ed3d,0
13393,0x555555567525,0x2716ed3e,0
13394,0x55555556750e,0x2716ed3f,0
13395,0x555555567525,0x2d75d00,0
13396,0x55555556750e,0x2d75d01,0
13397,0x55555556750e,0x2d75d02,0
13398,0x55555556750e,0x2d75d03,0
13399,0x555555567525,0x2d75d04,0
13400,0x55555556750e,0x2d75d05,0
13401,0x55555556750e,0x2d75d06,0
13402,0x555555567525,0x2d75d07,0
13403,0x55555556750e,0x2d75d08,0
13404,0x55555556750e,0x2d75d09,0
13405,0x55555556750e,0x2d75d0a,0
13406,0x55555556750e,0x2d75d0b,0
13407,0x55555556750e,0x2d75d0c,0
13408,0x55555556750e,0x2d75d0d,0
13409,0x55555556750e,0x2d75d0e,0
13410,0x555555567525,0x2d75d0f,0
13411,0x555555567525,0x2d75d10,0
13412,0x555555567525,0x2d75d11,0
13413,0x55555556750e,0x2d75d12,0
13414,0x555555567525,0x2d75d13,0
13415,0x55555556750e,0x2d75d14,0
13416,0x55555556750e,0x2d75d15,0
13417,0x55555556750e,0x2d75d16,0
13418,0x55555556750e,0x2d75d17,0
13419,0x55555556750e,0x2d75d18,0
13420,0x55555556750e,0x2d75d19,0
13421,0x55555556750e,0x2d75d1a,0
13422,0x55555556750e,0x2d75d1b,0
13423,0x555555567525,0x2d75d1c,0
13424,0x555555567525,0x2d75d1d,0
13425,0x555555567525,0x2d75d1e,0
13426,0x55555556750e,0x2d75d1f,0
13427,0x555555567525,0x2d75d20,0
13428,0x55555556750e,0x2d75d21,0
13429,0x555555567525,0x2d75d22,0
13430,0x55555556750e,0x2d75d23,0
13431,0x55555556750e,0x2d75d24,0
13432,0x55555556750e,0x2d75d25,0
13433,0x55555556750e,0x2d75d26,0
13434,0x555555567525,0x2d75d27,0
13435,0x55555556750e,0x2d75d28,0
13436,0x55555556750e,0x2d75d29,0
13437,0x55555556750e,0x2d75d2a,0
13438,0x55555556750e,0x2d75d2b,0
13439,0x55555556750e,0x2d75d2c,0
13440,0x55555556750e,0x2d75d2d,0
13441,0x55555556750e,0x2d75d2e,0
13442,0x555555567525,0x2d75d2f,0
13443,0x55555556750e,0x2d75d30,0
13444,0x555555567525,0x2d75d31,0
13445,0x55555556750e,0x2d75d32,0
13446,0x55555556750e,0x2d75d33,0
13447,0x555555567525,0x2d75d34,0
13448,0x55555556750e,0x2d75d35,0
13449,0x55555556750e,0x2d75d36,0
13450,0x55555556750e,0x2d75d37,0
13451,0x555555567525,0x2d75d38,0
13452,0x55555556750e,0x2d75d39,0
13453,0x55555556750e,0x2d75d3a,0
13454,0x55555556750e,0x2d75d3b,0
13455,0x555555567525,0x2d75d3c,0
13456,0x555555567525,0x2d75d3d,0
13457,0x555555567525,0x2d75d3e,0
13458,0x555555567525,0x2d75d3f,0
13459,0x55555556750e,0x5223840,0
13460,0x555555567525,0x5223841,0
13461,0x55555556750e,0x5223842,0
13462,0x555555567525,0x5223843,0
13463,0x555555567525,0x5223844,0
13464,0x555555567525,0x5223845,0
13465,0x55555556750e,0x5223846,0
13466,0x555555567525,0x5223847,0
13467,0x55555556750e,0x5223848,0
13468,0x55555556750e,0x5223849,0
13469,0x555555567525,0x522384a,0
13470,0x55555556750e,0x522384b,0
13471,0x55555556750e,0x522384c,0
13472,0x55555556750e,0x522384d,0
13473,0x55555556750e,0x522384e,0
13474,0x555555567525,0x522384f,0
13475,0x55555556750e,0x5223850,0
13476,0x555555567525,0x5223851,0
13477,0x555555567525,0x5223852,0
13478,0x55555556750e,0x5223853,0
13479,0x555555567525,0x5223854,0
13480,0x555555567525,0x5223855,0
13481,0x55555556750e,0x5223856,0
13482,0x55555556750e,0x5223857,0
13483,0x55555556750e,0x5223858,0
13484,0x55555556750e,0x5223859,0
13485,0x555555567525,0x522385a,0
13486,0x55555556750e,0x522385b,0
13487,0x555555567525,0x522385c,0
13488,0x555555567525,0x522385d,0
13489,0x55555556750e,0x522385e,0
13490,0x555555567525,0x522385f,0
13491,0x55555556750e,0x5223860,0
13492,0x55555556750e,0x5223861,0
13493,0x55555556750e,0x5223862,0
13494,0x55555556750e,0x5223863,0
13495,0x55555556750e,0x5223864,0
13496,0x55555556750e,0x5223865,0
13497,0x555555567525,0x5223866,0
13498,0x555555567525,0x5223867,0
13499,0x555555567525,0x5223868,0
13500,0x555555567525,0x5223869,0
13501,0x55555556750e,0x522386a,0
13502,0x55555556750e,0x522386b,0
13503,0x55555556750e,0x522386c,0
13504,0x55555556750e,0x522386d,0
13505,0x555555567525,0x522386e,0
13506,0x55555556750e,0x522386f,0
13507,0x55555556750e,0x5223870,0
13508,0x555555567525,0x5223871,0
13509,0x55555556750e,0x5223872,0
13510,0x55555556750e,0x5223873,0
13511,0x555555567525,0x5223874,0
13512,0x555555567525,0x5223875,0
13513,0x55555556750e,0x5223876,0
13514,0x555555567525,0x5223877,0
13515,0x55555556750e,0x5223878,0
13516,0x55555556750e,0x5223879,0
13517,0x555555567525,0x522387a,0
13518,0x55555556750e,0x522387b,0
13519,0x555555567525,0x522387c,0
13520,0x555555567525,0x522387d,0
13521,0x55555556750e,0x522387e,0
13522,0x555555567525,0x522387f,0
13523,0x555555567525,0x3b19b80,0
13524,0x555555567525,0x3b19b81,0
13525,0x55555556750e,0x3b19b82,0
13526,0x555555567525,0x3b19b83,0
13527,0x55555556750e,0x3b19b84,0
13528,0x555555567525,0x3b19b85,0
13529,0x55555556750e,0x3b19b86,0
13530,0x55555556750e,0x3b19b87,0
13531,0x55555556750e,0x3b19b88,0
13532,0x55555556750e,0x3b19b89,0
13533,0x55555556750e,0x3b19b8a,0
13534,0x55555556750e,0x3b19b8b,0
13535,0x555555567525,0x3b19b8c,0
13536,0x55555556750e,0x3b19b8d,0
13537,0x555555567525,0x3b19b8e,0
13538,0x55555556750e,0x3b19b8f,0
13539,0x555555567525,0x3b19b90,0
13540,0x555555567525,0x3b19b91,0
13541,0x555555567525,0x3b19b92,0
13542,0x55555556750e,0x3b19b93,0
13543,0x555555567525,0x3b19b94,0
13544,0x55555556750e,0x3b19b95,0
13545,0x55555556750e,0x3b19b96,0
13546,0x55555556750e,0x3b19b97,0
13547,0x55555556750e,0x3b19b98,0
13548,0x55555556750e,0x3b19b99,0
13549,0x555555567525,0x3b19b9a,0
13550,0x55555556750e,0x3b19b9b,0
13551,0x555555567525,0x3b19b9c,0
13552,0x555555567525,0x3b19b9d,0
13553,0x55555556750e,0x3b19b9e,0
13554,0x555555567525,0x3b19b9f,0
13555,0x55555556750e,0x3b19ba0,0
13556,0x555555567525,0x3b19ba1,0
13557,0x55555556750e,0x3b19ba2,0
13558,0x555555567525,0x3b19ba3,0
13559,0x55555556750e,0x3b19ba4,0
13560,0x555555567525,0x3b19ba5,0
13561,0x555555567525,0x3b19ba6,0
13562,0x555555567525,0x3b19ba7,0
13563,0x55555556750e,0x3b19ba8,0
13564,0x55555556750e,0x3b19ba9,0
13565,0x555555567525,0x3b19baa,0
13566,0x55555556750e,0x3b19bab,0
13567,0x55555556750e,0x3b19bac,0
13568,0x55555556750e,0x3b19bad,0
13569,0x555555567525,0x3b19bae,0
13570,0x55555556750e,0x3b19baf,0
13571,0x555555567525,0x3b19bb0,0
13572,0x555555567525,0x3b19bb1,0
13573,0x555555567525,0x3b19bb2,0
13574,0x55555556750e,0x3b19bb3,0
13575,0x55555556750e,0x3b19bb4,0
13576,0x55555556750e,0x3b19bb5,0
13577,0x55555556750e,0x3b19bb6,0
13578,0x55555556750e,0x3b19bb7,0
13579,0x55555556750e,0x3b19bb8,0
13580,0x55555556750e,0x3b19bb9,0
13581,0x55555556750e,0x3b19bba,0
13582,0x55555556750e,0x3b19bbb,0
13583,0x555555567525,0x3b19bbc,0
13584,0x555555567525,0x3b19bbd,0
13585,0x55555556750e,0x3b19bbe,0
13586,0x555555567525,0x3b19bbf,0
13587,0x55555556750e,0x20e1c640,0
13588,0x55555556750e,0x20e1c641,0
13589,0x55555556750e,0x20e1c642,0
13590,0x555555567525,0x20e1c643,0
13591,0x55555556750e,0x20e1c644,0
13592,0x55555556750e,0x20e1c645,0
13593,0x555555567525,0x20e1c646,0
13594,0x55555556750e,0x20e1c647,0
13595,0x55555556750e,0x20e1c648,0
13596,0x555555567525,0x20e1c649,0
13597,0x55555556750e,0x20e1c64a,0
13598,0x55555556750e,0x20e1c64b,0
13599,0x55555556750e,0x20e1c64c,0
13600,0x555555567525,0x20e1c64d,0
13601,0x555555567525,0x20e1c64e,0
13602,0x555555567525,0x20e1c64f,0
13603,0x555555567525,0x20e1c650,0
13604,0x55555556750e,0x20e1c651,0
13605,0x555555567525,0x20e1c652,0
13606,0x55555556750e,0x20e1c653,0
13607,0x55555556750e,0x20e1c654,0
13608,0x55555556750e,0x20e1c655,0
13609,0x555555567525,0x20e1c656,0
13610,0x55555556750e,0x20e1c657,0
13611,0x55555556750e,0x20e1c658,0
13612,0x55555556750e,0x20e1c659,0
13613,0x55555556750e,0x20e1c65a,0
13614,0x55555556750e,0x20e1c65b,0
13615,0x555555567525,0x20e1c65c,0
13616,0x55555556750e,0x20e1c65d,0
13617,0x55555556750e,0x20e1c65e,0
13618,0x555555567525,0x20e1c65f,0
13619,0x55555556750e,0x20e1c660,0
13620,0x55555556750e,0x20e1c661,0
13621,0x555555567525,0x20e1c662,0
13622,0x55555556750e,0x20e1c663,0
13623,0x55555556750e,0x20e1c664,0
13624,0x55555556750e,0x20e1c665,0
13625,0x55555556750e,0x20e1c666,0
13626,0x555555567525,0x20e1c667,0
13627,0x555555567525,0x20e1c668,0
13628,0x55555556750e,0x20e1c669,0
13629,0x55555556750e,0x20e1c66a,0
13630,0x55555556750e,0x20e1c66b,0
13631,0x55555556750e,0x20e1c66c,0
13632,0x555555567525,0x20e1c66d,0
13633,0x555555567525,0x20e1c66e,0
13634,0x55555556750e,0x20e1c66f,0
13635,0x555555567525,0x20e1c670,0
13636,0x555555567525,0x20e1c671,0
13637,0x555555567525,0x20e1c672,0
13638,0x55555556750e,0x20e1c673,0
13639,0x55555556750e,0x20e1c674,0
13640,0x55555556750e,0x20e1c675,0
13641,0x555555567525,0x20e1c676,0
13642,0x55555556750e,0x20e1c677,0
13643,0x55555556750e,0x20e1c678,0
13644,0x55555556750e,0x20e1c679,0
13645,0x55555556750e,0x20e1c67a,0
13646,0x55555556750e,0x20e1c67b,0
13647,0x555555567525,0x20e1c67c,0
13648,0x55555556750e,0x20e1c67d,0
13649,0x55555556750e,0x20e1c67e,0
13650,0x555555567525,0x20e1c67f,0
13651,0x555555567525,0x75d2880,0
13652,0x555555567525,0x75d2881,0
13653,0x555555567525,0x75d2882,0
13654,0x555555567525,0x75d2883,0
13655,0x555555567525,0x75d2884,0
13656,0x555555567525,0x75d2885,0
13657,0x55555556750e,0x75d2886,0
13658,0x555555567525,0x75d2887,0
13659,0x555555567525,0x75d2888,0
13660,0x55555556750e,0x75d2889,0
13661,0x555555567525,0x75d288a,0
13662,0x55555556750e,0x75d288b,0
13663,0x555555567525,0x75d288c,0
13664,0x55555556750e,0x75d288d,0
13665,0x55555556750e,0x75d288e,0
13666,0x55555556750e,0x75d288f,0
13667,0x55555556750e,0x75d2890,0
13668,0x555555567525,0x75d2891,0
13669,0x555555567525,0x75d2892,0
13670,0x55555556750e,0x75d2893,0
13671,0x55555556750e,0x75d2894,0
13672,0x55555556750e,0x75d2895,0
13673,0x555555567525,0x75d2896,0
13674,0x55555556750e,0x75d2897,0
13675,0x555555567525,0x75d2898,0
13676,0x555555567525,0x75d2899,0
13677,0x55555556750e,0x75d289a,0
13678,0x555555567525,0x75d289b,0
13679,0x555555567525,0x75d289c,0
13680,0x555555567525,0x75d289d,0
13681,0x55555556750e,0x75d289e,0
13682,0x55555556750e,0x75d289f,0
13683,0x55555556750e,0x75d28a0,0
13684,0x55555556750e,0x75d28a1,0
13685,0x55555556750e,0x75d28a2,0
13686,0x55555556750e,0x75d28a3,0
13687,0x55555556750e,0x75d28a4,0
13688,0x555555567525,0x75d28a5,0
13689,0x555555567525,0x75d28a6,0
13690,0x555555567525,0x75d28a7,0
13691,0x55555556750e,0x75d28a8,0
13692,0x55555556750e,0x75d28a9,0
13693,0x555555567525,0x75d28aa,0
13694,0x55555556750e,0x75d28ab,0
13695,0x555555567525,0x75d28ac,0
13696,0x55555556750e,0x75d28ad,0
13697,0x55555556750e,0x75d28ae,0
13698,0x55555556750e,0x75d28af,0
13699,0x555555567525,0x75d28b0,0
13700,0x555555567525,0x75d28b1,0
13701,0x555555567525,0x75d28b2,0
13702,0x555555567525,0x75d28b3,0
13703,0x555555567525,0x75d28b4,0
13704,0x55555556750e,0x75d28b5,0
13705,0x555555567525,0x75d28b6,0
13706,0x55555556750e,0x75d28b7,0
13707,0x555555567525,0x75d28b8,0
13708,0x55555556750e,0x75d28b9,0
13709,0x555555567525,0x75d28ba,0
13710,0x55555556750e,0x75d28bb,0
13711,0x555555567525,0x75d28bc,0
13712,0x555555567525,0x75d28bd,0
13713,0x55555556750e,0x75d28be,0
13714,0x555555567525,0x75d28bf,0
13715,0x555555567525,0x1a368ac0,0
13716,0x555555567525,0x1a368ac1,0
13717,0x55555556750e,0x1a368ac2,0
13718,0x55555556750e,0x1a368ac3,0
13719,0x55555556750e,0x1a368ac4,0
13720,0x55555556750e,0x1a368ac5,0
13721,0x555555567525,0x1a368ac6,0
13722,0x55555556750e,0x1a368ac7,0
13723,0x555555567525,0x1a368ac8,0
13724,0x55555556750e,0x1a368ac9,0
13725,0x555555567525,0x1a368aca,0
13726,0x55555556750e,0x1a368acb,0
13727,0x555555567525,0x1a368acc,0
13728,0x55555556750e,0x1a368acd,0
13729,0x555555567525,0x1a368ace,0
13730,0x55555556750e,0x1a368acf,0
13731,0x555555567525,0x1a368ad0,0
13732,0x555555567525,0x1a368ad1,0
13733,0x55555556750e,0x1a368ad2,0
13734,0x555555567525,0x1a368ad3,0
13735,0x55555556750e,0x1a368ad4,0
13736,0x55555556750e,0x1a368ad5,0
13737,0x55555556750e,0x1a368ad6,0
13738,0x555555567525,0x1a368ad7,0
13739,0x55555556750e,0x1a368ad8,0
13740,0x55555556750e,0x1a368ad9,0
13741,0x555555567525,0x1a368ada,0
13742,0x55555556750e,0x1a368adb,0
13743,0x555555567525,0x1a368adc,0
13744,0x555555567525,0x1a368add,0
13745,0x55555556750e,0x1a368ade,0
13746,0x555555567525,0x1a368adf,0
13747,0x55555556750e,0x1a368ae0,0
13748,0x55555556750e,0x1a368ae1,0
13749,0x55555556750e,0x1a368ae2,0
13750,0x55555556750e,0x1a368ae3,0
13751,0x555555567525,0x1a368ae4,0
13752,0x55555556750e,0x1a368ae5,0
13753,0x555555567525,0x1a368ae6,0
13754,0x555555567525,0x1a368ae7,0
13755,0x555555567525,0x1a368ae8,0
13756,0x55555556750e,0x1a368ae9,0
13757,0x55555556750e,0x1a368aea,0
13758,0x55555556750e,0x1a368aeb,0
13759,0x555555567525,0x1a368aec,0
13760,0x55555556750e,0x1a368aed,0
13761,0x555555567525,0x1a368aee,0
13762,0x55555556750e,0x1a368aef,0
13763,0x555555567525,0x1a368af0,0
13764,0x555555567525,0x1a368af1,0
13765,0x555555567525,0x1a368af2,0
13766,0x55555556750e,0x1a368af3,0
13767,0x555555567525,0x1a368af4,0
13768,0x55555556750e,0x1a368af5,0
13769,0x555555567525,0x1a368af6,0
13770,0x555555567525,0x1a368af7,0
13771,0x55555556750e,0x1a368af8,0
13772,0x555555567525,0x1a368af9,0
13773,0x55555556750e,0x1a368afa,0
13774,0x555555567525,0x1a368afb,0
13775,0x555555567525,0x1a368afc,0
13776,0x55555556750e,0x1a368afd,0
13777,0x55555556750e,0x1a368afe,0
13778,0x55555556750e,0x1a368aff,0
13779,0x555555567525,0xc904ac0,0
13780,0x555555567525,0xc904ac1,0
13781,0x55555556750e,0xc904ac2,0
13782,0x555555567525,0xc904ac3,0
13783,0x55555556750e,0xc904ac4,0
13784,0x55555556750e,0xc904ac5,0
13785,0x55555556750e,0xc904ac6,0
13786,0x55555556750e,0xc904ac7,0
13787,0x555555567525,0xc904ac8,0
13788,0x55555556750e,0xc904ac9,0
13789,0x555555567525,0xc904aca,0
13790,0x55555556750e,0xc904acb,0
13791,0x55555556750e,0xc904acc,0
13792,0x55555556750e,0xc904acd,0
13793,0x55555556750e,0xc904ace,0
13794,0x55555556750e,0xc904acf,0
13795,0x555555567525,0xc904ad0,0
13796,0x55555556750e,0xc904ad1,0
13797,0x555555567525,0xc904ad2,0
13798,0x555555567525,0xc904ad3,0
13799,0x55555556750e,0xc904ad4,0
13800,0x555555567525,0xc904ad5,0
13801,0x55555556750e,0xc904ad6,0
13802,0x555555567525,0xc904ad7,0
13803,0x55555556750e,0xc904ad8,0
13804,0x55555556750e,0xc904ad9,0
13805,0x55555556750e,0xc904ada,0
13806,0x55555556750e,0xc904adb,0
13807,0x555555567525,0xc904adc,0
13808,0x555555567525,0xc904add,0
13809,0x55555556750e,0xc904ade,0
13810,0x55555556750e,0xc904adf,0
13811,0x55555556750e,0xc904ae0,0
13812,0x55555556750e,0xc904ae1,0
13813,0x555555567525,0xc904ae2,0
13814,0x55555556750e,0xc904ae3,0
13815,0x555555567525,0xc904ae4,0
13816,0x55555556750e,0xc904ae5,0
13817,0x555555567525,0xc904ae6,0
13818,0x555555567525,0xc904ae7,0
13819,0x555555567525,0xc904ae8,0
13820,0x55555556750e,0xc904ae9,0
13821,0x55555556750e,0xc904aea,0
13822,0x55555556750e,0xc904aeb,0
13823,0x555555567525,0xc904aec,0
13824,0x55555556750e,0xc904aed,0
13825,0x55555556750e,0xc904aee,0
13826,0x555555567525,0xc904aef,0
13827,0x55555556750e,0xc904af0,0
13828,0x555555567525,0xc904af1,0
13829,0x55555556750e,0xc904af2,0
13830,0x555555567525,0xc904af3,0
13831,0x55555556750e,0xc904af4,0
13832,0x55555556750e,0xc904af5,0
13833,0x55555556750e,0xc904af6,0
13834,0x555555567525,0xc904af7,0
13835,0x55555556750e,0xc904af8,0
13836,0x55555556750e,0xc904af9,0
13837,0x55555556750e,0xc904afa,0
13838,0x55555556750e,0xc904afb,0
13839,0x555555567525,0xc904afc,0
13840,0x555555567525,0xc904afd,0
13841,0x55555556750e,0xc904afe,0
13842,0x555555567525,0xc904aff,0
13843,0x555555567525,0x16536c40,0
13844,0x55555556750e,0x16536c41,0
13845,0x55555556750e,0x16536c42,0
13846,0x555555567525,0x16536c43,0
13847,0x555555567525,0x16536c44,0
13848,0x55555556750e,0x16536c45,0
13849,0x55555556750e,0x16536c46,0
13850,0x555555567525,0x16536c47,0
13851,0x55555556750e,0x16536c48,0
13852,0x555555567525,0x16536c49,0
13853,0x55555556750e,0x16536c4a,0
13854,0x55555556750e,0x16536c4b,0
13855,0x555555567525,0x16536c4c,0
13856,0x55555556750e,0x16536c4d,0
13857,0x55555556750e,0x16536c4e,0
13858,0x555555567525,0x16536c4f,0
13859,0x55555556750e,0x16536c50,0
13860,0x555555567525,0x16536c51,0
13861,0x55555556750e,0x16536c52,0
13862,0x55555556750e,0x16536c53,0
13863,0x555555567525,0x16536c54,0
13864,0x555555567525,0x16536c55,0
13865,0x55555556750e,0x16536c56,0
13866,0x555555567525,0x16536c57,0
13867,0x555555567525,0x16536c58,0
13868,0x555555567525,0x16536c59,0
13869,0x555555567525,0x16536c5a,0
13870,0x555555567525,0x16536c5b,0
13871,0x55555556750e,0x16536c5c,0
13872,0x555555567525,0x16536c5d,0
13873,0x55555556750e,0x16536c5e,0
13874,0x55555556750e,0x16536c5f,0
13875,0x55555556750e,0x16536c60,0
13876,0x555555567525,0x16536c61,0
13877,0x555555567525,0x16536c62,0
13878,0x55555556750e,0x16536c63,0
13879,0x555555567525,0x16536c64,0
13880,0x55555556750e,0x16536c65,0
13881,0x555555567525,0x16536c66,0
13882,0x55555556750e,0x16536c67,0
13883,0x555555567525,0x16536c68,0
13884,0x55555556750e,0x16536c69,0
13885,0x555555567525,0x16536c6a,0
13886,0x55555556750e,0x16536c6b,0
13887,0x55555556750e,0x16536c6c,0
13888,0x55555556750e,0x16536c6d,0
13889,0x55555556750e,0x16536c6e,0
13890,0x555555567525,0x16536c6f,0
13891,0x55555556750e,0x16536c70,0
13892,0x55555556750e,0x16536c71,0
13893,0x55555556750e,0x16536c72,0
13894,0x55555556750e,0x16536c73,0
13895,0x55555556750e,0x16536c74,0
13896,0x55555556750e,0x16536c75,0
13897,0x55555556750e,0x16536c76,0
13898,0x555555567525,0x16536c77,0
13899,0x55555556750e,0x16536c78,0
13900,0x55555556750e,0x16536c79,0
13901,0x55555556750e,0x16536c7a,0
13902,0x555555567525,0x16536c7b,0
13903,0x555555567525,0x16536c7c,0
13904,0x55555556750e,0x16536c7d,0
13905,0x555555567525,0x16536c7e,0
13906,0x55555556750e,0x16536c7f,0
13907,0x555555567525,0x318fa5c0,0
13908,0x555555567525,0x318fa5c1,0
13909,0x55555556750e,0x318fa5c2,0
13910,0x555555567525,0x318fa5c3,0
13911,0x555555567525,0x318fa5c4,0
13912,0x555555567525,0x318fa5c5,0
13913,0x55555556750e,0x318fa5c6,0
13914,0x555555567525,0x318fa5c7,0
13915,0x55555556750e,0x318fa5c8,0
13916,0x555555567525,0x318fa5c9,0
13917,0x555555567525,0x318fa5ca,0
13918,0x55555556750e,0x318fa5cb,0
13919,0x55555556750e,0x318fa5cc,0
13920,0x55555556750e,0x318fa5cd,0
13921,0x555555567525,0x318fa5ce,0
13922,0x555555567525,0x318fa5cf,0
13923,0x55555556750e,0x318fa5d0,0
13924,0x555555567525,0x318fa5d1,0
13925,0x55555556750e,0x318fa5d2,0
13926,0x555555567525,0x318fa5d3,0
13927,0x55555556750e,0x318fa5d4,0
13928,0x55555556750e,0x318fa5d5,0
13929,0x55555556750e,0x318fa5d6,0
13930,0x55555556750e,0x318fa5d7,0
13931,0x555555567525,0x318fa5d8,0
13932,0x55555556750e,0x318fa5d9,0
13933,0x555555567525,0x318fa5da,0
13934,0x55555556750e,0x318fa5db,0
13935,0x555555567525,0x318fa5dc,0
13936,0x55555556750e,0x318fa5dd,0
13937,0x555555567525,0x318fa5de,0
13938,0x55555556750e,0x318fa5df,0
13939,0x55555556750e,0x318fa5e0,0
13940,0x55555556750e,0x318fa5e1,0
13941,0x55555556750e,0x318fa5e2,0
13942,0x55555556750e,0x318fa5e3,0
13943,0x55555556750e,0x318fa5e4,0
13944,0x55555556750e,0x318fa5e5,0
13945,0x555555567525,0x318fa5e6,0
13946,0x555555567525,0x318fa5e7,0
13947,0x555555567525,0x318fa5e8,0
13948,0x555555567525,0x318fa5e9,0
13949,0x555555567525,0x318fa5ea,0
13950,0x55555556750e,0x318fa5eb,0
13951,0x55555556750e,0x318fa5ec,0
13952,0x55555556750e,0x318fa5ed,0
13953,0x55555556750e,0x318fa5ee,0
13954,0x55555556750e,0x318fa5ef,0
13955,0x55555556750e,0x318fa5f0,0
13956,0x55555556750e,0x318fa5f1,0
13957,0x55555556750e,0x318fa5f2,0
13958,0x55555556750e,0x318fa5f3,0
13959,0x55555556750e,0x318fa5f4,0
13960,0x55555556750e,0x318fa5f5,0
13961,0x555555567525,0x318fa5f6,0
13962,0x55555556750e,0x318fa5f7,0
13963,0x55555556750e,0x318fa5f8,0
13964,0x55555556750e,0x318fa5f9,0
13965,0x55555556750e,0x318fa5fa,0
13966,0x555555567525,0x318fa5fb,0
13967,0x555555567525,0x318fa5fc,0
13968,0x555555567525,0x318fa5fd,0
13969,0x55555556750e,0x318fa5fe,0
13970,0x555555567525,0x318fa5ff,0
13971,0x55555556750e,0x2c5421c0,0
13972,0x55555556750e,0x2c5421c1,0
13973,0x55555556750e,0x2c5421c2,0
13974,0x55555556750e,0x2c5421c3,0
13975,0x555555567525,0x2c5421c4,0
13976,0x55555556750e,0x2c5421c5,0
13977,0x55555556750e,0x2c5421c6,0
13978,0x55555556750e,0x2c5421c7,0
13979,0x55555556750e,0x2c5421c8,0
13980,0x55555556750e,0x2c5421c9,0
13981,0x55555556750e,0x2c5421ca,0
13982,0x555555567525,0x2c5421cb,0
13983,0x555555567525,0x2c5421cc,0
13984,0x55555556750e,0x2c5421cd,0
13985,0x555555567525,0x2c5421ce,0
13986,0x55555556750e,0x2c5421cf,0
13987,0x555555567525,0x2c5421d0,0
13988,0x555555567525,0x2c5421d1,0
13989,0x555555567525,0x2c5421d2,0
13990,0x55555556750e,0x2c5421d3,0
13991,0x555555567525,0x2c5421d4,0
13992,0x55555556750e,0x2c5421d5,0
13993,0x55555556750e,0x2c5421d6,0
13994,0x55555556750e,0x2c5421d7,0
13995,0x55555556750e,0x2c5421d8,0
13996,0x55555556750e,0x2c5421d9,0
13997,0x55555556750e,0x2c5421da,0
13998,0x555555567525,0x2c5421db,0
13999,0x55555556750e,0x2c5421dc,0
14000,0x555555567525,0x2c5421dd,0
14001,0x555555567525,0x2c5421de,0
14002,0x55555556750e,0x2c5421df,0
14003,0x555555567525,0x2c5421e0,0
14004,0x55555556750e,0x2c5421e1,0
14005,0x55555556750e,0x2c5421e2,0
14006,0x555555567525,0x2c5421e3,0
14007,0x555555567525,0x2c5421e4,0
14008,0x555555567525,0x2c5421e5,0
14009,0x555555567525,0x2c5421e6,0
14010,0x555555567525,0x2c5421e7,0
14011,0x55555556750e,0x2c5421e8,0
14012,0x555555567525,0x2c5421e9,0
14013,0x55555556750e,0x2c5421ea,0
14014,0x55555556750e,0x2c5421eb,0
14015,0x55555556750e,0x2c5421ec,0
14016,0x555555567525,0x2c5421ed,0
14017,0x555555567525,0x2c5421ee,0
14018,0x555555567525,0x2c5421ef,0
14019,0x55555556750e,0x2c5421f0,0
14020,0x555555567525,0x2c5421f1,0
14021,0x55555556750e,0x2c5421f2,0
14022,0x55555556750e,0x2c5421f3,0
14023,0x55555556750e,0x2c5421f4,0
14024,0x55555556750e,0x2c5421f5,0
14025,0x555555567525,0x2c5421f6,0
14026,0x55555556750e,0x2c5421f7,0
14027,0x55555556750e,0x2c5421f8,0
14028,0x55555556750e,0x2c5421f9,0
14029,0x55555556750e,0x2c5421fa,0
14030,0x55555556750e,0x2c5421fb,0
14031,0x55555556750e,0x2c5421fc,0
14032,0x55555556750e,0x2c5421fd,0
14033,0x55555556750e,0x2c5421fe,0
14034,0x555555567525,0x2c5421ff,0
14035,0x555555567525,0x1a893fc0,0
14036,0x555555567525,0x1a893fc1,0
14037,0x55555556750e,0x1a893fc2,0
14038,0x55555556750e,0x1a893fc3,0
14039,0x555555567525,0x1a893fc4,0
14040,0x55555556750e,0x1a893fc5,0
14041,0x555555567525,0x1a893fc6,0
14042,0x55555556750e,0x1a893fc7,0
14043,0x555555567525,0x1a893fc8,0
14044,0x55555556750e,0x1a893fc9,0
14045,0x55555556750e,0x1a893fca,0
14046,0x55555556750e,0x1a893fcb,0
14047,0x55555556750e,0x1a893fcc,0
14048,0x55555556750e,0x1a893fcd,0
14049,0x55555556750e,0x1a893fce,0
14050,0x55555556750e,0x1a893fcf,0
14051,0x555555567525,0x1a893fd0,0
14052,0x555555567525,0x1a893fd1,0
14053,0x555555567525,0x1a893fd2,0
14054,0x55555556750e,0x1a893fd3,0
14055,0x555555567525,0x1a893fd4,0
14056,0x555555567525,0x1a893fd5,0
14057,0x555555567525,0x1a893fd6,0
14058,0x55555556750e,0x1a893fd7,0
14059,0x55555556750e,0x1a893fd8,0
14060,0x55555556750e,0x1a893fd9,0
14061,0x55555556750e,0x1a893fda,0
14062,0x55555556750e,0x1a893fdb,0
14063,0x555555567525,0x1a893fdc,0
14064,0x55555556750e,0x1a893fdd,0
14065,0x55555556750e,0x1a893fde,0
14066,0x555555567525,0x1a893fdf,0
14067,0x55555556750e,0x1a893fe0,0
14068,0x55555556750e,0x1a893fe1,0
14069,0x55555556750e,0x1a893fe2,0
14070,0x55555556750e,0x1a893fe3,0
14071,0x555555567525,0x1a893fe4,0
14072,0x55555556750e,0x1a893fe5,0
14073,0x555555567525,0x1a893fe6,0
14074,0x55555556750e,0x1a893fe7,0
14075,0x555555567525,0x1a893fe8,0
14076,0x55555556750e,0x1a893fe9,0
14077,0x555555567525,0x1a893fea,0
14078,0x55555556750e,0x1a893feb,0
14079,0x55555556750e,0x1a893fec,0
14080,0x55555556750e,0x1a893fed,0
14081,0x55555556750e,0x1a893fee,0
14082,0x55555556750e,0x1a893fef,0
14083,0x55555556750e,0x1a893ff0,0
14084,0x555555567525,0x1a893ff1,0
14085,0x555555567525,0x1a893ff2,0
14086,0x55555556750e,0x1a893ff3,0
14087,0x555555567525,0x1a893ff4,0
14088,0x55555556750e,0x1a893ff5,0
14089,0x555555567525,0x1a893ff6,0
14090,0x55555556750e,0x1a893ff7,0
14091,0x55555556750e,0x1a893ff8,0
14092,0x55555556750e,0x1a893ff9,0
14093,0x555555567525,0x1a893ffa,0
14094,0x55555556750e,0x1a893ffb,0
14095,0x555555567525,0x1a893ffc,0
14096,0x55555556750e,0x1a893ffd,0
14097,0x55555556750e,0x1a893ffe,0
14098,0x55555556750e,0x1a893fff,0
14099,0x555555567525,0x163fc3c0,0
14100,0x555555567525,0x163fc3c1,0
14101,0x55555556750e,0x163fc3c2,0
14102,0x555555567525,0x163fc3c3,0
14103,0x55555556750e,0x163fc3c4,0
14104,0x555555567525,0x163fc3c5,0
14105,0x555555567525,0x163fc3c6,0
14106,0x55555556750e,0x163fc3c7,0
14107,0x55555556750e,0x163fc3c8,0
14108,0x55555556750e,0x163fc3c9,0
14109,0x555555567525,0x163fc3ca,0
14110,0x555555567525,0x163fc3cb,0
14111,0x55555556750e,0x163fc3cc,0
14112,0x555555567525,0x163fc3cd,0
14113,0x55555556750e,0x163fc3ce,0
14114,0x555555567525,0x163fc3cf,0
14115,0x555555567525,0x163fc3d0,0
14116,0x555555567525,0x163fc3d1,0
14117,0x55555556750e,0x163fc3d2,0
14118,0x55555556750e,0x163fc3d3,0
14119,0x55555556750e,0x163fc3d4,0
14120,0x55555556750e,0x163fc3d5,0
14121,0x55555556750e,0x163fc3d6,0
14122,0x55555556750e,0x163fc3d7,0
14123,0x55555556750e,0x163fc3d8,0
14124,0x55555556750e,0x163fc3d9,0
14125,0x555555567525,0x163fc3da,0
14126,0x55555556750e,0x163fc3db,0
14127,0x555555567525,0x163fc3dc,0
14128,0x55555556750e,0x163fc3dd,0
14129,0x55555556750e,0x163fc3de,0
14130,0x55555556750e,0x163fc3df,0
14131,0x555555567525,0x163fc3e0,0
14132,0x55555556750e,0x163fc3e1,0
14133,0x555555567525,0x163fc3e2,0
14134,0x55555556750e,0x163fc3e3,0
14135,0x55555556750e,0x163fc3e4,0
14136,0x55555556750e,0x163fc3e5,0
14137,0x555555567525,0x163fc3e6,0
14138,0x555555567525,0x163fc3e7,0
14139,0x55555556750e,0x163fc3e8,0
14140,0x555555567525,0x163fc3e9,0
14141,0x55555556750e,0x163fc3ea,0
14142,0x55555556750e,0x163fc3eb,0
14143,0x555555567525,0x163fc3ec,0
14144,0x55555556750e,0x163fc3ed,0
14145,0x555555567525,0x163fc3ee,0
14146,0x55555556750e,0x163fc3ef,0
14147,0x555555567525,0x163fc3f0,0
14148,0x55555556750e,0x163fc3f1,0
14149,0x555555567525,0x163fc3f2,0
14150,0x555555567525,0x163fc3f3,0
14151,0x55555556750e,0x163fc3f4,0
14152,0x55555556750e,0x163fc3f5,0
14153,0x55555556750e,0x163fc3f6,0
14154,0x555555567525,0x163fc3f7,0
14155,0x555555567525,0x163fc3f8,0
14156,0x55555556750e,0x163fc3f9,0
14157,0x555555567525,0x163fc3fa,0
14158,0x55555556750e,0x163fc3fb,0
14159,0x555555567525,0x163fc3fc,0
14160,0x555555567525,0x163fc3fd,0
14161,0x55555556750e,0x163fc3fe,0
14162,0x55555556750e,0x163fc3ff,0
14163,0x555555567525,0x15983e40,0
14164,0x555555567525,0x15983e41,0
14165,0x55555556750e,0x15983e42,0
14166,0x555555567525,0x15983e43,0
14167,0x55555556750e,0x15983e44,0
14168,0x55555556750e,0x15983e45,0
14169,0x555555567525,0x15983e46,0
14170,0x555555567525,0x15983e47,0
14171,0x555555567525,0x15983e48,0
14172,0x555555567525,0x15983e49,0
14173,0x555555567525,0x15983e4a,0
14174,0x55555556750e,0x15983e4b,0
14175,0x555555567525,0x15983e4c,0
14176,0x55555556750e,0x15983e4d,0
14177,0x555555567525,0x15983e4e,0
14178,0x55555556750e,0x15983e4f,0
14179,0x55555556750e,0x15983e50,0
14180,0x555555567525,0x15983e51,0
14181,0x555555567525,0x15983e52,0
14182,0x55555556750e,0x15983e53,0
14183,0x555555567525,0x15983e54,0
14184,0x55555556750e,0x15983e55,0
14185,0x555555567525,0x15983e56,0
14186,0x555555567525,0x15983e57,0
14187,0x55555556750e,0x15983e58,0
14188,0x555555567525,0x15983e59,0
14189,0x55555556750e,0x15983e5a,0
14190,0x555555567525,0x15983e5b,0
14191,0x555555567525,0x15983e5c,0
14192,0x55555556750e,0x15983e5d,0
14193,0x555555567525,0x15983e5e,0
14194,0x55555556750e,0x15983e5f,0
14195,0x555555567525,0x15983e60,0
14196,0x55555556750e,0x15983e61,0
14197,0x55555556750e,0x15983e62,0
14198,0x55555556750e,0x15983e63,0
14199,0x55555556750e,0x15983e64,0
14200,0x55555556750e,0x15983e65,0
14201,0x555555567525,0x15983e66,0
14202,0x555555567525,0x15983e67,0
14203,0x555555567525,0x15983e68,0
14204,0x55555556750e,0x15983e69,0
14205,0x55555556750e,0x15983e6a,0
14206,0x55555556750e,0x15983e6b,0
14207,0x55555556750e,0x15983e6c,0
14208,0x55555556750e,0x15983e6d,0
14209,0x55555556750e,0x15983e6e,0
14210,0x55555556750e,0x15983e6f,0
14211,0x55555556750e,0x15983e70,0
14212,0x555555567525,0x15983e71,0
14213,0x55555556750e,0x15983e72,0
14214,0x55555556750e,0x15983e73,0
14215,0x55555556750e,0x15983e74,0
14216,0x55555556750e,0x15983e75,0
14217,0x55555556750e,0x15983e76,0
14218,0x55555556750e,0x15983e77,0
14219,0x555555567525,0x15983e78,0
14220,0x55555556750e,0x15983e79,0
14221,0x55555556750e,0x15983e7a,0
14222,0x55555556750e,0x15983e7b,0
14223,0x555555567525,0x15983e7c,0
14224,0x555555567525,0x15983e7d,0
14225,0x55555556750e,0x15983e7e,0
14226,0x55555556750e,0x15983e7f,0
14227,0x555555567525,0x337daf00,0
14228,0x555555567525,0x337daf01,0
14229,0x55555556750e,0x337daf02,0
14230,0x55555556750e,0x337daf03,0
14231,0x55555556750e,0x337daf04,0
14232,0x55555556750e,0x337daf05,0
14233,0x555555567525,0x337daf06,0
14234,0x555555567525,0x337daf07,0
14235,0x55555556750e,0x337daf08,0
14236,0x55555556750e,0x337daf09,0
14237,0x555555567525,0x337daf0a,0
14238,0x55555556750e,0x337daf0b,0
14239,0x555555567525,0x337daf0c,0
14240,0x55555556750e,0x337daf0d,0
14241,0x55555556750e,0x337daf0e,0
14242,0x555555567525,0x337daf0f,0
14243,0x555555567525,0x337daf10,0
14244,0x55555556750e,0x337daf11,0
14245,0x555555567525,0x337daf12,0
14246,0x555555567525,0x337daf13,0
14247,0x55555556750e,0x337daf14,0
14248,0x55555556750e,0x337daf15,0
14249,0x555555567525,0x337daf16,0
14250,0x555555567525,0x337daf17,0
14251,0x55555556750e,0x337daf18,0
14252,0x555555567525,0x337daf19,0
14253,0x55555556750e,0x337daf1a,0
14254,0x55555556750e,0x337daf1b,0
14255,0x55555556750e,0x337daf1c,0
14256,0x55555556750e,0x337daf1d,0
14257,0x555555567525,0x337daf1e,0
14258,0x55555556750e,0x337daf1f,0
14259,0x555555567525,0x337daf20,0
14260,0x555555567525,0x337daf21,0
14261,0x55555556750e,0x337daf22,0
14262,0x555555567525,0x337daf23,0
14263,0x55555556750e,0x337daf24,0
14264,0x55555556750e,0x337daf25,0
14265,0x55555556750e,0x337daf26,0
14266,0x555555567525,0x337daf27,0
14267,0x55555556750e,0x337daf28,0
14268,0x555555567525,0x337daf29,0
14269,0x55555556750e,0x337daf2a,0
14270,0x55555556750e,0x337daf2b,0
14271,0x55555556750e,0x337daf2c,0
14272,0x555555567525,0x337daf2d,0
14273,0x555555567525,0x337daf2e,0
14274,0x55555556750e,0x337daf2f,0
14275,0x555555567525,0x337daf30,0
14276,0x555555567525,0x337daf31,0
14277,0x555555567525,0x337daf32,0
14278,0x55555556750e,0x337daf33,0
14279,0x555555567525,0x337daf34,0
14280,0x55555556750e,0x337daf35,0
14281,0x555555567525,0x337daf36,0
14282,0x55555556750e,0x337daf37,0
14283,0x555555567525,0x337daf38,0
14284,0x55555556750e,0x337daf39,0
14285,0x555555567525,0x337daf3a,0
14286,0x55555556750e,0x337daf3b,0
14287,0x555555567525,0x337daf3c,0
14288,0x555555567525,0x337daf3d,0
14289,0x55555556750e,0x337daf3e,0
14290,0x555555567525,0x337daf3f,0
14291,0x55555556750e,0x2e173c40,0
14292,0x555555567525,0x2e173c41,0
14293,0x55555556750e,0x2e173c42,0
14294,0x55555556750e,0x2e173c43,0
14295,0x55555556750e,0x2e173c44,0
14296,0x55555556750e,0x2e173c45,0
14297,0x55555556750e,0x2e173c46,0
14298,0x555555567525,0x2e173c47,0
14299,0x55555556750e,0x2e173c48,0
14300,0x55555556750e,0x2e173c49,0
14301,0x55555556750e,0x2e173c4a,0
14302,0x555555567525,0x2e173c4b,0
14303,0x55555556750e,0x2e173c4c,0
14304,0x55555556750e,0x2e173c4d,0
14305,0x55555556750e,0x2e173c4e,0
14306,0x555555567525,0x2e173c4f,0
14307,0x55555556750e,0x2e173c50,0
14308,0x555555567525,0x2e173c51,0
14309,0x555555567525,0x2e173c52,0
14310,0x55555556750e,0x2e173c53,0
14311,0x555555567525,0x2e173c54,0
14312,0x55555556750e,0x2e173c55,0
14313,0x55555556750e,0x2e173c56,0
14314,0x55555556750e,0x2e173c57,0
14315,0x55555556750e,0x2e173c58,0
14316,0x555555567525,0x2e173c59,0
14317,0x55555556750e,0x2e173c5a,0
14318,0x555555567525,0x2e173c5b,0
14319,0x555555567525,0x2e173c5c,0
14320,0x55555556750e,0x2e173c5d,0
14321,0x555555567525,0x2e173c5e,0
14322,0x55555556750e,0x2e173c5f,0
14323,0x55555556750e,0x2e173c60,0
14324,0x55555556750e,0x2e173c61,0
14325,0x55555556750e,0x2e173c62,0
14326,0x55555556750e,0x2e173c63,0
14327,0x55555556750e,0x2e173c64,0
14328,0x55555556750e,0x2e173c65,0
14329,0x55555556750e,0x2e173c66,0
14330,0x555555567525,0x2e173c67,0
14331,0x55555556750e,0x2e173c68,0
14332,0x55555556750e,0x2e173c69,0
14333,0x55555556750e,0x2e173c6a,0
14334,0x55555556750e,0x2e173c6b,0
14335,0x55555556750e,0x2e173c6c,0
14336,0x555555567525,0x2e173c6d,0
14337,0x55555556750e,0x2e173c6e,0
14338,0x55555556750e,0x2e173c6f,0
14339,0x55555556750e,0x2e173c70,0
14340,0x555555567525,0x2e173c71,0
14341,0x55555556750e,0x2e173c72,0
14342,0x55555556750e,0x2e173c73,0
14343,0x55555556750e,0x2e173c74,0
14344,0x555555567525,0x2e173c75,0
14345,0x55555556750e,0x2e173c76,0
14346,0x55555556750e,0x2e173c77,0
14347,0x555555567525,0x2e173c78,0
14348,0x55555556750e,0x2e173c79,0
14349,0x55555556750e,0x2e173c7a,0
14350,0x555555567525,0x2e173c7b,0
14351,0x555555567525,0x2e173c7c,0
14352,0x55555556750e,0x2e173c7d,0
14353,0x55555556750e,0x2e173c7e,0
14354,0x55555556750e,0x2e173c7f,0
14355,0x55555556750e,0x250bce00,0
14356,0x555555567525,0x250bce01,0
14357,0x55555556750e,0x250bce02,0
14358,0x555555567525,0x250bce03,0
14359,0x55555556750e,0x250bce04,0
14360,0x55555556750e,0x250bce05,0
14361,0x55555556750e,0x250bce06,0
14362,0x555555567525,0x250bce07,0
14363,0x55555556750e,0x250bce08,0
14364,0x55555556750e,0x250bce09,0
14365,0x55555556750e,0x250bce0a,0
14366,0x55555556750e,0x250bce0b,0
14367,0x555555567525,0x250bce0c,0
14368,0x55555556750e,0x250bce0d,0
14369,0x555555567525,0x250bce0e,0
14370,0x55555556750e,0x250bce0f,0
14371,0x555555567525,0x250bce10,0
14372,0x555555567525,0x250bce11,0
14373,0x55555556750e,0x250bce12,0
14374,0x55555556750e,0x250bce13,0
14375,0x555555567525,0x250bce14,0
14376,0x55555556750e,0x250bce15,0
14377,0x55555556750e,0x250bce16,0
14378,0x55555556750e,0x250bce17,0
14379,0x55555556750e,0x250bce18,0
14380,0x555555567525,0x250bce19,0
14381,0x55555556750e,0x250bce1a,0
14382,0x55555556750e,0x250bce1b,0
14383,0x555555567525,0x250bce1c,0
14384,0x555555567525,0x250bce1d,0
14385,0x55555556750e,0x250bce1e,0
14386,0x555555567525,0x250bce1f,0
14387,0x555555567525,0x250bce20,0
14388,0x555555567525,0x250bce21,0
14389,0x55555556750e,0x250bce22,0
14390,0x555555567525,0x250bce23,0
14391,0x55555556750e,0x250bce24,0
14392,0x555555567525,0x250bce25,0
14393,0x555555567525,0x250bce26,0
14394,0x555555567525,0x250bce27,0
14395,0x555555567525,0x250bce28,0
14396,0x55555556750e,0x250bce29,0
14397,0x55555556750e,0x250bce2a,0
14398,0x55555556750e,0x250bce2b,0
14399,0x55555556750e,0x250bce2c,0
14400,0x55555556750e,0x250bce2d,0
14401,0x555555567525,0x250bce2e,0
14402,0x55555556750e,0x250bce2f,0
14403,0x55555556750e,0x250bce30,0
14404,0x555555567525,0x250bce31,0
14405,0x55555556750e,0x250bce32,0
14406,0x555555567525,0x250bce33,0
14407,0x55555556750e,0x250bce34,0
14408,0x555555567525,0x250bce35,0
14409,0x555555567525,0x250bce36,0
14410,0x55555556750e,0x250bce37,0
14411,0x555555567525,0x250bce38,0
14412,0x55555556750e,0x250bce39,0
14413,0x555555567525,0x250bce3a,0
14414,0x55555556750e,0x250bce3b,0
14415,0x555555567525,0x250bce3c,0
14416,0x555555567525,0x250bce3d,0
14417,0x55555556750e,0x250bce3e,0
14418,0x555555567525,0x250bce3f,0
14419,0x555555567525,0xfc2ebc0,0
14420,0x555555567525,0xfc2ebc1,0
14421,0x55555556750e,0xfc2ebc2,0
14422,0x55555556750e,0xfc2ebc3,0
14423,0x55555556750e,0xfc2ebc4,0
14424,0x555555567525,0xfc2ebc5,0
14425,0x555555567525,0xfc2ebc6,0
14426,0x555555567525,0xfc2ebc7,0
14427,0x555555567525,0xfc2ebc8,0
14428,0x55555556750e,0xfc2ebc9,0
14429,0x55555556750e,0xfc2ebca,0
14430,0x555555567525,0xfc2ebcb,0
14431,0x555555567525,0xfc2ebcc,0
14432,0x55555556750e,0xfc2ebcd,0
14433,0x555555567525,0xfc2ebce,0
14434,0x55555556750e,0xfc2ebcf,0
14435,0x55555556750e,0xfc2ebd0,0
14436,0x55555556750e,0xfc2ebd1,0
14437,0x555555567525,0xfc2ebd2,0
14438,0x55555556750e,0xfc2ebd3,0
14439,0x555555567525,0xfc2ebd4,0
14440,0x555555567525,0xfc2ebd5,0
14441,0x55555556750e,0xfc2ebd6,0
14442,0x555555567525,0xfc2ebd7,0
14443,0x55555556750e,0xfc2ebd8,0
14444,0x55555556750e,0xfc2ebd9,0
14445,0x55555556750e,0xfc2ebda,0
14446,0x555555567525,0xfc2ebdb,0
14447,0x555555567525,0xfc2ebdc,0
14448,0x555555567525,0xfc2ebdd,0
14449,0x55555556750e,0xfc2ebde,0
14450,0x555555567525,0xfc2ebdf,0
14451,0x55555556750e,0xfc2ebe0,0
14452,0x55555556750e,0xfc2ebe1,0
14453,0x55555556750e,0xfc2ebe2,0
14454,0x55555556750e,0xfc2ebe3,0
14455,0x55555556750e,0xfc2ebe4,0
14456,0x55555556750e,0xfc2ebe5,0
14457,0x555555567525,0xfc2ebe6,0
14458,0x555555567525,0xfc2ebe7,0
14459,0x555555567525,0xfc2ebe8,0
14460,0x55555556750e,0xfc2ebe9,0
14461,0x555555567525,0xfc2ebea,0
14462,0x555555567525,0xfc2ebeb,0
14463,0x55555556750e,0xfc2ebec,0
14464,0x55555556750e,0xfc2ebed,0
14465,0x55555556750e,0xfc2ebee,0
14466,0x55555556750e,0xfc2ebef,0
14467,0x555555567525,0xfc2ebf0,0
14468,0x555555567525,0xfc2ebf1,0
14469,0x55555556750e,0xfc2ebf2,0
14470,0x55555556750e,0xfc2ebf3,0
14471,0x555555567525,0xfc2ebf4,0
14472,0x555555567525,0xfc2ebf5,0
14473,0x55555556750e,0xfc2ebf6,0
14474,0x555555567525,0xfc2ebf7,0
14475,0x555555567525,0xfc2ebf8,0
14476,0x55555556750e,0xfc2ebf9,0
14477,0x55555556750e,0xfc2ebfa,0
14478,0x55555556750e,0xfc2ebfb,0
14479,0x555555567525,0xfc2ebfc,0
14480,0x555555567525,0xfc2ebfd,0
14481,0x55555556750e,0xfc2ebfe,0
14482,0x55555556750e,0xfc2ebff,0
14483,0x55555556750e,0x17040440,0
14484,0x55555556750e,0x17040441,0
14485,0x55555556750e,0x17040442,0
14486,0x555555567525,0x17040443,0
14487,0x555555567525,0x17040444,0
14488,0x555555567525,0x17040445,0
14489,0x55555556750e,0x17040446,0
14490,0x555555567525,0x17040447,0
14491,0x555555567525,0x17040448,0
14492,0x55555556750e,0x17040449,0
14493,0x555555567525,0x1704044a,0
14494,0x55555556750e,0x1704044b,0
14495,0x55555556750e,0x1704044c,0
14496,0x55555556750e,0x1704044d,0
14497,0x555555567525,0x1704044e,0
14498,0x55555556750e,0x1704044f,0
14499,0x555555567525,0x17040450,0
14500,0x555555567525,0x17040451,0
14501,0x55555556750e,0x17040452,0
14502,0x55555556750e,0x17040453,0
14503,0x55555556750e,0x17040454,0
14504,0x55555556750e,0x17040455,0
14505,0x55555556750e,0x17040456,0
14506,0x55555556750e,0x17040457,0
14507,0x55555556750e,0x17040458,0
14508,0x55555556750e,0x17040459,0
14509,0x55555556750e,0x1704045a,0
14510,0x55555556750e,0x1704045b,0
14511,0x555555567525,0x1704045c,0
14512,0x55555556750e,0x1704045d,0
14513,0x555555567525,0x1704045e,0
14514,0x55555556750e,0x1704045f,0
14515,0x55555556750e,0x17040460,0
14516,0x55555556750e,0x17040461,0
14517,0x555555567525,0x17040462,0
14518,0x55555556750e,0x17040463,0
14519,0x555555567525,0x17040464,0
14520,0x55555556750e,0x17040465,0
14521,0x55555556750e,0x17040466,0
14522,0x55555556750e,0x17040467,0
14523,0x555555567525,0x17040468,0
14524,0x55555556750e,0x17040469,0
14525,0x555555567525,0x1704046a,0
14526,0x55555556750e,0x1704046b,0
14527,0x55555556750e,0x1704046c,0
14528,0x55555556750e,0x1704046d,0
14529,0x55555556750e,0x1704046e,0
14530,0x555555567525,0x1704046f,0
14531,0x55555556750e,0x17040470,0
14532,0x555555567525,0x17040471,0
14533,0x555555567525,0x17040472,0
14534,0x55555556750e,0x17040473,0
14535,0x555555567525,0x17040474,0
14536,0x55555556750e,0x17040475,0
14537,0x55555556750e,0x17040476,0
14538,0x55555556750e,0x17040477,0
14539,0x555555567525,0x17040478,0
14540,0x55555556750e,0x17040479,0
14541,0x55555556750e,0x1704047a,0
14542,0x55555556750e,0x1704047b,0
14543,0x555555567525,0x1704047c,0
14544,0x555555567525,0x1704047d,0
14545,0x55555556750e,0x1704047e,0
14546,0x55555556750e,0x1704047f,0
14547,0x555555567525,0x26fcccc0,0
14548,0x55555556750e,0x26fcccc1,0
14549,0x555555567525,0x26fcccc2,0
14550,0x55555556750e,0x26fcccc3,0
14551,0x55555556750e,0x26fcccc4,0
14552,0x555555567525,0x26fcccc5,0
14553,0x555555567525,0x26fcccc6,0
14554,0x555555567525,0x26fcccc7,0
14555,0x55555556750e,0x26fcccc8,0
14556,0x555555567525,0x26fcccc9,0
14557,0x55555556750e,0x26fcccca,0
14558,0x555555567525,0x26fccccb,0
14559,0x555555567525,0x26fccccc,0
14560,0x555555567525,0x26fccccd,0
14561,0x55555556750e,0x26fcccce,0
14562,0x55555556750e,0x26fccccf,0
14563,0x55555556750e,0x26fcccd0,0
14564,0x555555567525,0x26fcccd1,0
14565,0x555555567525,0x26fcccd2,0
14566,0x55555556750e,0x26fcccd3,0
14567,0x555555567525,0x26fcccd4,0
14568,0x55555556750e,0x26fcccd5,0
14569,0x55555556750e,0x26fcccd6,0
14570,0x55555556750e,0x26fcccd7,0
14571,0x555555567525,0x26fcccd8,0
14572,0x55555556750e,0x26fcccd9,0
14573,0x555555567525,0x26fcccda,0
14574,0x55555556750e,0x26fcccdb,0
14575,0x555555567525,0x26fcccdc,0
14576,0x55555556750e,0x26fcccdd,0
14577,0x555555567525,0x26fcccde,0
14578,0x55555556750e,0x26fcccdf,0
14579,0x555555567525,0x26fccce0,0
14580,0x555555567525,0x26fccce1,0
14581,0x55555556750e,0x26fccce2,0
14582,0x55555556750e,0x26fccce3,0
14583,0x555555567525,0x26fccce4,0
14584,0x555555567525,0x26fccce5,0
14585,0x55555556750e,0x26fccce6,0
14586,0x555555567525,0x26fccce7,0
14587,0x555555567525,0x26fccce8,0
14588,0x55555556750e,0x26fccce9,0
14589,0x555555567525,0x26fcccea,0
14590,0x555555567525,0x26fccceb,0
14591,0x555555567525,0x26fcccec,0
14592,0x55555556750e,0x26fccced,0
14593,0x555555567525,0x26fcccee,0
14594,0x55555556750e,0x26fcccef,0
14595,0x55555556750e,0x26fcccf0,0
14596,0x555555567525,0x26fcccf1,0
14597,0x555555567525,0x26fcccf2,0
14598,0x55555556750e,0x26fcccf3,0
14599,0x55555556750e,0x26fcccf4,0
14600,0x55555556750e,0x26fcccf5,0
14601,0x555555567525,0x26fcccf6,0
14602,0x55555556750e,0x26fcccf7,0
14603,0x55555556750e,0x26fcccf8,0
14604,0x55555556750e,0x26fcccf9,0
14605,0x55555556750e,0x26fcccfa,0
14606,0x555555567525,0x26fcccfb,0
14607,0x55555556750e,0x26fcccfc,0
14608,0x55555556750e,0x26fcccfd,0
14609,0x55555556750e,0x26fcccfe,0
14610,0x555555567525,0x26fcccff,0
14611,0x555555567525,0xc8104c0,0
14612,0x555555567525,0xc8104c1,0
14613,0x555555567525,0xc8104c2,0
14614,0x555555567525,0xc8104c3,0
14615,0x55555556750e,0xc8104c4,0
14616,0x555555567525,0xc8104c5,0
14617,0x555555567525,0xc8104c6,0
14618,0x555555567525,0xc8104c7,0
14619,0x55555556750e,0xc8104c8,0
14620,0x55555556750e,0xc8104c9,0
14621,0x55555556750e,0xc8104ca,0
14622,0x55555556750e,0xc8104cb,0
14623,0x55555556750e,0xc8104cc,0
14624,0x55555556750e,0xc8104cd,0
14625,0x55555556750e,0xc8104ce,0
14626,0x55555556750e,0xc8104cf,0
14627,0x55555556750e,0xc8104d0,0
14628,0x55555556750e,0xc8104d1,0
14629,0x55555556750e,0xc8104d2,0
14630,0x55555556750e,0xc8104d3,0
14631,0x55555556750e,0xc8104d4,0
14632,0x555555567525,0xc8104d5,0
14633,0x55555556750e,0xc8104d6,0
14634,0x555555567525,0xc8104d7,0
14635,0x55555556750e,0xc8104d8,0
14636,0x55555556750e,0xc8104d9,0
14637,0x555555567525,0xc8104da,0
14638,0x55555556750e,0xc8104db,0
14639,0x555555567525,0xc8104dc,0
14640,0x55555556750e,0xc8104dd,0
14641,0x55555556750e,0xc8104de,0
14642,0x55555556750e,0xc8104df,0
14643,0x55555556750e,0xc8104e0,0
14644,0x555555567525,0xc8104e1,0
14645,0x555555567525,0xc8104e2,0
14646,0x55555556750e,0xc8104e3,0
14647,0x555555567525,0xc8104e4,0
14648,0x55555556750e,0xc8104e5,0
14649,0x55555556750e,0xc8104e6,0
14650,0x55555556750e,0xc8104e7,0
14651,0x555555567525,0xc8104e8,0
14652,0x555555567525,0xc8104e9,0
14653,0x55555556750e,0xc8104ea,0
14654,0x55555556750e,0xc8104eb,0
14655,0x55555556750e,0xc8104ec,0
14656,0x55555556750e,0xc8104ed,0
14657,0x55555556750e,0xc8104ee,0
14658,0x55555556750e,0xc8104ef,0
14659,0x555555567525,0xc8104f0,0
14660,0x555555567525,0xc8104f1,0
14661,0x55555556750e,0xc8104f2,0
14662,0x55555556750e,0xc8104f3,0
14663,0x555555567525,0xc8104f4,0
14664,0x55555556750e,0xc8104f5,0
14665,0x555555567525,0xc8104f6,0
14666,0x55555556750e,0xc8104f7,0
14667,0x55555556750e,0xc8104f8,0
14668,0x55555556750e,0xc8104f9,0
14669,0x555555567525,0xc8104fa,0
14670,0x55555556750e,0xc8104fb,0
14671,0x555555567525,0xc8104fc,0
14672,0x555555567525,0xc8104fd,0
14673,0x55555556750e,0xc8104fe,0
14674,0x555555567525,0xc8104ff,0
14675,0x555555567525,0x4de5bc0,0
14676,0x555555567525,0x4de5bc1,0
14677,0x55555556750e,0x4de5bc2,0
14678,0x55555556750e,0x4de5bc3,0
14679,0x555555567525,0x4de5bc4,0
14680,0x555555567525,0x4de5bc5,0
14681,0x55555556750e,0x4de5bc6,0
14682,0x555555567525,0x4de5bc7,0
14683,0x55555556750e,0x4de5bc8,0
14684,0x55555556750e,0x4de5bc9,0
14685,0x55555556750e,0x4de5bca,0
14686,0x55555556750e,0x4de5bcb,0
14687,0x55555556750e,0x4de5bcc,0
14688,0x55555556750e,0x4de5bcd,0
14689,0x55555556750e,0x4de5bce,0
14690,0x555555567525,0x4de5bcf,0
14691,0x55555556750e,0x4de5bd0,0
14692,0x555555567525,0x4de5bd1,0
14693,0x55555556750e,0x4de5bd2,0
14694,0x55555556750e,0x4de5bd3,0
14695,0x55555556750e,0x4de5bd4,0
14696,0x555555567525,0x4de5bd5,0
14697,0x55555556750e,0x4de5bd6,0
14698,0x55555556750e,0x4de5bd7,0
14699,0x55555556750e,0x4de5bd8,0
14700,0x55555556750e,0x4de5bd9,0
14701,0x55555556750e,0x4de5bda,0
14702,0x555555567525,0x4de5bdb,0
14703,0x55555556750e,0x4de5bdc,0
14704,0x555555567525,0x4de5bdd,0
14705,0x55555556750e,0x4de5bde,0
14706,0x55555556750e,0x4de5bdf,0
14707,0x55555556750e,0x4de5be0,0
14708,0x55555556750e,0x4de5be1,0
14709,0x55555556750e,0x4de5be2,0
14710,0x55555556750e,0x4de5be3,0
14711,0x555555567525,0x4de5be4,0
14712,0x55555556750e,0x4de5be5,0
14713,0x555555567525,0x4de5be6,0
14714,0x55555556750e,0x4de5be7,0
14715,0x55555556750e,0x4de5be8,0
14716,0x55555556750e,0x4de5be9,0
14717,0x55555556750e,0x4de5bea,0
14718,0x55555556750e,0x4de5beb,0
14719,0x55555556750e,0x4de5bec,0
14720,0x55555556750e,0x4de5bed,0
14721,0x55555556750e,0x4de5bee,0
14722,0x555555567525,0x4de5bef,0
14723,0x55555556750e,0x4de5bf0,0
14724,0x555555567525,0x4de5bf1,0
14725,0x55555556750e,0x4de5bf2,0
14726,0x55555556750e,0x4de5bf3,0
14727,0x55555556750e,0x4de5bf4,0
14728,0x55555556750e,0x4de5bf5,0
14729,0x55555556750e,0x4de5bf6,0
14730,0x55555556750e,0x4de5bf7,0
14731,0x555555567525,0x4de5bf8,0
14732,0x55555556750e,0x4de5bf9,0
14733,0x555555567525,0x4de5bfa,0
14734,0x555555567525,0x4de5bfb,0
14735,0x555555567525,0x4de5bfc,0
14736,0x55555556750e,0x4de5bfd,0
14737,0x55555556750e,0x4de5bfe,0
14738,0x55555556750e,0x4de5bff,0
14739,0x555555567525,0x34eaf640,0
14740,0x555555567525,0x34eaf641,0
14741,0x55555556750e,0x34eaf642,0
14742,0x555555567525,0x34eaf643,0
14743,0x55555556750e,0x34eaf644,0
14744,0x555555567525,0x34eaf645,0
14745,0x555555567525,0x34eaf646,0
14746,0x555555567525,0x34eaf647,0
14747,0x55555556750e,0x34eaf648,0
14748,0x55555556750e,0x34eaf649,0
14749,0x55555556750e,0x34eaf64a,0
14750,0x55555556750e,0x34eaf64b,0
14751,0x55555556750e,0x34eaf64c,0
14752,0x55555556750e,0x34eaf64d,0
14753,0x55555556750e,0x34eaf64e,0
14754,0x55555556750e,0x34eaf64f,0
14755,0x555555567525,0x34eaf650,0
14756,0x555555567525,0x34eaf651,0
14757,0x55555556750e,0x34eaf652,0
14758,0x555555567525,0x34eaf653,0
14759,0x55555556750e,0x34eaf654,0
14760,0x555555567525,0x34eaf655,0
14761,0x55555556750e,0x34eaf656,0
14762,0x55555556750e,0x34eaf657,0
14763,0x55555556750e,0x34eaf658,0
14764,0x555555567525,0x34eaf659,0
14765,0x55555556750e,0x34eaf65a,0
14766,0x555555567525,0x34eaf65b,0
14767,0x555555567525,0x34eaf65c,0
14768,0x55555556750e,0x34eaf65d,0
14769,0x555555567525,0x34eaf65e,0
14770,0x555555567525,0x34eaf65f,0
14771,0x555555567525,0x34eaf660,0
14772,0x55555556750e,0x34eaf661,0
14773,0x55555556750e,0x34eaf662,0
14774,0x55555556750e,0x34eaf663,0
14775,0x55555556750e,0x34eaf664,0
14776,0x555555567525,0x34eaf665,0
14777,0x55555556750e,0x34eaf666,0
14778,0x555555567525,0x34eaf667,0
14779,0x55555556750e,0x34eaf668,0
14780,0x55555556750e,0x34eaf669,0
14781,0x55555556750e,0x34eaf66a,0
14782,0x55555556750e,0x34eaf66b,0
14783,0x55555556750e,0x34eaf66c,0
14784,0x55555556750e,0x34eaf66d,0
14785,0x555555567525,0x34eaf66e,0
14786,0x55555556750e,0x34eaf66f,0
14787,0x555555567525,0x34eaf670,0
14788,0x555555567525,0x34eaf671,0
14789,0x55555556750e,0x34eaf672,0
14790,0x55555556750e,0x34eaf673,0
14791,0x55555556750e,0x34eaf674,0
14792,0x55555556750e,0x34eaf675,0
14793,0x55555556750e,0x34eaf676,0
14794,0x55555556750e,0x34eaf677,0
14795,0x55555556750e,0x34eaf678,0
14796,0x555555567525,0x34eaf679,0
14797,0x55555556750e,0x34eaf67a,0
14798,0x55555556750e,0x34eaf67b,0
14799,0x555555567525,0x34eaf67c,0
14800,0x55555556750e,0x34eaf67d,0
14801,0x555555567525,0x34eaf67e,0
14802,0x55555556750e,0x34eaf67f,0
14803,0x555555567525,0x28cd1540,0
14804,0x555555567525,0x28cd1541,0
14805,0x55555556750e,0x28cd1542,0
14806,0x55555556750e,0x28cd1543,0
14807,0x555555567525,0x28cd1544,0
14808,0x55555556750e,0x28cd1545,0
14809,0x555555567525,0x28cd1546,0
14810,0x55555556750e,0x28cd1547,0
14811,0x555555567525,0x28cd1548,0
14812,0x55555556750e,0x28cd1549,0
14813,0x555555567525,0x28cd154a,0
14814,0x55555556750e,0x28cd154b,0
14815,0x55555556750e,0x28cd154c,0
14816,0x55555556750e,0x28cd154d,0
14817,0x55555556750e,0x28cd154e,0
14818,0x555555567525,0x28cd154f,0
14819,0x55555556750e,0x28cd1550,0
14820,0x555555567525,0x28cd1551,0
14821,0x555555567525,0x28cd1552,0
14822,0x55555556750e,0x28cd1553,0
14823,0x555555567525,0x28cd1554,0
14824,0x55555556750e,0x28cd1555,0
14825,0x55555556750e,0x28cd1556,0
14826,0x55555556750e,0x28cd1557,0
14827,0x55555556750e,0x28cd1558,0
14828,0x55555556750e,0x28cd1559,0
14829,0x555555567525,0x28cd155a,0
14830,0x55555556750e,0x28cd155b,0
14831,0x555555567525,0x28cd155c,0
14832,0x55555556750e,0x28cd155d,0
14833,0x555555567525,0x28cd155e,0
14834,0x55555556750e,0x28cd155f,0
14835,0x55555556750e,0x28cd1560,0
14836,0x55555556750e,0x28cd1561,0
14837,0x555555567525,0x28cd1562,0
14838,0x55555556750e,0x28cd1563,0
14839,0x55555556750e,0x28cd1564,0
14840,0x55555556750e,0x28cd1565,0
14841,0x555555567525,0x28cd1566,0
14842,0x55555556750e,0x28cd1567,0
14843,0x555555567525,0x28cd1568,0
14844,0x55555556750e,0x28cd1569,0
14845,0x555555567525,0x28cd156a,0
14846,0x55555556750e,0x28cd156b,0
14847,0x555555567525,0x28cd156c,0
14848,0x55555556750e,0x28cd156d,0
14849,0x555555567525,0x28cd156e,0
14850,0x55555556750e,0x28cd156f,0
14851,0x555555567525,0x28cd1570,0
14852,0x555555567525,0x28cd1571,0
14853,0x555555567525,0x28cd1572,0
14854,0x55555556750e,0x28cd1573,0
14855,0x555555567525,0x28cd1574,0
14856,0x55555556750e,0x28cd1575,0
14857,0x555555567525,0x28cd1576,0
14858,0x55555556750e,0x28cd1577,0
14859,0x555555567525,0x28cd1578,0
14860,0x55555556750e,0x28cd1579,0
14861,0x555555567525,0x28cd157a,0
14862,0x55555556750e,0x28cd157b,0
14863,0x555555567525,0x28cd157c,0
14864,0x555555567525,0x28cd157d,0
14865,0x55555556750e,0x28cd157e,0
14866,0x55555556750e,0x28cd157f,0
14867,0x555555567525,0x2f284b80,0
14868,0x55555556750e,0x2f284b81,0
14869,0x555555567525,0x2f284b82,0
14870,0x555555567525,0x2f284b83,0
14871,0x55555556750e,0x2f284b84,0
14872,0x55555556750e,0x2f284b85,0
14873,0x55555556750e,0x2f284b86,0
14874,0x555555567525,0x2f284b87,0
14875,0x55555556750e,0x2f284b88,0
14876,0x55555556750e,0x2f284b89,0
14877,0x555555567525,0x2f284b8a,0
14878,0x55555556750e,0x2f284b8b,0
14879,0x55555556750e,0x2f284b8c,0
14880,0x55555556750e,0x2f284b8d,0
14881,0x55555556750e,0x2f284b8e,0
14882,0x55555556750e,0x2f284b8f,0
14883,0x55555556750e,0x2f284b90,0
14884,0x555555567525,0x2f284b91,0
14885,0x55555556750e,0x2f284b92,0
14886,0x55555556750e,0x2f284b93,0
14887,0x55555556750e,0x2f284b94,0
14888,0x55555556750e,0x2f284b95,0
14889,0x55555556750e,0x2f284b96,0
14890,0x55555556750e,0x2f284b97,0
14891,0x55555556750e,0x2f284b98,0
14892,0x55555556750e,0x2f284b99,0
14893,0x55555556750e,0x2f284b9a,0
14894,0x55555556750e,0x2f284b9b,0
14895,0x555555567525,0x2f284b9c,0
14896,0x55555556750e,0x2f284b9d,0
14897,0x55555556750e,0x2f284b9e,0
14898,0x55555556750e,0x2f284b9f,0
14899,0x555555567525,0x2f284ba0,0
14900,0x55555556750e,0x2f284ba1,0
14901,0x555555567525,0x2f284ba2,0
14902,0x55555556750e,0x2f284ba3,0
14903,0x55555556750e,0x2f284ba4,0
14904,0x55555556750e,0x2f284ba5,0
14905,0x555555567525,0x2f284ba6,0
14906,0x555555567525,0x2f284ba7,0
14907,0x555555567525,0x2f284ba8,0
14908,0x55555556750e,0x2f284ba9,0
14909,0x55555556750e,0x2f284baa,0
14910,0x55555556750e,0x2f284bab,0
14911,0x55555556750e,0x2f284bac,0
14912,0x55555556750e,0x2f284bad,0
14913,0x55555556750e,0x2f284bae,0
14914,0x55555556750e,0x2f284baf,0
14915,0x55555556750e,0x2f284bb0,0
14916,0x555555567525,0x2f284bb1,0
14917,0x555555567525,0x2f284bb2,0
14918,0x55555556750e,0x2f284bb3,0
14919,0x555555567525,0x2f284bb4,0
14920,0x55555556750e,0x2f284bb5,0
14921,0x555555567525,0x2f284bb6,0
14922,0x55555556750e,0x2f284bb7,0
14923,0x555555567525,0x2f284bb8,0
14924,0x555555567525,0x2f284bb9,0
14925,0x55555556750e,0x2f284bba,0
14926,0x55555556750e,0x2f284bbb,0
14927,0x555555567525,0x2f284bbc,0
14928,0x555555567525,0x2f284bbd,0
14929,0x55555556750e,0x2f284bbe,0
14930,0x555555567525,0x2f284bbf,0
14931,0x555555567525,0x3f499c40,0
14932,0x555555567525,0x3f499c41,0
14933,0x55555556750e,0x3f499c42,0
14934,0x55555556750e,0x3f499c43,0
14935,0x55555556750e,0x3f499c44,0
14936,0x55555556750e,0x3f499c45,0
14937,0x555555567525,0x3f499c46,0
14938,0x555555567525,0x3f499c47,0
14939,0x55555556750e,0x3f499c48,0
14940,0x555555567525,0x3f499c49,0
14941,0x55555556750e,0x3f499c4a,0
14942,0x55555556750e,0x3f499c4b,0
14943,0x55555556750e,0x3f499c4c,0
14944,0x55555556750e,0x3f499c4d,0
14945,0x555555567525,0x3f499c4e,0
14946,0x555555567525,0x3f499c4f,0
14947,0x555555567525,0x3f499c50,0
14948,0x55555556750e,0x3f499c51,0
14949,0x555555567525,0x3f499c52,0
14950,0x555555567525,0x3f499c53,0
14951,0x55555556750e,0x3f499c54,0
14952,0x55555556750e,0x3f499c55,0
14953,0x55555556750e,0x3f499c56,0
14954,0x555555567525,0x3f499c57,0
14955,0x55555556750e,0x3f499c58,0
14956,0x55555556750e,0x3f499c59,0
14957,0x55555556750e,0x3f499c5a,0
14958,0x55555556750e,0x3f499c5b,0
14959,0x555555567525,0x3f499c5c,0
14960,0x555555567525,0x3f499c5d,0
14961,0x55555556750e,0x3f499c5e,0
14962,0x55555556750e,0x3f499c5f,0
14963,0x55555556750e,0x3f499c60,0
14964,0x55555556750e,0x3f499c61,0
14965,0x555555567525,0x3f499c62,0
14966,0x55555556750e,0x3f499c63,0
14967,0x555555567525,0x3f499c64,0
14968,0x55555556750e,0x3f499c65,0
14969,0x555555567525,0x3f499c66,0
14970,0x555555567525,0x3f499c67,0
14971,0x555555567525,0x3f499c68,0
14972,0x55555556750e,0x3f499c69,0
14973,0x555555567525,0x3f499c6a,0
14974,0x555555567525,0x3f499c6b,0
14975,0x555555567525,0x3f499c6c,0
14976,0x555555567525,0x3f499c6d,0
14977,0x55555556750e,0x3f499c6e,0
14978,0x555555567525,0x3f499c6f,0
14979,0x55555556750e,0x3f499c70,0
14980,0x555555567525,0x3f499c71,0
14981,0x555555567525,0x3f499c72,0
14982,0x55555556750e,0x3f499c73,0
14983,0x55555556750e,0x3f499c74,0
14984,0x55555556750e,0x3f499c75,0
14985,0x555555567525,0x3f499c76,0
14986,0x55555556750e,0x3f499c77,0
14987,0x55555556750e,0x3f499c78,0
14988,0x55555556750e,0x3f499c79,0
14989,0x55555556750e,0x3f499c7a,0
14990,0x555555567525,0x3f499c7b,0
14991,0x555555567525,0x3f499c7c,0
14992,0x555555567525,0x3f499c7d,0
14993,0x55555556750e,0x3f499c7e,0
14994,0x555555567525,0x3f499c7f,0
14995,0x55555556750e,0x3041e140,0
14996,0x555555567525,0x3041e141,0
14997,0x55555556750e,0x3041e142,0
14998,0x555555567525,0x3041e143,0
14999,0x55555556750e,0x3041e144,0
15000,0x55555556750e,0x3041e145,0
15001,0x555555567525,0x3041e146,0
15002,0x55555556750e,0x3041e147,0
15003,0x555555567525,0x3041e148,0
15004,0x55555556750e,0x3041e149,0
15005,0x555555567525,0x3041e14a,0
15006,0x55555556750e,0x3041e14b,0
15007,0x55555556750e,0x3041e14c,0
15008,0x55555556750e,0x3041e14d,0
15009,0x55555556750e,0x3041e14e,0
15010,0x55555556750e,0x3041e14f,0
15011,0x55555556750e,0x3041e150,0
15012,0x555555567525,0x3041e151,0
15013,0x555555567525,0x3041e152,0
15014,0x55555556750e,0x3041e153,0
15015,0x55555556750e,0x3041e154,0
15016,0x555555567525,0x3041e155,0
15017,0x55555556750e,0x3041e156,0
15018,0x555555567525,0x3041e157,0
15019,0x55555556750e,0x3041e158,0
15020,0x55555556750e,0x3041e159,0
15021,0x555555567525,0x3041e15a,0
15022,0x555555567525,0x3041e15b,0
15023,0x55555556750e,0x3041e15c,0
15024,0x555555567525,0x3041e15d,0
15025,0x55555556750e,0x3041e15e,0
15026,0x555555567525,0x3041e15f,0
15027,0x55555556750e,0x3041e160,0
15028,0x555555567525,0x3041e161,0
15029,0x55555556750e,0x3041e162,0
15030,0x55555556750e,0x3041e163,0
15031,0x55555556750e,0x3041e164,0
15032,0x55555556750e,0x3041e165,0
15033,0x555555567525,0x3041e166,0
15034,0x55555556750e,0x3041e167,0
15035,0x555555567525,0x3041e168,0
15036,0x55555556750e,0x3041e169,0
15037,0x555555567525,0x3041e16a,0
15038,0x55555556750e,0x3041e16b,0
15039,0x55555556750e,0x3041e16c,0
15040,0x555555567525,0x3041e16d,0
15041,0x55555556750e,0x3041e16e,0
